TeamName,eFG%,Rk,eFG% Def,Rk,FTR,Rk,FTR Def,Rk,OR%,Rk,DR%,Rk,TO%,Rk,TO% Def.,Rk,3P%,rk,3pD%,rk,2p%,rk,2p%D,rk,ft%,rk,ft%D,rk,3P rate,rk,3P rate D,rk,arate,rk,arateD,rk
Ball St.,52.2,25,43.5,71,34.0,53,26.3,118,35.9,63,29.4,110,23.200000000000003,167,21.099999999999998,266,32.8,89,31.2,195,53.9,18,41.7,43,69.2,239,68.1,64,37.0,112,35.7,237,66.7,15,47.5,31,7.6,191,3.4,1
LSU,55.7,8,40.1,9,34.4,50,26.700000000000003,128,49.4,1,27.1,50,18.9,29,28.4,25,37.8,9,28.6,72,55.4,9,38.0,4,74.1,86,65.5,10,20.4,362,42.1,352,51.8,240,58.3,266,15.3,6,3.5,2
Texas,53.6,17,41.199999999999996,20,31.0,112,33.6,296,41.8,8,28.1,72,15.6,3,32.2,9,32.3,103,28.2,48,54.8,13,40.8,28,70.8,188,70.9,182,18.2,363,30.0,62,53.2,210,46.9,24,14.0,10,4.2,3
Western Illinois,49.7,65,44.5,123,37.0,21,27.400000000000002,146,26.700000000000003,303,26.8,47,17.1,8,22.1,215,33.8,65,30.3,151,49.3,84,44.0,117,78.3,14,74.5,321,25.6,331,34.7,203,47.3,323,45.7,12,8.9,115,4.2,4
Illinois Chicago,46.7,138,46.300000000000004,212,28.4,182,23.9,56,30.3,231,32.300000000000004,204,20.0,62,21.3,254,29.1,246,30.8,182,47.7,115,46.3,220,64.9,332,64.0,2,23.8,346,31.0,82,51.6,244,61.6,320,6.0,295,4.3,5
Rhode Island,46.1,156,42.8,48,30.9,120,18.8,11,33.0,125,24.8,11,18.0,21,22.8,191,29.4,216,29.1,98,47.1,125,42.5,63,75.9,49,73.5,283,32.7,214,30.0,59,52.3,228,47.2,28,8.7,131,4.4,6
St. Bonaventure,46.2,151,45.1,153,24.099999999999998,301,25.6,100,26.3,309,28.299999999999997,82,22.7,146,23.0,185,29.3,225,28.9,84,47.2,123,46.2,216,70.7,195,74.5,323,28.8,289,40.3,336,48.2,309,54.2,165,8.4,148,4.6,7
Michigan,53.2,20,44.7,133,34.9,44,31.2,254,42.6,6,27.1,51,19.0,35,30.2,10,33.9,61,31.2,194,54.3,17,43.5,96,66.5,301,73.7,294,30.3,262,35.9,252,54.2,193,58.1,259,10.5,57,4.9,8
Memphis,40.699999999999996,317,43.3,69,27.6,206,38.1,343,27.900000000000002,289,33.800000000000004,253,22.0,127,25.5,88,24.3,354,27.9,43,42.1,277,43.8,112,56.8,363,68.8,89,24.1,341,26.7,13,46.4,336,53.3,140,8.5,142,4.9,9
George Mason,45.300000000000004,177,43.0,53,27.1,221,31.8,268,31.6,175,31.5,179,19.7,53,27.400000000000002,40,33.7,67,24.4,3,42.7,257,46.3,221,73.3,112,70.4,150,33.3,197,33.4,156,51.4,249,50.3,72,6.9,233,5.0,10
Syracuse,46.5,144,42.6,41,27.200000000000003,219,25.2,88,43.2,3,31.0,158,21.3,102,27.400000000000002,42,31.9,115,29.6,120,46.1,149,41.9,48,71.0,181,74.4,320,24.5,338,29.3,43,53.5,204,60.3,304,13.3,17,5.1,11
TCU,55.800000000000004,7,36.7,1,23.3,320,25.6,101,33.4,116,25.7,23,20.4,78,22.2,211,36.0,23,26.9,22,57.0,3,35.1,1,75.9,48,69.4,106,40.8,50,29.1,40,62.3,54,56.4,220,13.2,18,5.2,12
Nevada,41.9,292,44.6,132,28.799999999999997,175,22.3,32,31.3,185,30.0,127,25.6,271,22.7,198,23.4,357,27.8,39,44.2,205,46.2,218,61.5,358,71.8,225,25.2,333,34.1,182,50.0,275,53.6,147,7.3,209,5.2,13
Eastern Michigan,48.5,92,47.8,273,30.599999999999998,126,34.1,308,30.3,234,29.9,124,24.5,229,21.5,247,29.7,208,30.3,155,50.4,53,49.0,300,75.3,55,69.2,101,33.7,189,35.0,212,54.9,176,51.9,103,6.2,275,5.2,14
Troy,45.9,158,44.1,101,28.000000000000004,190,25.0,81,41.0,10,25.6,20,20.9,92,21.7,240,32.4,100,28.9,83,44.8,189,44.6,147,71.2,176,71.9,228,30.9,252,38.2,311,49.4,285,51.2,87,10.2,62,5.3,15
Mount St. Mary's,42.0,291,43.7,81,26.5,236,33.300000000000004,293,32.6,142,33.4,239,24.9,247,25.2,96,28.8,253,30.5,167,41.4,292,42.5,66,66.5,300,66.0,18,32.3,225,38.0,304,54.1,194,72.8,363,9.1,111,5.3,16
Louisville,51.5,34,43.1,55,24.2,299,23.400000000000002,47,37.6,36,25.4,19,17.7,17,24.099999999999998,130,34.2,51,26.5,13,51.6,39,44.9,160,73.3,111,65.4,9,33.2,198,35.2,218,53.0,217,45.8,13,7.1,217,5.3,17
Connecticut,60.099999999999994,1,39.4,6,19.5,359,20.3,19,35.199999999999996,82,28.199999999999996,77,17.7,18,33.7,4,39.7,2,26.6,14,60.5,1,39.0,8,75.1,62,74.0,305,35.4,153,42.4,354,69.2,5,59.3,287,15.8,5,5.4,18
Holy Cross,44.6,202,43.2,63,24.6,285,24.6,71,25.1,328,25.8,24,21.7,110,21.5,245,25.4,343,29.0,93,47.8,112,43.0,77,71.7,160,69.8,125,32.9,207,35.7,239,62.7,50,53.4,141,9.0,112,5.4,19
Princeton,50.6,50,47.9,279,30.3,136,23.9,54,34.8,89,30.599999999999998,146,19.6,51,24.6,110,34.5,45,33.8,322,49.9,68,46.6,232,77.2,24,75.4,342,34.9,162,32.2,111,54.5,184,56.4,221,8.4,151,5.4,20
Rice,45.4,173,41.0,17,28.299999999999997,184,29.4,206,32.4,148,28.1,74,19.7,52,22.8,192,32.3,104,28.4,59,43.7,227,40.6,27,81.5,4,66.3,23,35.4,151,21.4,1,58.0,101,43.6,5,7.9,172,5.4,21
Belmont,45.4,169,45.2,160,32.2,88,32.7,283,29.2,263,35.5,303,18.4,23,24.6,108,31.4,137,29.6,121,44.2,206,45.7,193,70.5,205,73.5,284,39.7,62,41.1,339,54.8,179,60.3,303,11.5,37,5.5,22
La Salle,44.2,214,45.4,174,27.700000000000003,204,29.799999999999997,212,31.4,183,34.5,277,23.7,197,26.0,78,30.2,186,31.3,204,43.8,221,44.6,148,70.0,223,72.0,232,30.0,264,33.2,149,59.6,80,62.2,326,10.0,69,5.5,23
LIU,48.1,101,43.9,90,30.4,130,28.299999999999997,170,31.3,186,31.7,185,22.8,150,23.9,138,34.9,41,29.6,117,45.5,169,43.6,104,72.6,131,69.6,112,37.1,110,33.3,151,54.9,175,55.2,195,9.3,96,5.5,24
Yale,41.3,306,46.400000000000006,221,22.400000000000002,334,32.6,281,32.2,158,35.099999999999994,293,26.1,290,21.4,251,29.3,227,29.1,99,40.6,306,47.7,271,73.7,98,66.2,20,20.9,361,30.5,75,58.2,98,53.4,142,11.5,36,5.7,25
Wagner,39.900000000000006,334,42.699999999999996,46,32.0,92,36.5,331,31.3,189,34.4,272,27.900000000000002,332,28.199999999999996,28,21.6,363,28.7,78,42.3,270,42.5,65,62.7,347,72.1,239,24.1,343,35.9,254,50.8,263,56.7,234,9.3,98,5.7,26
Northern Colorado,45.300000000000004,182,46.0,199,33.5,60,30.7,238,37.6,38,32.800000000000004,219,27.1,315,27.200000000000003,46,27.8,281,28.7,76,47.2,121,47.5,268,75.2,60,68.5,77,33.9,181,34.0,175,50.0,274,56.8,235,6.3,268,5.7,27
Hawaii,46.9,127,42.699999999999996,44,27.800000000000004,199,26.400000000000002,121,31.1,195,27.800000000000004,69,24.8,243,20.3,295,33.5,77,29.0,88,44.8,190,42.2,55,74.1,87,70.5,159,37.6,104,35.8,241,52.8,221,48.1,40,16.2,3,5.8,28
South Carolina,55.800000000000004,6,38.1,4,32.7,72,17.2,5,40.699999999999996,12,29.9,121,17.8,19,25.7,81,37.7,13,26.7,17,55.6,6,37.1,3,71.9,153,73.3,278,25.2,334,34.0,177,55.4,161,50.0,70,15.2,8,5.8,29
Minnesota,50.8,44,43.1,59,21.4,350,23.799999999999997,53,36.1,59,24.7,9,15.1,2,25.4,89,35.6,26,30.3,150,49.7,74,41.5,41,73.4,104,75.3,339,29.8,269,41.6,346,56.3,139,62.9,334,8.9,120,5.8,30
Idaho St.,43.8,229,43.5,74,26.3,239,33.7,300,37.0,46,25.0,15,23.599999999999998,192,26.1,75,29.4,215,30.3,156,43.8,220,42.2,56,73.7,96,72.0,229,24.8,336,40.1,331,53.2,214,55.0,187,8.6,136,5.8,31
Mississippi St.,49.9,60,44.800000000000004,140,30.3,133,24.0,60,39.2,21,26.400000000000002,39,20.4,79,21.9,228,32.4,99,30.9,186,50.4,54,43.9,114,73.5,102,70.1,132,29.0,286,35.6,236,50.2,272,53.7,150,12.1,27,5.9,32
UCF,44.3,209,43.8,87,36.3,30,27.200000000000003,140,33.5,112,32.300000000000004,203,25.0,251,23.400000000000002,163,27.0,308,28.5,70,45.4,172,44.2,127,72.3,144,70.2,140,23.1,351,32.8,143,50.9,260,55.1,190,8.5,143,5.9,33
Chicago St.,42.5,278,47.9,282,31.4,107,38.5,344,27.700000000000003,294,38.9,349,25.5,269,24.2,128,26.0,336,29.0,92,43.9,215,50.3,331,63.8,337,72.2,243,28.6,292,35.1,214,49.3,287,60.6,312,8.0,169,5.9,34
Vermont,50.3,52,43.0,50,18.8,361,24.3,67,28.199999999999996,280,26.700000000000003,44,17.2,12,21.8,233,34.2,52,26.1,8,49.7,70,44.6,143,73.1,119,76.6,357,32.5,221,28.5,26,46.3,338,47.4,30,6.7,245,5.9,35
Kentucky,51.800000000000004,29,40.8,13,26.6,233,25.8,108,35.099999999999994,85,24.5,8,17.1,7,20.0,303,32.3,105,29.4,110,54.4,16,39.2,9,69.7,228,73.8,300,43.3,28,33.2,148,62.1,58,49.3,60,17.7,2,6.0,36
UCLA,58.199999999999996,2,40.8,12,25.6,249,17.9,7,44.6,2,25.2,17,18.7,24,21.099999999999998,264,38.5,5,28.3,51,58.4,2,40.0,17,78.1,16,74.7,326,32.1,228,34.6,198,69.0,6,60.6,311,10.9,50,6.0,37
Oregon St.,49.9,59,43.1,60,30.8,122,17.299999999999997,6,31.2,190,28.599999999999998,89,22.8,148,16.8,358,33.7,72,31.5,218,49.5,79,41.0,30,67.9,268,69.1,100,32.7,213,33.7,167,51.9,232,56.7,232,10.3,59,6.0,38
Arizona St.,46.7,134,44.1,99,29.799999999999997,156,25.1,84,31.6,174,29.4,111,23.400000000000002,181,28.7,22,28.3,272,31.1,192,48.1,106,42.4,62,71.8,156,69.2,102,25.7,329,40.5,338,58.9,90,58.9,278,9.8,80,6.0,39
Wofford,43.4,238,44.7,139,23.799999999999997,306,24.6,72,30.0,241,30.7,153,18.9,32,17.599999999999998,352,29.4,221,28.6,73,43.1,244,45.7,194,78.1,18,74.3,316,34.6,166,35.1,213,46.7,331,52.9,131,7.3,208,6.0,40
Columbia,50.0,57,46.9,236,26.8,230,30.3,220,39.7,18,30.3,133,23.400000000000002,183,27.900000000000002,29,30.9,156,34.9,342,52.0,33,44.6,142,67.6,277,71.4,202,36.0,140,29.5,46,62.9,46,58.3,264,6.1,289,6.0,41
South Dakota St.,53.5,18,45.0,146,29.9,152,20.5,21,31.5,177,25.2,18,19.8,56,19.5,317,34.3,49,29.5,113,54.6,15,45.6,185,75.2,58,74.0,304,36.1,138,41.3,342,58.3,97,55.6,203,11.2,46,6.1,42
Vanderbilt,55.00000000000001,10,47.0,239,26.200000000000003,243,22.5,35,37.8,33,33.6,243,17.9,20,29.599999999999998,15,36.9,16,32.7,279,54.8,14,45.9,197,75.1,64,69.6,109,40.5,54,35.2,216,64.3,35,53.0,132,11.1,48,6.1,43
Fairleigh Dickinson,49.3,78,40.6,11,21.0,354,25.0,83,36.9,49,29.5,114,21.8,116,22.1,218,34.4,47,30.2,145,47.6,116,38.9,6,70.8,187,72.0,230,42.3,39,26.2,11,55.4,160,42.6,4,8.7,129,6.1,44
Hampton,40.300000000000004,327,46.300000000000004,214,22.8,327,24.8,78,32.800000000000004,133,40.699999999999996,354,22.400000000000002,142,24.099999999999998,133,25.9,338,28.1,47,41.1,296,48.0,278,69.6,235,68.7,85,35.6,147,30.1,63,56.9,122,57.2,248,7.9,178,6.1,45
Iowa St.,56.00000000000001,5,44.0,95,32.800000000000004,70,26.700000000000003,129,32.800000000000004,134,26.3,37,17.4,15,22.0,223,36.8,17,32.1,245,56.4,4,42.0,49,72.5,134,75.2,333,37.0,113,31.7,101,68.1,7,48.5,44,5.9,296,6.1,46
Michigan St.,54.900000000000006,11,47.3,256,31.900000000000002,95,25.5,94,36.0,61,29.4,109,17.299999999999997,14,28.4,24,36.5,19,31.4,208,55.0,12,47.4,263,72.2,148,71.1,190,32.4,222,37.8,301,58.7,93,59.4,290,12.1,28,6.2,47
Florida,49.3,76,44.3,111,34.9,43,34.5,309,35.9,64,34.300000000000004,270,23.200000000000003,171,25.6,83,28.0,277,28.5,68,52.6,26,44.9,159,70.2,215,67.1,36,31.2,247,31.4,94,49.5,281,50.5,75,10.2,61,6.2,48
Northwestern,46.800000000000004,133,49.4,323,25.5,260,29.2,195,29.9,246,34.1,266,21.8,118,18.4,338,29.4,220,34.2,331,47.9,111,48.4,285,71.1,179,73.8,299,30.8,253,34.0,176,72.1,1,60.5,308,10.1,66,6.2,49
New Mexico St.,43.7,230,46.9,238,23.799999999999997,308,39.0,349,28.000000000000004,284,34.0,262,29.099999999999998,349,24.099999999999998,134,27.7,289,30.8,183,44.4,203,47.3,260,62.9,346,68.3,73,23.5,349,35.4,230,49.0,298,56.6,229,8.2,160,6.2,50
Portland,46.9,126,43.9,92,24.6,286,31.2,256,29.4,261,37.0,327,24.6,239,27.1,47,31.9,116,30.9,187,46.3,145,42.9,74,72.4,139,67.9,56,34.5,167,27.4,18,67.7,8,57.1,244,13.9,13,6.3,51
NJIT,50.9,43,43.1,58,24.8,279,26.3,119,32.6,140,35.9,312,23.1,164,19.1,331,32.4,102,30.8,181,52.2,29,42.0,50,65.4,322,67.1,37,36.0,139,26.1,10,51.8,235,53.8,153,9.6,86,6.3,52
Stanford,47.9,105,43.0,52,23.5,318,22.7,38,35.4,77,24.9,12,21.3,100,20.7,276,30.5,175,27.8,38,48.8,92,43.6,102,79.1,9,72.3,244,29.3,282,32.3,118,45.7,346,46.1,16,9.2,100,6.3,53
Denver,42.8,267,49.8,331,25.3,269,24.8,77,25.1,329,32.5,210,24.5,230,22.6,203,28.6,261,33.6,318,42.8,255,49.6,314,70.6,201,74.2,313,36.6,125,33.6,162,52.4,227,48.8,50,6.2,272,6.3,54
Gonzaga,50.9,42,45.1,150,27.0,223,25.5,95,39.800000000000004,16,25.7,22,24.3,219,19.8,311,39.2,3,29.1,94,47.3,120,45.9,199,74.7,74,69.0,95,31.1,251,34.8,207,64.2,36,52.8,125,6.2,276,6.3,55
Charleston,46.1,157,44.1,100,23.599999999999998,313,19.5,13,38.9,23,32.0,193,19.0,37,26.400000000000002,66,34.0,59,30.6,168,43.6,234,43.2,83,73.1,118,76.8,360,34.2,177,35.2,217,51.2,254,56.4,222,5.7,305,6.3,56
Loyola Marymount,47.0,125,49.8,330,31.8,99,29.4,203,35.699999999999996,67,31.0,159,19.2,42,25.5,87,31.6,121,33.2,306,46.9,137,49.8,323,72.1,150,70.1,133,26.8,316,28.8,35,55.3,164,59.6,293,3.6,357,6.3,57
Massachusetts,47.8,108,43.8,85,27.500000000000004,209,25.4,91,40.1,15,34.0,259,22.3,138,26.8,54,31.2,144,27.8,36,48.2,104,45.3,175,67.7,276,68.8,87,29.7,271,41.1,340,62.5,52,66.4,354,9.8,82,6.4,58
Arkansas Pine Bluff,41.099999999999994,311,47.599999999999994,267,34.5,49,30.7,237,30.4,228,37.8,335,26.5,305,23.799999999999997,145,29.3,224,29.5,114,39.9,320,49.4,310,57.0,362,70.8,178,28.7,290,34.4,191,51.2,253,59.3,289,4.8,334,6.4,59
Youngstown St.,47.699999999999996,109,42.199999999999996,34,24.3,297,26.200000000000003,117,26.3,310,29.299999999999997,108,21.6,107,22.0,224,30.7,164,27.2,28,48.7,96,42.9,73,75.5,52,67.5,43,37.8,101,35.4,228,63.4,41,58.0,256,12.2,26,6.5,60
South Alabama,46.7,139,45.4,170,30.3,134,36.1,325,37.8,34,33.6,244,27.6,325,23.799999999999997,146,33.1,87,28.0,44,45.0,181,47.2,256,65.1,329,71.7,218,35.5,148,34.1,178,55.2,168,47.9,35,9.2,101,6.5,61
Notre Dame,51.7,30,47.599999999999994,262,25.0,276,27.6,158,30.8,210,30.7,152,17.2,13,27.400000000000002,39,34.4,46,32.1,246,51.8,36,47.3,258,79.2,8,67.2,38,28.3,297,30.6,76,48.1,310,49.7,66,7.9,173,6.5,62
Arizona,49.3,75,49.3,321,32.1,91,33.300000000000004,292,23.599999999999998,347,30.099999999999998,131,21.9,122,24.8,104,30.9,158,32.1,248,50.2,62,50.0,327,73.4,109,71.3,197,24.1,342,38.6,315,57.8,105,61.7,321,7.2,216,6.5,63
Pacific,45.4,171,46.400000000000006,218,25.0,274,29.099999999999998,191,32.6,141,34.599999999999994,281,25.1,255,20.200000000000003,297,31.1,148,29.6,122,44.6,196,47.4,266,77.0,30,74.2,309,38.5,82,32.5,122,59.3,82,53.0,133,7.1,222,6.5,64
Illinois,50.0,58,46.0,196,31.900000000000002,94,29.099999999999998,189,34.699999999999996,90,26.6,41,17.4,16,22.1,216,33.9,63,29.1,97,49.7,72,47.0,248,82.6,1,75.3,337,27.6,306,30.3,73,56.4,133,54.2,162,6.7,246,6.5,65
Washington St.,46.5,143,49.9,332,20.5,357,25.7,105,27.1,300,34.9,286,23.400000000000002,184,19.0,334,29.4,219,35.1,344,47.8,113,48.6,294,74.1,89,75.4,343,36.8,118,32.6,130,62.3,55,48.0,37,6.0,291,6.5,66
Quinnipiac,51.800000000000004,28,41.0,16,22.3,335,26.700000000000003,130,30.099999999999998,239,26.200000000000003,34,17.2,11,23.7,148,37.8,10,28.5,65,48.8,93,40.2,19,77.3,23,64.2,4,37.7,102,31.3,89,65.2,24,53.1,135,4.7,337,6.5,67
James Madison,49.7,67,43.9,89,29.599999999999998,163,28.9,183,36.199999999999996,56,26.1,30,21.4,103,21.8,235,30.8,161,33.1,298,51.3,44,41.1,32,66.3,304,68.1,66,32.8,211,32.8,141,53.3,208,51.1,84,9.8,76,6.6,68
Robert Morris,46.1,154,43.3,66,31.7,100,30.3,219,29.599999999999998,253,24.9,14,23.599999999999998,191,20.1,301,27.3,302,28.9,87,48.2,105,43.2,82,78.1,17,73.4,282,29.6,276,35.6,235,55.1,172,53.8,151,8.9,118,6.6,69
Providence,42.6,276,46.800000000000004,232,27.900000000000002,196,26.400000000000002,120,32.5,145,30.4,137,23.9,199,23.3,169,28.1,276,32.1,250,42.8,252,46.1,213,66.0,314,72.4,251,29.7,272,37.4,295,53.8,197,61.6,319,8.8,127,6.6,70
Nicholls St.,41.8,296,45.6,184,36.9,22,34.0,304,32.4,152,33.2,233,22.900000000000002,156,26.6,60,24.7,352,35.7,354,43.7,231,41.4,40,70.5,202,67.2,40,28.5,294,34.1,181,49.4,284,55.4,198,7.5,198,6.6,71
Penn St.,51.2,40,52.300000000000004,357,20.7,356,26.400000000000002,126,33.6,108,32.1,199,24.2,215,19.0,335,33.3,85,36.2,360,51.9,35,51.4,343,66.6,299,75.0,330,32.7,215,32.7,134,57.3,114,60.0,298,6.4,264,6.6,72
Ohio St.,51.9,27,45.300000000000004,162,25.3,267,24.6,70,32.0,161,31.2,169,17.1,9,29.599999999999998,14,32.9,88,32.7,283,53.3,22,43.4,92,75.8,51,69.7,117,34.5,168,33.9,170,57.5,111,59.1,282,12.8,20,6.7,73
Howard,43.5,237,44.3,115,36.4,29,28.7,178,31.2,193,32.800000000000004,223,20.4,81,26.400000000000002,67,29.3,223,27.9,41,43.4,239,45.5,183,72.1,149,70.4,153,24.9,335,33.9,173,50.8,262,53.8,154,10.8,53,6.7,74
North Carolina,51.7,31,42.0,31,22.3,336,25.5,97,35.199999999999996,83,26.6,40,19.3,43,24.9,102,34.1,54,28.9,82,52.0,32,41.3,36,67.1,289,71.8,224,36.4,130,34.6,196,54.5,185,52.3,111,9.8,77,6.7,75
South Florida,47.9,104,45.6,182,30.099999999999998,145,27.6,156,33.800000000000004,105,30.599999999999998,147,22.1,130,19.1,330,32.6,94,32.4,264,47.6,118,44.2,124,73.4,107,70.3,145,23.8,348,33.4,157,60.7,70,52.9,127,9.1,107,6.7,76
FIU,45.1,188,47.699999999999996,269,42.4,2,33.7,297,36.7,52,34.1,264,26.3,299,29.5,16,30.4,177,30.3,154,44.9,186,48.8,298,70.1,221,70.5,162,29.8,268,34.4,190,48.6,301,58.5,273,5.9,298,6.7,77
Central Michigan,48.0,103,45.2,159,32.5,74,30.4,222,39.800000000000004,17,26.700000000000003,43,26.200000000000003,292,21.3,257,34.8,43,28.7,74,46.5,141,46.5,228,69.4,237,68.5,80,26.3,324,36.4,269,54.5,186,55.0,186,5.6,309,6.7,78
Charleston Southern,45.4,170,46.300000000000004,213,22.6,329,25.6,102,23.599999999999998,346,36.5,324,23.0,161,17.599999999999998,353,31.7,120,33.3,311,43.5,238,44.5,137,70.6,198,67.8,55,46.9,12,32.8,138,51.6,246,52.2,110,4.7,336,6.7,79
Duke,49.6,69,41.099999999999994,19,30.0,149,23.200000000000003,44,35.6,71,28.9,97,20.200000000000003,69,24.099999999999998,132,33.6,74,27.3,31,49.2,86,41.2,34,67.3,284,75.4,344,29.4,279,25.2,6,61.6,61,48.0,38,13.6,14,6.8,80
Southern Indiana,44.2,213,43.7,78,30.599999999999998,124,30.9,247,35.6,74,30.0,126,21.9,121,25.1,97,30.4,178,28.4,62,43.6,232,44.6,150,76.8,32,68.6,81,29.1,284,45.2,361,43.5,355,51.2,88,9.1,106,6.8,81
N.C. State,49.4,74,44.2,105,22.8,326,15.7,1,32.300000000000004,153,23.7,4,16.2,4,16.900000000000002,357,31.5,136,29.2,102,50.3,56,44.4,132,74.9,69,67.2,39,29.9,266,38.1,309,49.3,288,45.1,10,8.8,122,6.8,82
UC Santa Barbara,50.1,55,41.199999999999996,22,24.9,277,24.2,65,22.3,356,27.700000000000003,64,19.900000000000002,60,19.7,313,34.0,60,24.0,2,49.4,80,44.2,123,70.7,194,72.0,231,46.6,14,37.2,288,52.9,220,50.8,82,8.4,147,6.8,83
Southeast Missouri St.,44.0,219,47.0,242,36.3,31,34.699999999999996,312,23.599999999999998,348,34.1,268,23.3,175,23.599999999999998,153,26.7,318,35.0,343,46.1,155,44.3,130,70.0,222,73.7,291,34.2,175,32.6,131,54.3,191,57.1,247,8.0,168,6.8,84
Fordham,40.6,320,44.800000000000004,142,24.4,291,36.9,333,38.6,26,35.8,310,25.3,263,26.8,56,26.8,315,30.4,161,40.7,302,44.3,131,71.1,178,72.8,265,30.7,254,37.4,294,52.7,225,59.1,283,6.6,255,6.8,85
Elon,42.8,269,45.9,194,26.400000000000002,238,36.4,329,37.0,47,35.0,290,24.9,248,27.500000000000004,38,29.1,238,28.3,54,42.4,265,47.9,275,70.8,191,70.9,183,32.1,227,36.5,270,54.7,180,55.8,207,5.2,323,6.8,86
Northwestern St.,43.9,225,45.0,148,27.700000000000003,203,31.900000000000002,271,32.800000000000004,136,30.5,142,28.000000000000004,334,21.0,269,31.5,133,27.9,40,41.9,283,46.5,229,68.0,266,68.4,74,36.9,115,30.8,79,52.4,226,46.5,18,5.1,325,6.8,87
Hofstra,39.1,340,48.699999999999996,306,22.1,340,30.5,233,32.300000000000004,155,35.199999999999996,295,26.700000000000003,309,23.200000000000003,175,24.8,349,32.1,251,39.8,323,49.0,302,65.4,323,66.2,21,29.7,270,35.8,246,50.3,270,58.3,267,4.6,340,6.8,88
Baylor,49.3,77,37.9,3,31.4,102,23.799999999999997,51,36.6,54,33.2,231,23.599999999999998,196,22.7,195,33.7,70,23.3,1,48.6,99,39.3,13,75.0,66,67.5,44,38.9,75,30.9,81,60.8,69,52.5,116,15.9,4,6.9,89
Western Kentucky,45.2,183,49.6,326,23.599999999999998,317,18.7,10,24.6,332,38.800000000000004,347,26.200000000000003,295,24.5,114,28.3,274,35.8,357,46.7,139,46.5,227,67.6,279,77.0,361,36.5,128,42.1,351,51.2,255,65.2,349,11.5,38,6.9,90
Oregon,52.400000000000006,24,44.3,110,26.3,240,23.9,57,29.4,259,29.099999999999998,102,20.3,74,26.1,72,35.5,29,28.3,52,52.0,31,45.4,179,77.6,21,68.1,59,33.1,201,35.3,225,62.4,53,54.8,181,9.5,89,6.9,91
Creighton,47.699999999999996,110,48.0,285,21.5,348,25.8,110,27.900000000000002,285,26.700000000000003,45,19.400000000000002,47,19.900000000000002,309,33.3,84,32.2,253,45.9,161,47.9,273,78.0,19,76.0,354,44.4,19,34.4,189,63.2,44,51.4,94,9.2,102,6.9,92
McNeese St.,43.7,232,43.7,80,24.0,303,38.6,346,31.6,176,30.4,138,16.3,5,34.2,3,32.0,112,28.4,60,42.3,269,44.5,138,70.4,209,69.7,119,24.7,337,42.3,353,51.8,241,59.2,286,5.0,333,6.9,93
Lindenwood,54.50000000000001,14,48.5,299,25.6,253,25.7,104,30.9,203,30.8,157,20.1,67,24.099999999999998,131,39.0,4,32.7,278,52.1,30,48.2,282,76.3,45,75.9,352,37.7,103,35.0,210,58.3,96,55.5,201,3.8,355,6.9,94
Virginia,50.6,51,41.4,24,26.700000000000003,231,31.2,255,41.9,7,27.0,48,20.5,84,20.5,284,32.6,93,30.9,185,51.4,42,39.2,10,69.1,241,72.7,260,32.9,208,29.9,56,64.4,33,56.7,231,18.0,1,7.0,95
Kennesaw St.,45.800000000000004,160,44.9,145,33.2,66,39.300000000000004,351,31.0,200,33.900000000000006,256,27.900000000000002,331,26.6,62,28.9,252,32.4,267,46.5,143,43.3,86,65.5,320,73.5,285,21.9,359,30.1,65,53.5,205,52.0,105,11.4,39,7.0,96
Jacksonville,43.2,252,46.400000000000006,220,41.0,5,36.4,328,29.599999999999998,254,30.7,154,20.200000000000003,70,26.8,53,29.1,239,29.8,130,43.0,246,47.3,261,70.3,212,66.9,34,25.6,330,37.2,289,46.6,333,50.6,78,8.5,140,7.0,97
Drexel,45.300000000000004,175,43.6,75,23.5,319,19.900000000000002,17,35.099999999999994,84,33.1,230,18.8,28,22.2,210,31.0,152,27.8,37,44.9,183,44.6,146,74.6,75,69.6,110,27.0,314,33.9,172,62.8,49,54.8,180,8.3,156,7.0,98
Bradley,48.8,87,44.3,112,26.900000000000002,227,27.800000000000004,161,26.3,311,28.299999999999997,83,19.5,49,20.3,291,35.9,25,26.5,12,45.7,163,46.1,210,72.8,127,70.4,151,38.6,79,29.6,49,54.8,178,54.2,163,8.0,167,7.0,99
Gardner Webb,43.2,248,48.1,290,23.0,324,30.7,241,28.599999999999998,275,42.8,359,26.700000000000003,310,30.2,11,30.5,171,31.0,189,41.2,294,49.4,309,64.8,334,68.4,76,42.0,41,45.3,362,54.7,182,67.3,358,6.8,243,7.0,100
St. John's,49.8,64,43.8,84,32.4,79,23.7,50,30.2,236,28.199999999999996,78,25.3,257,19.6,316,29.5,214,29.7,127,52.8,23,43.5,97,71.6,164,72.8,264,35.5,149,30.7,77,61.2,63,58.4,268,12.3,24,7.1,101
Stephen F. Austin,49.4,71,41.4,25,31.8,96,25.0,80,30.9,202,35.699999999999996,308,24.7,242,20.0,307,32.3,106,26.7,18,50.1,63,41.9,46,74.3,80,68.8,86,40.1,59,28.7,30,64.4,32,54.6,173,9.6,87,7.1,102
Auburn,44.2,211,45.4,173,28.199999999999996,187,31.900000000000002,270,30.2,238,35.9,313,24.3,223,28.999999999999996,20,29.0,247,29.4,111,44.5,198,46.1,212,70.6,200,72.5,253,28.3,299,34.6,199,41.7,361,51.3,92,8.7,132,7.1,103
Alcorn St.,40.400000000000006,325,45.1,157,27.0,224,34.5,311,28.299999999999997,278,35.3,299,28.4,342,25.3,93,28.4,268,29.5,115,39.3,330,45.5,184,62.5,352,66.8,33,34.3,173,35.0,211,63.3,42,61.4,316,5.2,324,7.1,104
Canisius,44.7,198,47.3,259,35.9,34,25.8,106,35.5,76,34.5,275,34.5,363,19.1,332,28.4,271,27.6,34,45.5,168,49.7,319,70.3,213,69.1,99,29.3,280,29.8,55,57.7,106,52.5,117,4.1,350,7.1,105
Cal Baptist,47.5,113,42.6,39,21.4,349,28.499999999999996,175,27.700000000000003,293,26.0,28,21.0,95,21.2,260,30.4,181,32.4,266,49.0,91,39.4,14,73.1,117,69.3,104,44.1,21,35.4,227,56.6,130,54.5,170,13.9,12,7.2,106
Oklahoma,50.7,47,37.8,2,27.1,220,30.4,223,37.6,37,26.1,29,19.400000000000002,46,23.0,183,31.6,126,27.0,25,52.2,28,36.3,2,71.9,152,72.4,249,32.5,220,33.9,171,62.3,56,44.6,8,12.5,21,7.2,107
Wisconsin,49.7,66,47.9,280,21.6,346,32.2,276,33.4,117,31.5,178,23.599999999999998,194,20.9,272,35.1,37,31.7,229,47.6,117,48.0,277,76.3,44,73.9,301,41.9,43,34.7,200,56.0,144,53.0,134,10.8,52,7.2,108
Houston,41.099999999999994,309,48.6,303,31.5,101,30.9,246,30.0,243,33.2,234,25.900000000000002,286,25.1,100,26.3,328,31.6,228,41.7,288,49.2,305,68.1,264,71.6,212,27.3,309,32.3,120,47.9,313,57.6,251,10.0,68,7.2,109
Southern,40.699999999999996,318,47.0,244,28.1,189,41.099999999999994,360,33.6,111,38.2,339,24.2,218,29.2,18,29.8,200,29.0,89,39.3,328,48.7,297,62.2,354,66.0,19,25.5,332,31.7,102,53.2,211,60.8,314,8.6,137,7.2,110
Rider,41.8,299,45.6,186,19.400000000000002,360,28.9,184,28.799999999999997,267,32.7,217,25.8,283,21.5,248,25.9,339,33.0,295,43.7,230,43.6,105,62.9,344,73.3,280,40.0,60,34.7,201,66.3,17,56.5,226,7.8,184,7.2,111
Cincinnati,44.9,194,47.9,281,32.9,69,31.6,263,38.0,30,32.0,194,24.6,238,20.0,306,30.8,162,34.4,336,44.5,200,46.0,206,72.7,129,68.9,90,26.5,321,32.7,136,49.7,280,60.5,310,7.8,185,7.2,112
Saint Francis,40.1,333,48.8,313,25.4,265,29.2,196,30.0,242,32.4,207,26.400000000000002,300,19.8,312,27.7,290,29.2,105,39.3,329,51.2,341,71.1,180,69.3,105,36.6,122,32.8,140,66.1,18,59.7,294,6.7,248,7.2,113
New Haven,42.699999999999996,275,47.099999999999994,247,24.099999999999998,302,27.1,139,38.1,29,31.1,162,29.4,351,22.5,206,29.0,250,33.1,300,42.3,271,45.3,178,72.4,140,73.9,303,31.2,249,41.2,341,60.1,75,65.9,353,6.1,290,7.2,114
Campbell,43.1,253,41.9,30,32.2,85,31.4,258,37.0,45,35.4,301,25.7,278,24.2,129,27.7,288,29.8,131,43.9,216,40.6,26,67.8,273,70.5,163,33.1,203,32.3,116,50.8,261,54.6,176,13.6,15,7.3,115
Washington,50.9,41,43.3,65,22.8,325,22.400000000000002,34,38.7,24,27.6,60,20.9,93,20.599999999999998,280,35.6,27,28.4,58,49.7,71,43.6,101,72.3,143,64.1,3,33.5,194,30.5,74,50.5,265,45.2,11,11.3,41,7.3,116
George Washington,46.2,152,42.6,42,30.9,119,32.9,288,32.9,132,32.800000000000004,221,24.0,207,21.3,255,29.9,198,30.6,169,46.9,134,41.3,38,73.9,91,71.7,213,32.5,218,27.8,22,51.8,236,49.2,58,10.2,60,7.3,117
North Dakota St.,53.800000000000004,16,44.2,104,40.699999999999996,6,29.099999999999998,187,32.9,131,22.7,1,17.2,10,22.0,222,36.2,21,32.5,269,53.6,20,42.8,71,76.4,39,67.7,51,30.6,256,23.1,3,49.0,295,40.6,1,8.3,153,7.3,118
San Francisco,45.300000000000004,174,45.300000000000004,164,25.4,263,26.400000000000002,123,33.7,107,30.599999999999998,148,24.6,237,23.799999999999997,143,28.4,269,32.3,262,46.7,138,43.9,115,68.6,252,76.1,355,33.8,188,32.2,112,59.8,77,54.6,174,5.8,303,7.3,119
Akron,45.1,186,52.0,355,33.6,59,36.1,324,28.299999999999997,279,32.1,200,25.900000000000002,285,21.2,262,29.2,234,30.9,188,45.9,160,54.5,360,68.0,267,72.8,266,40.4,55,30.2,66,53.6,203,51.2,86,5.4,314,7.3,120
Mississippi,48.8,88,42.5,38,37.9,15,30.5,229,41.0,11,26.400000000000002,38,19.8,57,27.400000000000002,41,27.7,287,28.9,86,51.6,40,42.2,53,72.2,147,68.9,91,28.3,298,25.4,8,51.8,234,44.3,7,11.9,30,7.4,121
Harvard,44.5,206,44.1,102,22.3,338,31.1,253,40.2,14,30.2,132,22.8,149,28.499999999999996,23,31.9,114,30.5,163,42.8,251,43.3,90,76.4,40,71.2,195,33.7,191,31.5,95,55.9,146,54.0,158,11.2,45,7.4,122
Texas St.,42.4,279,45.4,175,30.599999999999998,125,36.199999999999996,327,31.4,184,34.2,269,27.0,313,25.900000000000002,79,29.1,240,31.4,215,42.0,282,44.5,139,70.8,189,69.7,118,22.4,355,34.1,183,47.3,322,49.1,55,9.9,70,7.4,123
Prairie View A&M,37.6,355,46.300000000000004,215,31.4,105,29.4,205,22.8,352,44.5,363,27.500000000000004,324,22.0,227,26.1,333,27.4,32,36.7,355,48.3,284,63.1,342,64.2,5,35.2,155,27.4,17,42.4,359,53.2,138,7.1,223,7.4,124
Cal St. Bakersfield,40.5,323,48.8,310,31.2,110,38.6,345,27.900000000000002,290,28.599999999999998,91,22.400000000000002,139,23.9,137,29.1,244,31.7,232,38.9,333,49.6,317,68.5,255,70.4,157,33.0,206,36.1,262,44.4,350,54.0,161,7.0,228,7.4,125
Little Rock,38.9,343,43.7,82,29.099999999999998,168,30.9,248,29.799999999999997,249,31.3,176,23.5,186,22.6,201,27.9,280,28.5,69,37.8,349,44.1,122,71.2,175,71.4,201,26.9,315,32.6,132,43.9,354,49.1,56,6.5,259,7.4,126
UTEP,41.099999999999994,308,49.9,334,32.4,81,27.800000000000004,159,33.0,127,31.1,163,23.799999999999997,198,23.3,168,28.6,260,35.8,356,40.4,310,47.9,276,69.2,240,73.6,286,29.4,278,34.5,194,47.5,321,53.8,155,5.0,329,7.4,127
Southern Utah,44.0,220,44.1,103,35.699999999999996,36,30.8,242,35.0,87,25.0,16,21.8,115,17.299999999999997,355,29.4,222,30.7,178,43.9,217,43.3,89,75.1,63,72.1,235,32.0,232,29.0,39,59.0,87,46.7,20,9.1,105,7.5,128
Fairfield,56.2,4,44.6,128,21.7,343,31.4,261,27.900000000000002,288,27.800000000000004,70,18.7,25,28.199999999999996,27,37.9,8,29.4,109,55.6,7,44.9,158,76.3,43,75.6,349,52.6,2,31.8,104,64.6,30,51.4,93,7.7,186,7.5,129
Richmond,56.3,3,45.4,167,20.3,358,20.1,18,30.599999999999998,216,29.5,117,20.9,94,22.2,212,37.6,14,29.9,134,56.2,5,45.7,192,78.9,10,66.3,24,50.7,3,35.6,233,61.7,60,52.1,108,7.6,193,7.5,130
Buffalo,40.9,312,47.8,276,25.4,264,30.8,245,36.199999999999996,57,35.699999999999996,306,28.299999999999997,340,23.5,161,25.1,345,29.5,116,42.2,273,49.5,313,63.3,339,70.8,177,29.0,287,32.7,135,50.2,271,58.1,261,7.0,230,7.5,131
Siena,43.9,221,43.6,76,29.299999999999997,165,31.4,260,37.9,32,34.599999999999994,279,25.4,266,27.0,50,26.8,314,30.1,144,46.0,156,42.9,75,73.3,110,71.5,205,37.5,106,33.5,159,57.1,118,65.4,351,6.5,262,7.5,132
Louisiana,36.5,362,49.2,319,27.900000000000002,197,32.6,279,30.3,233,38.5,342,26.400000000000002,302,24.0,136,23.5,356,31.2,200,36.9,352,50.7,336,71.4,173,71.7,215,21.6,360,38.6,316,42.7,358,54.2,166,4.4,344,7.5,133
Cornell,44.1,216,51.1,348,24.7,283,17.9,8,27.1,299,32.4,208,25.4,265,21.6,242,30.9,159,33.9,327,42.8,256,51.2,340,68.4,258,70.1,137,34.5,169,38.0,303,66.8,14,64.2,341,2.6,362,7.5,134
Xavier,44.3,210,47.099999999999994,246,23.599999999999998,315,27.200000000000003,144,28.299999999999997,277,34.4,274,25.0,252,23.5,159,27.4,297,33.8,324,46.1,154,44.6,145,73.2,113,71.5,206,35.3,154,41.4,344,60.9,67,68.9,361,10.7,55,7.6,135
East Carolina,44.9,195,45.800000000000004,192,33.300000000000004,64,33.4,294,34.599999999999994,92,33.800000000000004,250,20.4,82,28.299999999999997,26,30.9,155,31.4,212,44.2,207,45.2,173,73.0,121,70.0,129,30.1,263,30.0,61,55.3,165,60.0,299,10.1,65,7.6,136
Purdue Fort Wayne,49.6,68,46.400000000000006,216,30.2,142,28.1,165,22.5,354,28.7,96,20.1,66,25.2,94,31.6,122,31.5,220,51.0,46,45.8,196,67.6,278,75.5,346,39.6,65,36.2,263,46.8,329,49.6,64,8.0,165,7.6,137
Green Bay,49.3,79,43.0,51,25.7,248,21.6,29,23.9,343,28.499999999999996,87,19.3,44,23.0,182,32.6,92,30.3,152,49.5,78,41.3,37,76.4,38,69.1,97,34.2,174,41.9,348,67.4,11,52.9,126,7.7,187,7.6,138
Niagara,36.5,361,54.1,361,28.999999999999996,174,37.1,335,30.5,224,43.1,360,31.900000000000002,361,27.1,48,26.3,327,36.1,359,35.3,362,54.2,359,62.6,350,73.0,271,27.4,307,32.0,110,45.7,345,65.2,350,7.4,203,7.6,139
New Hampshire,41.8,298,45.6,185,26.200000000000003,242,25.5,96,22.8,351,27.6,62,23.599999999999998,193,17.7,351,26.9,313,32.3,263,42.5,263,44.4,134,77.0,28,71.9,226,32.5,219,29.7,51,46.7,330,50.3,73,6.2,273,7.6,140
Colgate,38.6,345,45.4,176,20.8,355,27.400000000000002,148,30.5,222,33.900000000000006,257,24.5,231,20.3,294,26.3,330,28.3,56,38.2,342,47.1,253,73.6,99,72.4,247,33.8,186,35.4,229,52.7,224,54.2,164,6.2,277,7.6,141
VCU,42.9,262,47.199999999999996,253,23.799999999999997,309,26.0,114,30.2,237,32.7,216,26.1,289,24.4,119,29.2,230,29.0,91,42.4,266,49.6,315,67.0,292,70.8,176,33.7,190,40.3,334,56.4,137,59.2,285,4.3,346,7.6,142
Old Dominion,43.3,247,41.8,29,31.0,113,40.2,356,35.8,66,35.9,311,24.0,208,23.0,188,29.7,207,33.2,308,42.8,254,39.2,11,72.4,138,69.8,124,29.1,285,24.5,4,49.7,279,48.6,47,12.2,25,7.7,143
Idaho,47.599999999999994,112,43.9,91,27.900000000000002,192,28.999999999999996,185,38.6,25,25.6,21,20.5,83,20.1,298,30.5,176,32.3,261,48.4,101,41.2,35,71.7,159,72.4,250,31.9,234,37.4,293,47.8,315,49.2,59,11.3,43,7.7,144
Maryland,51.4,37,43.1,56,32.300000000000004,82,24.5,68,43.1,4,29.2,103,21.3,101,26.5,63,33.5,76,31.8,233,51.9,34,40.5,22,77.0,26,75.3,338,31.8,238,35.9,249,56.0,145,55.3,196,9.3,97,7.7,145
Winthrop,43.2,249,51.300000000000004,352,33.300000000000004,65,29.2,192,30.599999999999998,218,36.5,322,25.1,256,26.700000000000003,59,27.1,307,35.6,350,44.1,211,49.9,325,68.2,262,70.6,168,28.4,296,40.0,330,42.0,360,58.8,277,8.4,152,7.7,146
Lafayette,45.7,164,45.4,172,21.5,347,18.6,9,23.9,342,38.1,338,20.7,87,20.5,285,35.3,32,34.5,339,41.1,297,41.8,45,76.9,31,68.2,67,39.6,64,36.7,272,54.7,181,66.4,355,7.5,199,7.7,147
UMKC,44.5,205,51.300000000000004,351,27.400000000000002,214,31.1,252,32.2,157,35.0,292,22.400000000000002,141,23.3,166,33.6,75,33.6,316,42.3,272,51.9,349,63.2,341,75.5,347,27.1,312,36.8,278,49.2,294,57.0,243,7.4,202,7.7,148
Seton Hall,46.800000000000004,132,47.199999999999996,251,30.5,129,19.900000000000002,16,33.2,119,31.6,182,21.7,113,26.1,73,32.4,98,31.8,234,45.7,165,46.8,241,77.0,29,69.7,116,37.9,97,42.0,349,54.6,183,59.9,297,6.7,249,7.7,149
Albany,48.9,83,44.4,118,25.3,266,26.400000000000002,124,31.8,168,30.8,156,25.6,272,22.2,214,35.1,36,29.1,96,46.9,133,44.8,155,67.9,270,73.7,292,34.9,161,33.7,166,62.1,59,50.7,79,6.1,282,7.7,150
Louisiana Monroe,44.0,218,48.6,302,29.299999999999997,166,32.2,274,41.4,9,34.1,263,25.7,277,27.400000000000002,44,32.6,91,31.9,238,42.2,275,49.1,303,66.4,303,67.6,50,26.7,319,38.1,310,50.5,268,58.4,271,5.4,317,7.7,151
Southern Miss,46.1,155,48.4,297,27.6,208,27.800000000000004,160,32.2,156,34.8,284,19.7,55,20.4,289,30.7,165,32.3,260,46.2,148,48.4,287,75.5,54,69.8,122,36.1,134,34.8,206,41.3,362,55.0,188,5.2,320,7.7,152
Northeastern,43.3,245,48.3,295,30.599999999999998,127,32.300000000000004,277,34.4,97,33.5,241,26.400000000000002,301,23.5,160,28.7,256,31.2,197,43.5,237,49.2,304,70.8,192,70.7,171,26.8,318,36.9,280,48.4,304,55.1,191,5.2,321,7.7,153
William & Mary,42.699999999999996,273,44.0,97,24.2,300,29.799999999999997,214,31.1,197,34.1,265,22.0,128,26.200000000000003,68,25.6,341,31.2,199,44.7,194,42.3,59,70.5,203,65.5,11,31.8,235,37.0,284,57.6,109,55.7,205,9.5,90,7.8,154
Georgia,50.1,53,41.8,28,27.700000000000003,201,30.099999999999998,217,32.300000000000004,154,28.499999999999996,86,19.1,40,24.9,101,34.1,53,29.6,118,49.6,76,40.3,21,71.4,170,65.7,12,32.0,229,36.9,279,52.2,231,53.7,149,9.0,113,7.8,155
North Alabama,45.300000000000004,179,44.2,107,24.6,287,30.7,240,28.799999999999997,268,30.0,128,23.400000000000002,182,21.4,250,30.2,189,28.7,75,45.3,176,44.8,156,66.6,297,71.3,199,33.8,184,35.7,238,56.6,131,48.3,41,8.5,139,7.8,156
Towson,42.699999999999996,274,43.9,93,30.099999999999998,143,28.799999999999997,182,30.3,232,34.9,285,21.5,105,20.9,271,29.3,228,31.4,213,41.9,284,43.0,80,65.1,326,70.5,165,37.2,108,22.8,2,54.3,189,48.6,46,8.0,164,7.8,157
Grambling St.,36.9,358,47.9,284,30.099999999999998,147,39.0,348,36.7,53,38.6,344,26.400000000000002,303,29.9,12,21.8,362,33.6,320,38.7,335,46.8,242,61.8,357,71.1,194,30.6,257,29.4,44,55.2,167,58.3,265,6.4,263,7.8,158
Missouri St.,43.2,251,43.8,88,41.3,3,29.299999999999997,198,33.0,128,27.500000000000004,58,23.400000000000002,178,23.3,167,30.3,182,30.1,141,42.5,262,43.2,84,74.4,78,66.8,31,23.9,345,29.6,50,50.7,264,46.7,22,6.1,281,7.8,159
SIU Edwardsville,43.9,224,44.800000000000004,141,26.8,229,30.4,224,30.4,226,28.4,84,24.6,235,19.2,329,30.7,166,33.1,299,42.5,264,43.0,79,65.7,318,74.9,328,38.5,83,27.1,14,53.7,199,49.2,57,6.0,292,7.8,160
Boston University,46.9,128,46.300000000000004,210,24.7,282,17.0,4,30.599999999999998,215,32.9,226,26.3,298,18.0,347,31.3,143,32.5,271,46.9,136,44.5,136,66.0,313,73.1,274,35.1,158,41.4,345,64.9,27,63.9,339,11.2,47,7.9,161
Colorado St.,47.5,114,42.6,40,26.8,228,27.6,157,25.2,325,26.200000000000003,35,16.5,6,21.8,232,32.5,97,31.3,203,46.9,135,40.0,18,74.9,67,68.1,60,35.6,146,37.7,300,47.1,327,50.5,76,9.8,75,7.9,162
Colorado,45.300000000000004,176,44.4,119,32.2,87,34.0,305,37.4,43,27.6,61,23.400000000000002,179,26.5,65,25.9,337,30.7,180,47.5,119,43.5,98,72.9,123,70.6,167,25.8,327,36.9,281,56.1,142,52.7,124,8.8,123,7.9,163
Cal St. Northridge,43.0,259,45.7,190,27.6,207,31.6,264,29.799999999999997,250,35.9,314,28.9,346,24.4,121,29.1,242,29.2,103,42.4,267,46.7,238,66.2,309,70.3,148,43.8,24,35.6,234,55.4,162,53.4,143,8.8,124,7.9,164
Saint Mary's,45.9,159,46.800000000000004,229,24.8,280,28.599999999999998,177,32.9,130,33.900000000000006,255,27.200000000000003,318,27.6,36,28.5,265,29.7,128,47.0,128,48.4,286,71.6,167,72.7,257,25.8,328,39.3,322,62.9,47,68.4,359,7.0,232,7.9,165
South Carolina St.,39.300000000000004,338,47.699999999999996,271,23.599999999999998,316,40.9,358,25.8,318,40.300000000000004,352,28.1,338,24.5,116,25.7,340,32.2,258,39.6,325,47.3,262,66.4,302,71.3,200,31.5,244,35.9,250,50.5,267,58.1,260,6.7,247,7.9,166
UT Arlington,42.1,285,42.3,36,36.8,23,37.7,339,29.099999999999998,264,33.7,248,27.700000000000003,328,25.6,86,30.9,157,25.2,5,40.9,300,44.5,140,66.3,307,69.6,114,22.0,357,33.1,147,56.9,123,57.6,250,12.5,22,8.0,167
Central Arkansas,46.800000000000004,131,42.199999999999996,35,21.8,342,39.7,355,31.1,198,23.599999999999998,3,20.200000000000003,68,23.1,179,31.7,119,29.9,135,46.2,146,40.6,25,70.6,197,71.8,221,43.5,27,38.3,312,53.2,213,51.9,104,10.1,64,8.0,168
Tennessee Martin,45.300000000000004,181,45.6,183,33.800000000000004,55,27.3,145,18.8,361,33.2,236,21.6,109,23.0,184,29.7,206,30.6,170,45.7,164,45.3,176,76.0,46,72.8,263,32.0,233,42.7,358,48.3,307,56.0,213,9.2,103,8.0,169
Sacramento St.,43.8,226,43.5,73,21.3,351,27.500000000000004,153,33.5,113,33.5,242,27.700000000000003,327,24.4,120,29.0,249,27.5,33,43.9,214,44.7,154,70.3,211,70.7,172,36.8,117,33.3,152,49.0,296,49.0,53,8.4,145,8.0,170
Loyola MD,45.0,192,47.099999999999994,245,31.0,116,35.6,320,32.7,139,27.900000000000002,71,27.400000000000002,322,23.7,152,29.8,202,34.5,340,45.1,180,43.7,109,68.1,263,73.2,276,27.7,304,42.5,356,60.3,73,64.7,343,8.0,170,8.0,171
Oklahoma St.,54.2,15,47.199999999999996,248,27.400000000000002,212,26.8,131,38.3,27,24.4,7,19.1,38,26.0,76,34.9,40,32.5,270,55.5,8,46.5,224,77.5,22,72.1,233,42.4,38,29.8,53,58.5,94,50.5,74,7.6,192,8.0,172
West Virginia,50.6,49,47.199999999999996,249,38.7,12,27.1,137,37.5,40,26.8,46,23.0,157,32.4,8,33.3,81,35.5,349,50.9,47,44.3,128,70.1,220,74.1,308,31.7,239,31.4,93,54.4,188,59.3,288,7.1,225,8.0,173
Binghamton,46.800000000000004,129,46.300000000000004,211,32.800000000000004,71,27.0,135,33.0,126,37.3,331,23.3,176,24.6,112,31.0,150,28.4,61,46.9,131,48.5,291,76.4,41,65.9,15,29.6,273,37.0,285,44.4,351,51.0,83,6.8,237,8.0,174
UC San Diego,46.7,135,43.8,86,25.4,262,25.8,109,24.5,334,32.9,228,19.400000000000002,48,28.799999999999997,21,30.6,168,28.8,80,47.2,122,44.2,125,70.4,208,69.4,107,34.4,170,39.3,321,56.2,141,56.2,217,8.9,119,8.1,175
Wake Forest,50.6,48,42.8,47,25.7,247,19.8,15,26.8,302,32.800000000000004,224,23.200000000000003,170,20.200000000000003,296,33.8,66,29.8,129,50.5,52,41.8,44,66.1,311,71.1,193,34.1,178,36.4,268,67.2,12,66.6,356,8.0,171,8.1,176
Miami FL,48.4,98,45.6,181,31.3,109,22.7,37,33.4,115,28.1,73,20.3,73,20.3,292,29.8,205,30.4,159,50.2,60,45.6,186,68.4,256,66.9,35,32.5,217,35.3,226,49.0,297,58.2,263,7.3,211,8.1,177
Navy,47.3,117,42.699999999999996,43,24.5,289,25.1,86,33.7,106,29.5,115,19.2,41,21.5,243,30.5,174,27.2,29,48.2,103,43.6,103,68.6,251,68.9,92,38.3,85,32.5,123,59.2,85,55.0,185,6.9,235,8.1,178
Delaware,44.7,199,44.2,109,30.3,132,26.0,112,29.799999999999997,247,30.599999999999998,150,25.3,259,22.8,194,31.0,151,27.0,26,44.0,213,46.0,207,71.8,158,69.9,128,29.9,267,33.1,145,43.1,356,51.7,100,6.8,239,8.1,179
Florida Gulf Coast,47.199999999999996,119,44.6,129,33.1,67,24.8,76,24.4,336,31.2,173,26.3,296,21.9,230,29.3,226,27.0,27,49.3,83,47.2,254,68.7,250,66.4,26,39.3,70,38.7,317,53.8,198,47.2,27,6.7,244,8.1,180
UC Irvine,47.8,107,39.7,8,38.3,13,29.099999999999998,188,31.3,187,27.400000000000002,55,19.0,36,23.3,165,34.7,44,26.8,21,44.5,197,39.4,15,79.9,5,71.1,189,43.1,29,40.3,333,57.4,113,60.4,306,6.3,269,8.1,181
Central Connecticut,36.9,359,50.8,345,25.3,270,30.4,226,24.3,338,35.5,304,24.099999999999998,210,22.6,202,23.3,359,33.0,296,37.5,351,51.7,345,73.0,122,70.8,173,24.0,344,38.8,319,48.4,305,60.2,301,5.6,311,8.1,182
Southern Illinois,43.3,241,50.3,341,30.099999999999998,148,37.8,340,30.9,206,30.099999999999998,130,20.599999999999998,85,21.7,239,26.9,311,30.2,149,44.1,208,53.1,356,67.9,272,70.6,169,22.4,356,35.9,255,48.9,299,52.0,106,5.4,315,8.1,183
Longwood,45.300000000000004,178,46.2,205,28.4,181,23.1,42,36.3,55,39.1,350,23.5,188,28.999999999999996,19,32.1,109,26.9,23,44.0,212,49.5,312,73.9,92,66.4,25,32.1,226,35.2,220,56.2,140,57.0,241,4.7,339,8.1,184
St. Thomas,45.6,167,46.9,237,34.5,48,28.799999999999997,180,28.599999999999998,273,30.5,144,24.2,214,21.099999999999998,267,29.9,199,32.6,275,46.1,152,45.9,200,68.8,249,78.8,363,38.2,93,32.3,115,59.2,84,61.8,324,11.7,33,8.2,185
Virginia Tech,46.300000000000004,149,40.9,15,30.3,131,30.8,243,36.9,50,28.499999999999996,85,19.1,39,25.4,90,31.3,140,31.4,211,46.0,158,38.9,7,72.5,133,68.0,57,27.2,310,24.7,5,59.7,79,46.7,19,11.3,42,8.2,186
Tennessee,48.0,102,44.3,113,26.6,234,26.400000000000002,122,37.7,35,31.900000000000002,189,20.200000000000003,72,27.6,34,30.2,185,30.5,165,50.3,58,43.7,108,66.3,306,69.7,120,46.1,15,29.5,45,51.5,248,47.9,36,9.8,73,8.2,187
Alabama A&M,42.199999999999996,284,44.3,117,40.2,8,35.5,318,35.699999999999996,70,32.800000000000004,220,29.299999999999997,350,27.6,37,26.0,335,29.1,101,43.5,236,44.8,157,64.9,331,65.8,14,27.0,313,37.6,298,51.3,252,60.3,305,8.5,144,8.2,188
Bryant,47.5,115,40.1,10,27.3,215,35.199999999999996,315,30.4,229,28.999999999999996,100,22.400000000000002,140,23.400000000000002,162,35.1,35,25.1,4,45.4,171,41.1,33,66.8,293,70.5,164,29.6,275,28.5,27,63.1,45,47.6,33,7.8,181,8.2,189
Saint Joseph's,48.6,90,44.7,136,29.599999999999998,164,25.2,87,30.7,212,29.5,116,21.6,108,23.200000000000003,172,31.6,125,33.9,326,49.3,85,41.9,47,71.1,177,71.1,192,38.2,92,31.4,92,70.0,4,51.6,96,7.1,219,8.2,190
Indiana St.,42.8,268,48.5,300,37.2,19,43.9,362,32.0,165,33.7,247,21.4,104,19.2,327,26.8,317,32.9,289,43.8,224,47.9,274,71.7,161,74.1,307,30.0,265,35.8,245,50.5,266,60.4,307,6.6,256,8.2,191
Toledo,47.699999999999996,111,47.199999999999996,250,29.799999999999997,157,28.1,166,34.9,88,23.9,5,25.900000000000002,284,22.6,204,27.0,309,31.9,239,51.4,43,47.0,247,70.9,186,71.5,207,33.8,185,26.5,12,55.6,150,49.0,52,5.8,301,8.2,192
Austin Peay,46.400000000000006,147,46.0,198,29.7,159,39.4,352,39.7,19,29.9,122,26.1,288,26.200000000000003,71,29.0,248,31.1,190,48.0,110,45.6,188,72.5,136,68.7,83,34.6,165,38.1,307,51.8,239,56.7,233,4.5,342,8.2,193
Arkansas,45.7,165,47.3,258,28.499999999999996,180,23.9,55,33.2,120,31.3,174,21.7,112,19.400000000000002,320,33.9,64,33.1,297,42.8,253,45.9,201,73.8,95,66.0,17,36.5,126,37.3,291,49.5,283,53.9,157,8.7,133,8.3,194
Northern Kentucky,44.6,201,48.3,294,32.2,90,29.7,210,32.4,149,28.7,93,22.7,147,20.599999999999998,281,29.5,213,32.2,256,44.7,195,48.2,283,74.5,76,73.1,272,40.7,52,36.3,265,48.2,308,51.1,85,7.4,201,8.3,195
UC Davis,48.4,97,44.7,138,28.599999999999998,176,24.0,61,27.400000000000002,297,28.7,95,21.9,120,20.0,305,31.2,147,32.2,255,49.8,69,42.4,61,75.8,50,72.6,254,47.1,11,38.1,305,59.0,89,49.1,54,6.5,258,8.3,196
Georgia Southern,48.6,91,44.7,137,30.7,123,27.6,155,29.7,251,34.4,273,18.9,33,23.200000000000003,171,30.5,173,30.2,148,50.3,57,44.4,133,71.9,154,70.4,154,36.6,123,28.8,33,47.9,312,41.4,2,5.6,306,8.3,197
Appalachian St.,47.199999999999996,120,45.300000000000004,163,28.199999999999996,186,33.0,290,32.0,164,28.599999999999998,88,25.3,258,21.2,261,31.5,132,28.2,49,47.1,124,47.1,251,68.2,261,73.1,273,36.1,137,35.8,242,60.4,72,52.7,123,5.6,308,8.3,198
Utah St.,42.699999999999996,272,48.1,291,25.6,252,24.099999999999998,63,21.6,358,34.5,278,22.0,129,21.8,236,27.0,310,31.6,227,44.1,209,48.6,295,71.7,162,71.1,191,39.5,68,37.1,287,50.1,273,54.5,171,5.4,316,8.3,199
Sam Houston St.,40.6,322,45.9,195,34.4,52,32.7,282,36.1,60,37.2,329,25.5,268,34.9,2,24.5,353,32.9,290,41.7,289,44.6,151,62.5,351,68.0,58,21.9,358,27.2,15,55.5,156,60.8,313,4.0,352,8.3,200
Lehigh,50.1,54,49.1,316,32.7,73,27.500000000000004,149,28.9,266,35.3,298,24.3,222,23.799999999999997,142,31.6,124,35.4,347,52.8,24,47.3,257,77.7,20,71.5,203,48.8,5,30.9,80,63.9,37,58.1,258,3.9,354,8.3,201
Wyoming,45.2,184,45.1,154,16.8,363,20.8,25,18.5,362,27.700000000000003,65,23.400000000000002,180,17.599999999999998,354,29.2,236,31.4,214,46.1,150,44.2,126,69.6,233,74.0,306,40.4,56,32.3,114,65.3,22,50.1,71,9.8,74,8.4,202
Tulane,45.6,166,44.5,126,25.6,250,29.799999999999997,213,36.0,62,32.300000000000004,202,24.2,216,21.5,246,28.6,262,29.6,123,47.1,126,44.6,144,66.6,296,70.0,131,34.4,171,37.3,292,59.3,83,59.6,292,9.8,81,8.4,203
Villanova,51.5,35,45.2,158,17.8,362,29.2,197,27.3,298,27.500000000000004,59,18.8,27,24.6,109,36.4,20,30.1,140,49.4,81,45.2,170,76.8,33,68.2,68,39.5,67,28.9,36,67.0,13,47.8,34,9.5,88,8.4,204
San Diego,39.2,339,45.300000000000004,166,27.400000000000002,211,28.000000000000004,164,35.8,65,28.7,92,26.200000000000003,293,20.8,275,27.5,295,31.3,206,38.4,340,44.4,135,67.4,282,73.7,293,28.7,291,35.9,253,48.6,302,64.7,344,9.4,93,8.4,205
Davidson,49.4,72,45.6,180,24.9,278,30.599999999999998,236,30.599999999999998,220,26.0,27,22.5,143,25.1,98,33.7,68,32.7,282,48.7,98,44.3,129,69.7,230,66.7,29,39.9,61,27.8,20,55.6,151,44.2,6,8.2,158,8.4,206
Evansville,43.3,246,48.8,308,27.400000000000002,213,37.9,341,29.5,257,29.4,112,22.3,137,20.3,293,30.3,183,30.4,158,42.0,281,50.3,333,72.9,125,70.2,139,37.9,99,32.5,125,65.0,26,56.4,219,7.9,177,8.4,207
Texas Tech,51.4,36,39.5,7,31.4,103,29.4,204,31.4,181,31.2,170,22.0,126,27.400000000000002,43,35.5,28,26.2,10,50.3,55,39.5,16,74.2,82,71.3,196,39.0,74,32.8,139,58.1,99,47.2,26,15.2,7,8.5,208
Furman,41.8,297,47.699999999999996,270,34.9,45,34.9,314,35.4,78,32.0,195,25.8,282,26.200000000000003,70,30.7,163,33.2,307,40.0,317,46.6,236,62.9,345,66.2,22,29.5,277,33.3,153,51.8,237,54.0,160,10.4,58,8.5,209
Manhattan,40.1,331,46.1,204,26.700000000000003,232,32.9,289,32.4,151,33.300000000000004,237,27.800000000000004,329,23.200000000000003,177,25.0,347,31.4,217,41.0,299,45.6,190,73.1,120,67.6,47,23.8,347,34.9,209,66.4,16,65.2,347,10.1,67,8.5,210
Merrimack,46.300000000000004,150,44.6,130,24.4,290,23.799999999999997,52,32.5,144,32.800000000000004,222,23.599999999999998,195,21.8,238,32.0,113,30.7,175,45.3,177,43.8,111,72.9,124,68.6,82,37.1,109,37.0,283,56.4,135,57.0,240,9.9,71,8.5,211
Tulsa,48.4,94,44.2,106,37.8,16,29.5,207,31.4,182,30.7,151,26.6,306,24.5,115,32.7,90,30.0,136,48.0,109,43.8,110,73.8,94,68.1,62,36.6,121,31.3,90,53.7,201,46.3,17,8.9,116,8.5,212
Maine,46.6,141,45.9,193,22.5,332,22.5,36,25.6,320,30.4,141,18.9,31,23.799999999999997,139,28.5,266,28.1,46,48.7,97,47.4,264,71.4,171,72.7,258,35.0,159,28.6,29,56.9,121,58.0,257,7.6,196,8.5,213
Chattanooga,46.7,137,43.1,61,25.5,256,30.8,244,32.800000000000004,135,29.2,105,24.7,240,23.7,151,32.1,110,30.2,146,45.9,159,42.0,52,74.7,72,72.2,241,35.1,157,35.8,243,46.5,335,47.2,29,7.3,206,8.5,214
Boise St.,49.9,62,45.4,168,29.099999999999998,169,24.6,69,30.7,211,28.7,94,21.9,119,23.1,180,40.7,1,28.4,57,45.0,182,47.3,259,74.2,84,74.6,324,30.7,255,39.5,323,62.9,48,52.7,122,7.1,221,8.5,215
Kansas St.,49.2,80,46.1,202,28.999999999999996,172,27.200000000000003,141,28.499999999999996,276,29.9,125,22.0,124,23.5,157,34.1,55,31.2,193,48.1,107,45.6,187,70.6,199,75.2,334,37.0,114,37.3,290,58.1,100,60.1,300,7.1,226,8.5,216
Florida A&M,38.1,352,47.599999999999994,268,37.3,18,40.9,357,33.2,123,38.4,341,25.7,279,24.3,124,22.5,360,33.8,325,39.3,332,46.1,215,70.8,190,67.8,54,22.7,352,31.5,97,44.3,352,49.6,65,5.9,297,8.5,217
Army,47.4,116,45.4,169,31.8,97,28.4,172,29.7,252,24.9,13,20.8,88,25.4,91,32.2,107,28.8,79,46.9,132,46.2,217,74.9,70,73.8,298,38.1,94,27.8,21,64.8,28,53.5,145,5.5,312,8.5,218
Jackson St.,40.1,332,48.8,312,25.1,272,37.6,338,37.5,42,29.7,119,27.200000000000003,317,22.1,220,31.2,146,31.2,196,36.8,354,49.7,322,69.0,246,65.9,16,33.3,196,31.5,96,58.0,102,52.6,120,2.7,361,8.5,219
Montana St.,47.0,123,48.3,293,25.5,259,35.8,321,34.4,98,34.599999999999994,280,20.8,91,33.7,5,29.1,237,33.6,317,49.2,88,46.9,243,67.8,274,72.3,245,38.7,78,37.7,299,55.5,158,51.8,101,11.6,34,8.6,220
UNC Asheville,40.6,321,41.699999999999996,27,34.699999999999996,46,35.6,319,36.8,51,33.900000000000006,254,30.8,358,23.799999999999997,147,27.6,292,26.6,16,40.2,311,42.6,68,63.9,336,71.7,219,31.6,241,32.4,121,57.5,110,53.7,148,7.9,174,8.6,221
Grand Canyon,45.800000000000004,161,47.599999999999994,263,28.000000000000004,191,29.2,194,31.1,196,26.6,42,25.6,270,23.3,170,30.2,187,32.0,242,46.1,151,47.4,265,76.0,47,73.9,302,36.5,127,28.1,25,56.3,138,50.8,81,7.8,183,8.6,222
San Diego St.,50.0,56,43.8,83,22.5,330,23.9,58,26.200000000000003,314,26.1,32,18.8,26,21.2,258,35.2,33,33.0,291,48.1,108,41.0,31,74.9,68,67.7,52,39.6,63,33.3,150,53.7,202,55.9,210,6.2,278,8.6,223
Santa Clara,46.7,136,44.5,125,27.900000000000002,193,25.7,103,32.0,163,29.799999999999997,120,14.799999999999999,1,21.6,241,31.4,138,30.5,164,46.5,142,44.0,118,72.6,132,71.9,227,42.5,36,28.6,28,55.2,166,56.9,238,11.7,32,8.7,224
Mercer,43.0,258,45.7,189,33.300000000000004,63,33.7,298,31.8,170,34.0,261,22.8,151,26.5,64,33.6,73,33.8,323,40.0,318,43.4,94,75.2,57,70.3,144,29.2,283,31.2,87,50.9,259,52.1,109,8.5,141,8.7,225
Iowa,54.7,13,46.300000000000004,207,30.2,141,20.599999999999998,23,33.900000000000006,103,24.2,6,20.4,77,20.599999999999998,278,35.9,24,32.9,287,55.1,11,44.6,141,69.0,243,67.3,42,33.1,200,36.7,274,70.5,3,55.5,199,8.4,149,8.7,226
UNLV,48.4,95,44.1,98,25.5,257,16.7,2,32.0,160,27.200000000000003,52,20.1,65,19.0,333,34.1,57,31.3,201,47.0,130,42.5,64,71.5,168,72.6,256,33.4,195,35.9,247,52.3,229,57.9,255,8.3,157,8.7,227
UMBC,39.7,336,45.6,188,34.4,51,36.199999999999996,326,36.199999999999996,58,32.1,197,23.0,160,26.200000000000003,69,29.8,201,26.7,19,37.9,347,48.0,279,71.5,169,70.1,134,26.5,322,30.2,68,45.9,344,46.9,25,7.6,190,8.7,228
High Point,50.8,45,42.0,32,30.2,140,20.5,20,27.800000000000004,291,30.4,139,20.3,75,25.2,95,32.2,108,28.5,66,52.4,27,41.6,42,73.5,100,71.7,214,39.2,72,28.9,37,54.3,190,45.1,9,7.3,204,8.7,229
UT Rio Grande Valley,43.0,257,44.4,121,35.8,35,22.400000000000002,33,32.4,147,29.2,106,22.900000000000002,155,16.8,359,29.7,209,31.7,230,42.2,274,42.7,70,73.4,105,68.3,70,32.6,216,35.2,219,59.8,78,59.0,281,6.8,241,8.7,230
Marist,43.1,254,47.4,260,25.0,275,25.4,92,25.2,324,33.300000000000004,238,23.3,174,21.8,237,34.1,56,32.7,281,38.6,336,46.5,231,77.1,25,72.9,268,36.1,136,33.4,155,55.7,148,56.1,214,5.7,304,8.7,231
UAB,52.0,26,45.6,179,24.4,293,27.1,138,23.9,344,34.9,288,21.099999999999998,98,19.7,314,36.1,22,32.7,280,50.6,50,44.0,116,72.8,126,67.6,48,39.5,66,31.2,85,57.4,112,49.9,69,3.7,356,8.7,232
Indiana,54.7,12,47.0,240,28.499999999999996,179,25.6,99,24.099999999999998,340,31.1,164,22.2,133,18.0,345,38.2,6,32.2,252,53.3,21,46.5,225,78.4,13,72.4,246,36.1,135,28.7,31,46.5,334,51.7,99,3.0,359,8.7,233
Radford,42.8,265,42.699999999999996,45,25.5,255,28.499999999999996,174,27.900000000000002,287,28.599999999999998,90,22.3,136,24.7,105,30.0,192,28.2,50,41.4,291,43.0,81,66.0,312,68.8,88,39.4,69,34.6,195,59.0,88,53.1,136,8.3,155,8.8,234
North Texas,43.0,260,44.3,116,31.3,108,31.5,262,37.2,44,29.2,104,24.2,213,25.6,84,30.5,172,31.8,235,42.1,280,42.6,67,66.3,305,68.4,75,24.2,340,32.8,142,44.9,348,51.6,98,6.8,238,8.8,235
Milwaukee,45.1,189,46.800000000000004,231,28.4,183,32.2,275,26.700000000000003,305,28.9,99,24.3,220,18.0,346,33.4,80,31.3,202,42.1,278,46.7,239,69.8,227,75.2,336,38.3,88,40.2,332,55.2,170,58.7,275,6.8,240,8.8,236
Seattle,41.199999999999996,307,51.1,349,23.200000000000003,322,24.2,66,23.400000000000002,349,36.1,318,24.099999999999998,211,19.2,328,27.4,299,34.7,341,41.2,295,50.7,335,82.0,3,70.6,166,34.8,163,32.5,126,47.6,318,54.6,177,6.6,253,8.8,237
Lamar,45.2,185,44.2,108,36.7,24,36.5,330,39.2,22,31.900000000000002,188,26.6,307,27.6,35,34.0,58,26.1,9,43.1,243,46.9,244,68.2,260,70.4,158,27.2,311,34.3,188,47.7,316,52.9,130,6.3,267,8.8,238
Detroit Mercy,42.699999999999996,271,51.0,347,35.099999999999994,41,32.9,287,30.5,223,32.6,213,23.9,203,23.799999999999997,141,26.4,324,33.0,293,44.1,210,51.9,348,65.6,319,73.7,296,31.2,248,36.6,271,44.0,353,56.4,224,5.0,330,8.8,239
Fresno St.,42.8,266,44.6,131,24.3,298,37.5,337,33.6,110,27.800000000000004,67,23.200000000000003,166,26.900000000000002,51,32.5,95,29.3,107,40.9,301,45.0,164,70.9,185,68.1,63,24.2,339,31.7,103,46.3,339,57.5,249,5.0,331,8.8,240
Saint Louis,42.0,289,43.9,94,32.9,68,31.0,250,32.4,150,35.6,305,24.7,241,23.200000000000003,174,26.7,319,29.8,132,42.8,250,43.5,99,72.6,130,71.8,220,30.3,261,34.1,180,52.9,219,52.3,112,11.3,44,8.9,241
Ohio,49.2,82,48.1,286,36.1,33,29.4,202,28.7,270,36.3,320,23.400000000000002,185,27.900000000000002,30,33.3,82,31.5,219,48.5,100,49.0,301,65.1,330,70.1,138,47.3,10,46.3,363,52.8,222,63.6,337,9.7,84,8.9,242
Duquesne,42.0,290,45.5,177,24.4,292,30.5,232,34.599999999999994,91,31.6,181,27.900000000000002,330,22.900000000000002,190,31.2,145,32.4,265,39.3,331,43.3,91,67.9,269,71.0,187,36.4,129,42.0,350,46.7,332,64.9,346,9.4,94,8.9,243
South Dakota,45.1,191,38.5,5,29.799999999999997,155,36.8,332,31.8,171,26.0,26,19.0,34,21.2,259,31.6,127,26.0,7,44.2,204,38.4,5,79.3,6,70.3,143,27.3,308,29.9,58,48.7,300,46.1,15,8.7,130,8.9,244
Georgetown,45.800000000000004,162,45.4,171,30.099999999999998,144,26.5,127,37.5,39,32.6,211,24.4,225,26.700000000000003,58,31.5,129,30.3,153,45.1,179,45.3,177,71.8,157,74.4,319,33.8,187,36.0,259,53.4,207,60.9,315,8.6,138,8.9,245
Pittsburgh,41.9,293,46.2,206,22.400000000000002,333,18.9,12,30.4,225,32.5,209,23.5,187,18.4,339,27.8,285,31.8,236,41.9,285,45.2,174,74.2,83,72.6,255,28.6,293,40.0,329,55.6,155,65.2,348,8.1,163,8.9,246
Missouri,53.1,21,46.6,224,32.4,80,19.7,14,25.8,316,30.7,155,21.8,117,16.6,361,37.8,12,31.6,223,50.6,49,46.1,209,79.3,7,73.4,281,41.2,46,38.1,306,51.9,233,49.6,63,7.8,182,8.9,247
Liberty,49.2,81,46.300000000000004,208,27.3,217,28.199999999999996,168,35.6,73,28.9,98,27.200000000000003,316,19.400000000000002,323,37.8,11,32.1,244,45.4,174,45.2,172,67.2,288,76.1,356,33.6,193,37.9,302,55.5,159,55.2,193,7.3,210,8.9,248
New Orleans,38.5,346,50.9,346,30.3,139,30.7,239,29.5,256,41.6,356,24.5,234,23.599999999999998,154,24.0,355,35.2,345,39.6,326,49.7,321,67.9,271,71.8,223,31.4,246,36.7,276,51.8,238,68.5,360,6.6,257,8.9,249
Penn,44.2,212,42.8,49,23.7,312,23.3,46,30.8,207,31.7,186,22.1,131,22.8,193,29.2,232,31.3,205,44.5,199,40.5,23,78.2,15,73.2,275,38.5,81,34.8,205,61.3,62,62.7,332,9.1,110,9.0,250
Texas A&M Corpus Chris,43.4,239,45.300000000000004,165,36.5,28,35.9,322,31.7,172,35.3,297,30.7,357,19.3,326,29.3,229,31.7,231,43.1,245,44.1,121,63.0,343,72.7,262,37.4,107,36.4,267,60.7,71,56.2,216,8.4,150,9.0,251
East Tennessee St.,38.1,350,43.0,54,32.2,86,27.6,154,31.4,180,30.599999999999998,149,22.0,125,22.6,200,24.8,350,31.8,237,38.5,338,40.9,29,72.0,151,73.7,289,35.0,160,31.9,107,48.0,311,48.3,43,7.5,197,9.0,252
Saint Peter's,39.4,337,48.699999999999996,305,27.0,226,26.1,115,27.900000000000002,286,37.9,336,24.0,209,23.5,158,27.8,283,34.0,330,38.0,346,46.9,246,62.6,348,67.5,45,36.6,120,42.7,357,55.1,173,62.8,333,7.3,212,9.0,253
Southeastern Louisiana,40.1,330,51.1,350,25.2,271,27.500000000000004,152,30.8,209,43.4,361,23.9,205,20.599999999999998,282,29.4,218,29.0,90,38.1,345,55.6,361,69.1,242,67.7,53,34.0,179,36.7,273,49.2,293,53.2,137,4.1,351,9.0,254
Miami OH,52.800000000000004,23,44.7,134,25.900000000000002,245,30.9,249,25.900000000000002,315,31.900000000000002,191,23.200000000000003,169,29.4,17,35.3,31,30.9,184,52.7,25,43.7,107,77.0,27,70.9,179,43.9,23,36.0,256,65.3,23,54.4,167,11.4,40,9.1,255
Tarleton St.,44.5,203,44.5,127,28.499999999999996,178,27.500000000000004,150,31.0,199,27.700000000000003,63,25.4,264,21.3,256,31.9,117,30.7,176,43.0,247,43.6,106,64.6,335,68.3,72,31.1,250,35.9,251,49.2,291,52.6,121,10.8,51,9.1,256
Stetson,49.9,61,44.9,143,27.400000000000002,210,28.999999999999996,186,29.5,255,33.4,240,20.3,76,20.0,304,33.5,78,29.3,106,49.6,75,45.5,180,66.3,308,72.1,237,42.8,30,36.3,264,55.4,163,51.3,89,7.0,227,9.1,257
Pepperdine,51.300000000000004,38,43.1,57,24.6,284,25.900000000000002,111,28.599999999999998,271,28.1,76,24.2,212,18.4,340,34.3,50,32.6,274,51.2,45,40.6,24,76.4,37,73.0,269,36.2,133,30.3,69,60.8,68,56.2,215,6.6,254,9.1,258
Murray St.,48.3,99,48.8,307,40.300000000000004,7,24.7,73,31.6,173,28.1,75,18.4,22,18.2,342,28.8,254,33.1,301,51.8,37,48.5,289,82.5,2,69.0,94,40.7,51,26.1,9,49.2,289,48.8,51,5.6,307,9.1,259
East Texas A&M,43.8,227,45.1,155,26.1,244,29.9,215,25.3,323,32.7,218,20.8,90,20.9,270,29.4,217,30.0,139,43.6,233,45.1,168,71.6,165,74.2,311,33.9,182,30.3,70,65.6,21,57.1,245,8.7,134,9.2,260
Cal St. Fullerton,41.6,301,50.4,342,30.3,138,35.4,316,39.6,20,36.0,316,23.200000000000003,172,35.6,1,24.7,351,33.9,328,43.0,248,50.1,328,68.1,265,77.3,362,22.7,353,41.3,343,54.9,177,67.3,357,7.3,213,9.2,261
San Jose St.,39.1,341,47.699999999999996,272,27.800000000000004,200,22.900000000000002,39,24.099999999999998,339,38.0,337,25.6,275,19.7,315,26.7,320,33.7,321,38.3,341,45.7,195,70.2,216,74.2,314,45.5,17,41.9,347,56.8,127,62.4,328,10.2,63,9.3,262
Weber St.,43.8,228,47.0,243,30.3,135,32.2,273,24.0,341,32.800000000000004,225,25.6,273,22.1,219,29.2,233,33.3,314,43.9,218,45.6,189,76.8,34,75.6,348,38.3,89,33.7,165,60.0,76,55.1,189,9.4,92,9.3,263
Texas A&M,40.8,314,46.5,223,35.0,42,31.3,257,33.6,109,33.2,232,24.4,226,24.3,123,26.1,332,33.0,294,41.5,290,45.0,163,67.1,290,72.1,236,31.8,237,33.5,161,56.8,126,61.5,317,7.0,231,9.3,264
Sacred Heart,43.2,250,46.0,200,39.1,11,28.299999999999997,169,32.7,137,31.2,168,27.400000000000002,323,22.6,205,29.5,212,29.3,108,42.7,258,47.0,249,69.6,234,70.9,185,28.8,288,33.6,163,57.0,120,58.4,270,6.2,280,9.3,265
Wright St.,43.5,236,50.2,338,25.6,254,32.6,280,24.7,331,34.1,267,19.7,54,21.4,249,32.1,111,33.2,304,40.7,304,50.4,334,70.3,214,72.2,242,37.6,105,37.0,282,49.5,282,54.9,184,4.2,348,9.3,266
Brown,45.1,190,40.8,14,23.9,305,23.3,45,35.0,86,29.099999999999998,101,22.900000000000002,154,23.0,187,28.5,267,26.7,20,46.4,144,41.4,39,65.4,321,75.3,341,36.7,119,38.7,318,55.2,169,55.2,194,9.8,78,9.4,267
Dayton,48.4,96,46.0,197,33.6,58,24.9,79,36.9,48,31.2,166,26.200000000000003,294,20.0,308,31.0,153,30.7,177,49.4,82,45.9,198,65.9,315,73.7,295,32.9,209,35.9,248,47.2,325,52.0,107,9.4,91,9.4,268
Clemson,51.6,33,45.0,147,27.0,222,25.1,85,34.4,96,23.400000000000002,2,19.400000000000002,45,21.5,244,34.3,48,33.2,303,51.7,38,43.0,76,67.4,281,72.7,261,43.6,26,29.6,48,53.2,209,46.9,23,7.8,180,9.4,269
Iona,40.2,328,45.2,161,23.1,323,28.299999999999997,171,33.2,121,31.900000000000002,190,20.4,80,23.7,149,26.4,325,28.7,77,40.6,305,46.1,214,72.4,141,69.5,108,33.8,183,30.3,71,57.0,119,61.7,322,4.8,335,9.4,270
Coastal Carolina,47.3,118,44.3,114,35.4,38,32.1,272,34.300000000000004,99,32.7,215,25.3,261,25.8,80,33.9,62,28.1,45,44.8,188,46.0,205,68.4,257,71.7,216,41.7,45,45.2,360,51.0,258,60.5,309,10.7,54,9.5,271
Charlotte,42.3,282,47.199999999999996,254,22.2,339,29.599999999999998,209,42.699999999999996,5,35.8,309,24.5,232,24.4,118,31.5,130,32.7,284,40.0,316,46.2,219,68.9,247,70.8,175,32.0,230,33.5,160,51.0,257,53.3,139,8.9,117,9.5,272
Texas Southern,40.5,324,46.6,226,35.4,39,37.3,336,30.0,245,37.4,332,26.1,291,20.5,288,26.3,329,30.6,172,41.0,298,46.9,245,63.2,340,69.6,115,35.9,141,28.9,38,47.6,317,48.7,49,4.5,341,9.5,273
Temple,45.800000000000004,163,48.1,288,28.999999999999996,173,25.8,107,35.6,72,31.2,167,23.9,200,22.7,196,33.3,83,35.4,346,43.8,226,45.5,182,71.0,183,73.7,290,33.2,199,34.1,179,53.8,196,63.6,336,4.5,343,9.5,274
Eastern Kentucky,48.9,85,41.699999999999996,26,26.5,235,27.200000000000003,142,28.599999999999998,272,27.400000000000002,57,18.9,30,23.1,178,31.5,131,25.3,6,49.9,65,43.6,100,73.4,106,68.5,78,40.2,58,34.0,174,56.6,129,42.6,3,9.7,83,9.6,275
Monmouth,43.5,235,43.2,64,32.4,78,30.0,216,35.699999999999996,68,34.8,283,24.4,227,25.7,82,26.5,323,30.3,157,45.4,173,42.3,58,68.8,248,71.5,209,32.4,223,30.2,67,47.8,314,52.4,115,8.2,159,9.6,276
California,49.8,63,43.4,70,32.300000000000004,83,21.099999999999998,26,32.5,143,31.6,183,23.0,159,20.1,300,31.5,134,30.2,147,51.4,41,42.8,72,69.7,229,70.8,174,38.0,96,25.4,7,64.3,34,48.6,45,8.1,161,9.6,277
Bethune Cookman,38.3,348,47.9,283,33.800000000000004,56,39.1,350,32.2,159,38.800000000000004,346,30.099999999999998,355,24.7,107,28.3,273,29.2,104,36.8,353,49.9,326,70.4,210,68.5,79,26.4,323,32.7,137,49.3,286,61.5,318,8.1,162,9.6,278
Delaware St.,39.1,342,47.5,261,27.3,218,39.5,353,25.5,322,35.9,315,27.3,321,24.6,113,27.6,291,31.2,198,38.4,339,47.8,272,63.4,338,75.0,331,23.4,350,31.9,109,49.9,278,56.8,236,7.0,229,9.6,279
North Florida,44.800000000000004,197,50.2,336,23.200000000000003,321,30.4,228,28.599999999999998,274,37.0,328,26.5,304,23.599999999999998,155,28.7,255,31.1,191,46.0,157,52.2,350,73.9,93,70.9,180,40.6,53,35.2,215,55.6,153,49.5,61,6.3,266,9.6,280
Florida Atlantic,44.5,204,47.599999999999994,265,29.7,161,33.900000000000006,302,28.000000000000004,283,33.800000000000004,252,25.7,276,23.799999999999997,144,30.4,180,32.5,272,43.8,223,47.1,252,66.8,294,66.4,27,38.4,84,27.9,23,53.7,200,47.5,32,5.4,313,9.6,281
Western Michigan,42.1,286,48.1,292,29.2,167,26.0,113,25.8,317,31.0,160,25.8,280,22.3,209,28.0,278,31.6,226,42.1,279,48.4,288,61.1,359,67.5,46,41.9,42,31.9,106,61.2,64,55.8,206,5.1,326,9.6,282
Boston College,42.3,283,54.50000000000001,362,24.8,281,27.900000000000002,163,28.1,282,33.6,245,21.0,96,22.1,217,30.0,194,34.3,335,40.6,307,56.4,362,76.4,42,76.7,359,38.3,90,38.4,313,55.9,147,60.3,302,3.0,360,9.6,283
Marshall,49.6,70,44.7,135,27.700000000000003,202,24.099999999999998,62,33.1,124,41.5,355,21.7,114,27.800000000000004,31,33.4,79,30.7,174,49.1,90,44.1,120,70.1,219,73.3,279,46.8,13,31.7,98,54.0,195,58.9,280,11.8,31,9.7,284
UTSA,43.3,244,43.3,67,28.999999999999996,171,23.0,40,34.5,93,31.4,177,26.700000000000003,308,24.7,106,30.0,193,30.0,138,42.6,259,42.3,60,69.6,232,67.6,49,28.2,301,35.7,240,60.1,74,56.6,228,9.1,108,9.7,285
Utah Valley,42.3,280,49.6,327,32.300000000000004,84,33.7,299,26.6,306,34.9,287,25.0,253,33.7,6,31.5,128,35.9,358,40.1,315,47.0,250,71.0,184,70.9,181,31.4,245,38.1,308,63.3,43,69.4,362,8.9,121,9.7,286
Loyola Chicago,43.3,242,45.0,149,27.3,216,30.2,218,29.4,260,37.5,333,24.5,233,27.0,49,27.2,304,27.7,35,44.4,202,46.6,234,66.6,298,71.7,217,32.4,224,30.0,60,57.2,117,65.7,352,7.9,179,9.7,287
Illinois St.,48.8,89,47.3,257,33.900000000000006,54,24.7,74,31.900000000000002,166,29.299999999999997,107,19.8,58,20.8,274,30.9,160,29.7,125,49.9,66,48.6,293,74.2,85,70.4,149,31.6,240,31.2,86,63.8,38,48.1,39,7.1,218,9.7,288
West Georgia,48.9,84,45.1,151,38.1,14,29.4,201,31.5,179,32.4,205,25.3,260,22.0,226,32.5,96,28.3,53,49.1,89,46.6,233,70.7,196,69.1,98,43.6,25,34.3,185,47.5,320,55.3,197,6.1,286,9.7,289
Cleveland St.,48.3,100,44.5,124,40.2,9,26.900000000000002,132,31.2,192,28.299999999999997,80,24.0,206,24.2,127,29.1,243,29.1,100,50.8,48,45.0,162,73.4,108,69.6,111,35.7,145,39.2,320,56.9,125,58.9,279,5.9,299,9.7,290
Lipscomb,44.1,215,44.4,120,31.0,114,21.6,28,24.3,337,31.900000000000002,192,28.1,336,21.099999999999998,268,28.4,270,28.9,85,45.2,178,45.1,166,71.0,182,72.7,259,44.0,22,37.6,297,45.1,347,49.7,67,13.9,11,9.8,291
Marquette,52.800000000000004,22,44.0,96,22.3,337,21.6,30,31.5,178,31.3,175,23.9,201,20.7,277,38.1,7,28.5,64,50.5,51,44.7,152,76.6,35,73.8,297,34.2,176,35.3,224,67.7,9,55.6,202,12.0,29,9.8,292
Butler,48.9,86,47.0,241,27.0,225,21.7,31,26.5,307,30.4,140,26.8,311,20.9,273,31.3,142,32.1,247,50.2,61,46.5,226,75.2,59,68.3,69,38.0,95,28.8,32,63.7,39,53.9,156,6.9,234,9.8,293
Air Force,40.6,319,47.8,277,23.799999999999997,311,32.7,284,30.9,204,27.200000000000003,53,21.099999999999998,97,25.4,92,28.1,275,31.5,222,39.8,322,48.1,281,69.7,231,71.5,208,34.0,180,34.7,202,53.2,212,51.8,102,6.1,283,9.8,294
Incarnate Word,44.6,200,47.599999999999994,264,31.0,117,29.099999999999998,190,33.2,122,35.699999999999996,307,25.3,262,20.599999999999998,283,29.6,211,28.5,67,44.7,193,49.7,320,71.7,163,75.0,329,42.8,31,29.3,41,51.3,251,46.7,21,5.3,319,9.8,295
Northern Arizona,46.6,140,50.0,335,32.5,76,29.2,193,25.7,319,31.2,172,22.2,134,22.0,225,35.0,38,32.0,240,43.7,229,51.4,344,73.2,115,73.7,288,33.1,204,39.7,324,55.6,154,55.2,192,5.2,322,9.8,296
Georgia St.,42.9,261,49.9,333,37.4,17,32.9,286,26.3,313,43.7,362,20.0,64,26.8,52,27.5,293,31.4,216,43.8,222,51.8,346,67.8,275,66.6,28,38.2,91,40.4,337,47.1,328,59.7,296,3.2,358,9.8,297
Oral Roberts,48.5,93,51.9,354,31.0,118,29.5,208,26.400000000000002,308,33.7,249,20.0,63,23.799999999999997,140,35.5,30,34.5,338,46.6,140,51.9,347,75.1,65,74.2,310,27.6,305,37.0,286,43.0,357,56.6,230,7.7,189,9.9,298
UNC Greensboro,41.9,294,46.5,222,25.5,258,30.4,225,30.599999999999998,219,30.5,143,23.1,162,26.1,74,29.9,197,35.7,352,39.9,321,43.2,85,72.3,142,76.6,358,40.4,57,31.7,99,55.6,152,51.6,97,7.1,220,9.9,299
Long Beach St.,40.2,329,48.8,311,22.7,328,26.400000000000002,125,27.6,295,33.2,235,27.0,312,18.099999999999998,343,28.6,264,30.6,171,38.5,337,50.8,337,65.9,316,74.6,325,37.9,100,39.8,326,61.2,65,64.8,345,6.8,242,9.9,300
Norfolk St.,38.7,344,41.0,18,26.200000000000003,241,32.5,278,30.0,244,35.5,302,24.4,228,25.6,85,26.8,316,28.4,63,37.9,348,40.2,20,70.7,193,74.2,312,32.9,210,34.9,208,51.4,250,57.8,252,13.5,16,10.0,301
Alabama,51.7,32,41.199999999999996,21,28.499999999999996,177,24.2,64,32.9,129,28.299999999999997,79,21.2,99,21.8,234,37.1,15,30.5,162,49.2,87,39.3,12,73.1,116,70.5,160,38.9,76,29.3,42,54.9,174,49.8,68,12.8,19,10.0,302
BYU,46.800000000000004,130,42.0,33,29.7,158,30.5,231,35.699999999999996,69,29.9,123,24.3,221,25.1,99,30.4,179,26.9,24,47.7,114,43.0,78,69.8,226,75.3,340,42.7,33,36.4,266,59.1,86,58.4,269,12.5,23,10.0,303
Northern Iowa,46.5,146,45.1,152,28.299999999999997,185,24.7,75,24.5,333,26.1,33,20.8,89,20.599999999999998,279,31.8,118,33.2,305,45.8,162,42.3,57,69.5,236,70.1,135,36.9,116,37.5,296,55.5,157,58.2,262,11.6,35,10.0,304
Bucknell,42.699999999999996,270,44.4,122,22.5,331,23.9,59,21.9,357,33.6,246,23.1,163,21.9,229,27.3,301,28.8,81,43.8,219,45.1,167,70.0,225,70.9,184,36.6,124,36.1,261,57.8,104,57.9,253,9.8,79,10.0,305
Nebraska,55.1,9,49.3,320,27.900000000000002,198,27.400000000000002,147,31.900000000000002,167,30.099999999999998,129,19.6,50,26.0,77,36.6,18,30.7,173,55.2,10,51.2,339,78.8,11,72.9,267,35.9,142,36.0,258,62.6,51,52.4,113,9.6,85,10.0,306
Eastern Illinois,41.5,305,46.800000000000004,233,24.4,294,33.800000000000004,301,25.2,327,31.7,187,25.0,250,20.5,286,29.2,235,31.5,221,40.1,312,46.5,230,75.5,53,72.1,234,36.3,131,29.8,54,54.4,187,53.8,152,8.8,125,10.0,307
New Mexico,47.0,124,44.9,144,23.599999999999998,314,26.1,116,34.2,101,26.0,25,22.3,135,24.6,111,31.3,141,30.0,137,47.0,129,44.7,153,65.1,328,70.2,142,41.7,44,36.0,257,50.0,276,57.0,242,7.6,195,10.0,308
Louisiana Tech,50.8,46,46.1,201,30.099999999999998,146,32.800000000000004,285,38.3,28,33.1,229,24.2,217,27.700000000000003,32,34.9,39,32.0,241,49.9,67,45.2,169,71.6,166,70.4,155,35.8,143,31.1,83,64.8,29,54.4,168,6.6,252,10.0,309
Tennessee Tech,41.5,303,47.199999999999996,255,31.4,106,29.799999999999997,211,40.6,13,27.800000000000004,66,22.900000000000002,152,23.0,186,30.2,188,27.2,30,39.4,327,49.6,316,71.3,174,68.7,84,35.2,156,27.5,19,51.1,256,48.7,48,6.2,271,10.0,310
Eastern Washington,43.1,256,45.1,156,30.0,150,30.5,230,30.4,227,24.7,10,20.7,86,18.0,344,28.0,279,30.7,179,43.7,228,44.6,149,67.5,280,73.0,270,34.4,172,32.5,127,46.0,343,51.3,91,6.2,274,10.0,311
Portland St.,42.1,288,48.5,301,37.2,20,25.5,93,32.0,162,36.4,321,24.8,245,18.4,341,25.4,344,32.4,268,43.6,235,48.5,292,71.4,172,74.5,322,28.3,300,29.7,52,49.9,277,50.6,77,6.0,293,10.0,312
Rutgers,40.400000000000006,326,46.800000000000004,234,32.2,89,28.799999999999997,181,33.900000000000006,104,36.7,325,24.8,246,22.3,207,29.0,251,32.2,257,38.8,334,45.9,204,66.7,295,68.9,93,33.1,202,35.8,244,57.3,116,63.5,335,9.9,72,10.1,313
Wichita St.,42.1,287,46.7,228,27.900000000000002,195,33.4,295,30.9,205,34.599999999999994,282,25.6,274,22.3,208,27.2,305,31.3,207,42.6,260,46.7,237,64.8,333,66.7,30,29.6,274,34.2,184,53.1,215,52.4,114,8.6,135,10.1,314
Valparaiso,37.9,353,49.6,328,28.199999999999996,188,29.299999999999997,199,23.0,350,31.5,180,25.8,281,16.3,362,25.0,348,33.6,319,38.2,343,49.3,307,65.2,325,66.8,32,38.7,77,31.7,100,56.0,143,63.9,340,6.4,265,10.1,315
Stonehill,43.5,234,50.2,337,24.6,288,23.1,43,34.2,100,32.1,198,25.5,267,20.5,287,28.6,263,33.2,309,43.8,225,50.3,332,72.8,128,67.3,41,31.5,243,30.1,64,64.5,31,55.5,200,5.6,310,10.1,316
IU Indy,44.0,217,49.5,325,41.3,4,38.1,342,29.5,258,35.199999999999996,296,23.9,204,26.8,55,27.8,282,28.3,55,45.3,175,53.1,355,67.4,283,70.3,147,37.1,111,33.9,169,46.4,337,58.4,272,7.1,224,10.2,317
Morgan St.,38.3,347,50.2,339,32.5,77,34.1,307,23.7,345,42.4,358,28.1,339,21.4,252,30.0,195,29.7,126,35.9,357,53.0,353,72.3,146,70.7,170,26.8,317,33.3,154,57.3,115,57.0,239,4.7,338,10.2,318
Cal Poly,40.699999999999996,316,49.7,329,32.0,93,34.8,313,26.900000000000002,301,33.900000000000006,258,29.9,354,19.900000000000002,310,27.5,296,30.4,160,40.5,308,52.5,351,74.3,81,71.5,204,29.3,281,40.3,335,50.5,269,55.8,208,4.2,349,10.2,319
Kansas,53.300000000000004,19,45.800000000000004,191,36.7,25,31.7,265,26.700000000000003,304,29.4,113,23.200000000000003,168,22.2,213,34.8,42,31.4,209,53.8,19,45.0,161,74.7,73,74.3,317,31.6,242,36.7,275,57.7,108,54.5,169,8.8,126,10.3,320
UMass Lowell,43.4,240,50.3,340,21.7,344,23.0,41,31.2,191,38.7,345,26.0,287,20.1,302,27.8,284,34.2,332,44.8,191,49.8,324,67.3,285,75.1,332,44.9,18,32.6,128,48.4,303,62.5,331,6.9,236,10.3,321
USC,46.6,142,41.3,23,24.3,296,26.900000000000002,133,34.1,102,32.0,196,19.8,59,24.4,117,30.6,169,26.3,11,47.0,127,42.0,51,68.5,254,70.1,136,38.3,86,27.9,24,65.9,20,63.8,338,14.1,9,10.4,322
DePaul,42.5,277,52.6,359,21.2,353,35.4,317,33.300000000000004,118,34.5,276,22.6,145,24.9,103,29.1,241,32.6,276,41.9,286,54.1,358,60.8,360,70.9,186,31.8,236,28.8,34,67.4,10,64.6,342,6.3,270,10.4,323
Coppin St.,37.2,357,48.3,296,33.7,57,31.8,267,34.5,94,34.0,260,31.2,359,26.8,57,27.1,306,33.2,310,35.5,359,47.6,270,69.0,245,71.6,211,32.0,231,33.0,144,52.2,230,59.4,291,6.0,294,10.5,324
Houston Christian,43.6,233,49.0,315,33.4,61,30.599999999999998,234,28.199999999999996,281,34.300000000000004,271,28.000000000000004,335,24.3,125,26.6,322,32.8,286,46.1,153,48.9,299,66.2,310,72.1,238,41.0,48,35.3,222,56.5,132,56.9,237,5.1,328,10.5,325
Bowling Green,43.3,243,49.3,322,34.599999999999994,47,36.0,323,30.3,235,32.4,206,24.8,244,27.200000000000003,45,27.3,300,32.7,285,44.9,187,49.4,308,73.2,114,73.3,277,41.0,49,33.8,168,58.7,91,56.5,227,9.2,104,10.6,326
Western Carolina,38.2,349,48.8,314,35.6,37,34.1,306,28.999999999999996,265,35.099999999999994,294,29.7,352,22.1,221,27.5,294,34.4,337,36.5,356,47.4,267,74.0,90,68.1,61,35.4,152,34.6,197,56.7,128,52.9,128,8.3,154,10.6,327
Montana,46.400000000000006,148,49.2,318,21.3,352,23.599999999999998,49,15.7,363,31.1,165,20.200000000000003,71,17.1,356,31.4,139,31.4,210,45.6,167,50.3,330,75.3,56,69.9,127,54.1,1,33.7,164,49.2,290,52.5,118,7.2,214,10.6,328
Oakland,45.1,187,52.1,356,29.9,154,27.0,136,30.5,221,29.5,118,24.6,236,18.7,336,30.7,167,35.7,351,44.5,201,51.3,342,72.3,145,70.0,130,37.9,98,34.3,186,52.7,223,56.0,212,7.7,188,10.7,329
UNC Wilmington,44.800000000000004,196,48.4,298,30.3,137,28.199999999999996,167,31.8,169,37.6,334,28.4,343,21.4,253,29.8,204,35.4,348,44.8,192,46.1,211,67.1,291,63.3,1,33.0,205,32.3,117,46.2,341,54.6,178,6.5,261,10.7,330
Morehead St.,47.099999999999994,122,46.300000000000004,209,31.0,115,31.4,259,24.5,335,30.5,145,23.3,173,23.7,150,29.1,245,32.1,249,50.0,64,45.1,165,70.0,224,75.9,353,45.9,16,39.8,325,62.2,57,53.5,146,6.1,284,10.7,331
North Dakota,44.3,208,48.1,289,31.8,98,23.5,48,20.0,360,26.200000000000003,36,29.099999999999998,348,16.8,360,26.3,331,35.7,353,48.8,94,45.5,181,73.5,103,72.4,248,47.7,9,32.3,113,55.1,171,54.9,183,6.1,285,10.7,332
USC Upstate,42.3,281,47.8,275,21.9,341,26.900000000000002,134,35.3,80,30.4,136,33.5,362,19.400000000000002,324,30.3,184,32.9,288,40.7,303,46.6,235,69.0,244,71.3,198,33.7,192,42.4,355,51.8,242,52.9,129,8.0,166,10.8,333
Purdue,49.4,73,49.5,324,25.3,268,33.2,291,32.7,138,27.800000000000004,68,22.5,144,21.099999999999998,265,33.7,71,35.8,355,48.8,95,47.2,255,74.4,79,75.6,350,35.8,144,35.5,232,58.7,92,54.6,175,7.6,194,10.8,334
Tennessee St.,41.5,304,48.8,309,32.5,75,34.5,310,30.099999999999998,240,33.800000000000004,251,28.1,337,21.2,263,30.1,191,34.3,334,40.1,314,47.5,269,65.3,324,74.3,318,28.5,295,32.3,119,47.5,319,50.7,80,8.4,146,10.9,335
Jacksonville St.,44.4,207,46.6,225,25.6,251,25.2,89,30.7,213,27.400000000000002,56,21.6,106,20.4,290,32.4,101,32.3,259,41.3,293,45.9,203,70.2,217,65.0,7,42.7,32,27.3,16,47.2,324,45.9,14,7.3,205,10.9,336
Queens,40.9,313,48.6,304,25.8,246,30.3,221,29.2,262,31.6,184,25.0,249,22.7,197,30.6,170,31.6,225,37.8,350,49.2,306,62.2,355,71.0,188,38.3,87,32.5,124,51.6,245,48.3,42,7.3,207,10.9,337
Georgia Tech,43.7,231,43.7,79,30.9,121,25.4,90,30.8,208,28.299999999999997,81,22.900000000000002,153,19.5,318,26.1,334,29.6,124,45.5,170,43.3,87,72.5,135,69.6,113,28.0,302,34.4,192,66.1,19,61.8,323,9.1,109,11.0,338
Drake,47.8,106,49.2,317,29.7,162,31.7,266,33.5,114,27.400000000000002,54,23.400000000000002,177,15.5,363,29.7,210,32.5,273,49.6,77,49.5,311,69.3,238,74.9,327,35.5,150,35.3,223,70.6,2,51.6,95,6.5,260,11.0,339
Florida St.,43.9,222,46.7,227,27.900000000000002,194,27.500000000000004,151,30.7,214,31.2,171,20.0,61,18.4,337,31.5,135,32.2,254,41.8,287,45.9,202,74.1,88,75.5,345,39.2,73,32.7,133,48.3,306,51.3,90,11.0,49,11.1,340
Bellarmine,36.6,360,51.300000000000004,353,33.4,62,25.6,98,22.5,353,38.800000000000004,348,28.999999999999996,347,18.0,348,26.4,326,32.0,243,34.9,363,53.9,357,68.4,259,74.2,315,36.3,132,43.3,359,51.6,247,62.4,329,4.0,353,11.1,341
American,41.6,302,47.599999999999994,266,23.799999999999997,310,20.7,24,24.9,330,31.0,161,21.9,123,19.400000000000002,321,26.7,321,28.5,71,42.8,249,50.1,329,74.8,71,65.0,6,42.5,35,33.5,158,59.4,81,55.9,209,5.1,327,11.2,342
Alabama St.,41.9,295,43.3,68,30.5,128,37.1,334,34.5,95,36.1,317,31.3,360,23.400000000000002,164,25.4,342,29.8,133,43.2,242,42.7,69,57.1,361,65.7,13,25.9,326,31.3,91,44.5,349,58.6,274,4.4,345,11.3,343
Dartmouth,39.900000000000006,335,45.6,187,26.5,237,16.900000000000002,3,31.1,194,36.3,319,25.0,254,19.5,319,26.9,312,29.4,112,39.7,324,46.3,222,71.9,155,70.5,161,38.5,80,34.5,193,63.5,40,59.7,295,5.9,300,11.4,344
Northern Illinois,42.8,264,50.5,344,39.300000000000004,10,34.0,303,25.5,321,32.6,214,26.3,297,21.9,231,28.7,257,36.2,361,42.6,261,48.6,296,65.8,317,70.2,141,30.5,258,34.3,187,54.2,192,57.9,254,5.0,332,11.5,345
Mississippi Valley St.,37.2,356,47.8,278,36.3,32,42.3,361,30.4,230,40.400000000000006,353,27.900000000000002,333,22.7,199,23.4,358,33.9,329,38.2,344,46.4,223,61.9,356,73.6,287,30.5,259,29.9,57,46.1,342,54.5,172,9.0,114,11.6,346
North Carolina A&T,41.099999999999994,310,46.1,203,44.2,1,28.799999999999997,179,37.5,41,35.0,289,30.7,356,24.099999999999998,135,25.0,346,33.1,302,42.4,268,44.0,119,65.1,327,72.4,252,27.9,303,36.7,277,56.9,124,59.2,284,9.3,99,11.7,347
Stony Brook,41.699999999999996,300,42.3,37,31.4,104,20.599999999999998,22,35.5,75,32.6,212,28.499999999999996,344,23.1,181,30.1,190,26.6,15,39.9,319,43.4,95,67.2,287,68.1,65,34.6,164,31.9,108,57.7,107,56.0,211,7.2,215,12.0,348
Maryland Eastern Shore,40.8,315,45.5,178,36.6,27,39.0,347,35.4,79,35.0,291,27.3,320,26.6,61,28.6,259,32.6,277,40.1,313,43.8,113,70.4,207,68.3,71,22.5,354,33.1,146,46.3,340,62.0,325,6.7,250,12.0,349
UC Riverside,45.300000000000004,180,46.800000000000004,230,23.799999999999997,307,29.299999999999997,200,25.2,326,32.1,201,23.9,202,23.200000000000003,173,29.8,203,33.3,313,45.7,166,45.2,171,73.7,97,69.3,103,42.6,34,32.6,129,58.5,95,57.1,246,6.2,279,12.1,350
Arkansas St.,45.6,168,46.400000000000006,217,27.700000000000003,205,41.0,359,35.3,81,36.8,326,22.1,132,33.6,7,28.6,258,27.9,42,48.3,102,48.5,290,70.5,206,70.4,156,49.6,4,31.2,84,53.0,216,54.0,159,5.8,302,12.2,351
Utah Tech,43.1,255,43.1,62,28.999999999999996,170,28.599999999999998,176,21.099999999999998,359,30.3,135,23.0,158,20.1,299,27.4,298,30.1,143,44.9,185,42.2,54,67.2,286,69.0,96,47.7,8,30.8,78,60.9,66,49.6,62,7.4,200,12.3,352
Kent St.,45.4,172,46.400000000000006,219,35.099999999999994,40,31.900000000000002,269,38.0,31,35.4,300,27.0,314,22.900000000000002,189,29.2,231,30.5,166,46.2,147,46.8,240,78.6,12,69.9,126,30.3,260,38.6,314,55.7,149,56.2,218,6.1,287,12.4,353
Abilene Christian,46.2,153,48.1,287,29.9,153,27.900000000000002,162,32.5,146,27.0,49,21.7,111,29.799999999999997,13,27.7,286,30.1,142,49.7,73,49.7,318,74.5,77,65.4,8,42.4,37,35.5,231,51.7,243,58.8,276,5.4,318,12.4,354
Le Moyne,42.9,263,50.5,343,25.5,261,25.0,82,27.800000000000004,292,32.9,227,27.700000000000003,326,17.9,349,31.1,149,33.3,312,40.5,309,50.9,338,76.6,36,75.9,351,39.3,71,40.0,328,57.9,103,62.4,327,4.3,347,12.5,355
SMU,43.9,223,47.199999999999996,252,29.7,160,28.499999999999996,173,29.799999999999997,248,39.300000000000004,351,23.5,189,24.2,126,31.6,123,33.4,315,42.2,276,46.0,208,68.6,253,71.8,222,32.8,212,30.3,72,47.1,326,56.4,223,10.5,56,12.6,356
Presbyterian,34.8,363,53.900000000000006,360,31.1,111,39.6,354,31.0,201,37.2,330,28.299999999999997,341,23.599999999999998,156,22.2,361,37.5,363,35.4,361,52.9,352,62.6,349,69.7,121,26.2,325,29.5,47,38.2,363,56.4,225,6.1,288,12.7,357
Middle Tennessee,47.199999999999996,121,43.7,77,29.9,151,30.599999999999998,235,31.3,188,30.3,134,27.3,319,23.200000000000003,176,33.7,69,29.6,119,44.9,184,43.3,88,73.5,101,69.8,123,41.0,47,36.1,260,49.2,292,54.7,179,7.9,175,12.9,358
Mercyhurst,46.5,145,56.39999999999999,363,25.1,273,30.4,227,26.3,312,42.1,357,23.5,190,24.3,122,33.2,86,36.5,362,43.4,240,57.1,363,75.2,61,72.2,240,48.6,6,31.3,88,56.4,134,55.6,204,2.2,363,13.5,359
Samford,44.9,193,47.8,274,24.4,295,27.200000000000003,143,22.400000000000002,355,38.5,343,23.1,165,19.400000000000002,322,31.0,154,31.6,224,43.3,241,48.1,280,72.5,137,70.4,152,48.5,7,34.8,204,53.5,206,53.4,144,9.3,95,13.8,360
Utah,51.300000000000004,39,43.5,72,21.6,345,21.099999999999998,27,30.599999999999998,217,26.1,31,24.4,224,19.3,325,35.2,34,29.1,95,50.2,59,43.4,93,70.5,204,75.2,335,44.3,20,35.3,221,65.2,25,52.6,119,6.6,251,14.2,361
North Carolina Central,38.1,351,46.800000000000004,235,36.7,26,46.0,363,28.799999999999997,269,36.5,323,29.7,353,27.700000000000003,33,29.9,196,33.0,292,35.7,358,45.6,191,62.4,353,71.5,210,26.6,320,31.8,105,52.9,218,54.8,182,7.9,176,15.1,362
Nebraska Omaha,37.7,354,52.300000000000004,358,24.0,304,31.0,251,27.500000000000004,296,38.3,340,28.799999999999997,345,17.8,350,27.3,303,34.2,333,35.4,360,53.0,354,70.2,218,70.3,146,42.2,40,39.9,327,56.4,136,62.5,330,8.8,128,16.5,363
