TeamName,eFG%,Rk,eFG% Def,Rk,FTR,Rk,FTR Def,Rk,OR%,Rk,DR%,Rk,TO%,Rk,TO% Def.,Rk,3P%,rk,3pD%,rk,2p%,rk,2p%D,rk,ft%,rk,ft%D,rk,3P rate,rk,3P rate D,rk,arate,rk,arateD,rk
Western Illinois,50.7,45,43.8,81,36.8,19,25.4,94,25.3,328,26.5,41,16.7,6,21.5,235,34.8,34,30.4,149,50.2,53,42.8,73,78.5,13,72.4,232,26.1,322,36.8,285,47.5,329,47.1,26,8.7,119,3.7,1
Ball St.,51.6,27,43.0,48,31.4,90,26.1,114,35.099999999999994,74,27.1,57,22.8,168,21.0,256,33.5,66,30.4,150,52.4,23,41.5,39,68.6,272,69.6,88,35.5,149,36.9,287,67.5,10,48.8,46,8.9,108,4.1,2
Texas,53.2,18,43.0,47,29.7,137,34.8,326,40.9,9,27.500000000000004,64,16.6,5,31.3,8,33.9,58,29.4,100,53.8,14,42.5,67,72.4,153,70.5,126,19.1,363,30.0,62,54.4,178,46.4,22,13.5,14,4.4,3
Rhode Island,46.7,132,41.5,22,29.2,150,18.8,7,33.1,113,25.6,18,17.9,20,21.6,230,29.0,253,28.3,41,48.2,100,41.2,32,77.2,23,74.9,335,31.1,247,29.0,42,51.9,237,46.3,20,8.1,157,4.4,4
LSU,54.6,7,40.1,7,33.4,54,27.1,142,47.099999999999994,1,27.700000000000003,71,19.1,46,25.900000000000002,62,38.1,4,29.0,79,53.8,13,37.9,2,73.5,116,67.7,23,21.5,358,40.0,334,51.4,246,56.2,222,15.2,7,4.7,5
Syracuse,46.5,137,44.4,115,26.400000000000002,247,25.8,109,42.199999999999996,4,30.4,141,21.6,118,25.900000000000002,63,31.4,142,29.1,86,46.2,142,44.8,162,72.6,146,74.6,327,25.6,331,28.7,36,51.9,236,59.2,292,12.9,16,4.7,6
St. Bonaventure,45.9,155,45.6,187,24.6,287,25.3,92,25.900000000000002,314,29.2,111,22.5,152,22.900000000000002,170,29.4,234,29.8,120,46.7,132,46.2,221,72.9,139,72.8,253,29.2,282,40.8,348,47.9,320,54.4,174,8.4,142,4.8,7
Illinois Chicago,47.3,114,48.3,295,27.200000000000003,227,25.2,91,31.5,178,30.9,164,19.0,42,20.3,278,29.1,246,32.6,288,48.3,98,48.0,290,67.5,296,66.8,13,22.5,354,31.8,110,50.2,272,59.7,301,6.0,300,4.8,8
Troy,45.6,161,43.4,62,28.199999999999996,186,25.1,85,40.8,10,26.3,34,21.5,114,20.8,263,31.8,130,28.6,52,44.7,184,43.6,99,71.8,179,71.3,179,30.7,255,38.0,312,52.1,233,51.3,86,10.9,45,4.9,9
Michigan,51.9,21,45.6,185,30.599999999999998,114,30.0,218,40.9,8,27.1,54,19.7,58,28.9,16,33.4,67,31.4,212,52.7,20,44.9,166,67.9,288,73.2,276,29.8,270,34.2,185,54.9,162,58.8,286,9.7,78,4.9,10
Holy Cross,46.0,152,42.199999999999996,34,23.799999999999997,309,23.200000000000003,41,26.1,312,25.6,20,21.3,108,22.0,209,28.2,285,28.9,78,47.8,106,41.7,44,75.1,66,69.7,90,33.1,199,35.3,239,64.2,26,53.2,134,9.5,87,5.0,11
LIU,48.3,95,44.1,102,32.5,72,28.299999999999997,171,31.1,189,31.0,169,22.6,160,21.9,217,34.6,42,29.6,109,46.3,139,43.9,111,73.1,133,72.1,218,35.9,140,32.7,136,53.9,201,53.4,142,10.2,60,5.1,12
TCU,54.400000000000006,10,37.9,1,22.6,330,25.8,111,32.7,133,25.900000000000002,26,19.6,55,20.4,277,35.5,23,27.0,14,55.2,5,36.7,1,77.1,24,71.6,191,41.2,41,31.0,78,57.6,105,55.2,195,12.6,18,5.2,13
Belmont,45.9,156,43.8,83,30.8,106,31.6,266,28.9,260,34.1,279,17.8,19,23.5,144,30.9,160,28.9,74,45.5,167,44.1,124,71.4,191,73.7,295,40.5,52,37.4,300,54.1,190,60.0,305,11.1,41,5.2,14
Memphis,41.0,315,43.8,86,27.500000000000004,212,34.4,319,27.3,292,33.4,252,21.3,109,25.2,80,24.2,355,30.0,135,42.6,263,43.4,90,58.8,363,68.5,49,24.6,342,26.5,13,49.0,295,55.6,204,9.3,92,5.3,15
Mount St. Mary's,42.0,299,44.0,99,27.400000000000002,215,31.8,275,32.2,153,32.9,224,25.0,268,25.3,77,27.8,294,31.2,207,42.2,276,42.4,65,66.1,321,65.3,6,33.3,194,37.5,303,55.0,160,72.9,363,9.1,106,5.4,16
Rice,45.5,166,41.699999999999996,25,27.1,229,28.299999999999997,174,31.1,190,28.1,87,18.9,40,23.3,151,32.7,92,27.6,25,43.6,225,41.8,47,81.6,1,68.4,45,34.6,167,21.6,1,57.2,113,44.9,10,7.5,187,5.4,17
Eastern Michigan,46.9,126,47.3,266,28.299999999999997,183,33.1,295,30.099999999999998,221,30.5,152,23.599999999999998,206,21.2,249,27.8,295,30.0,132,49.7,65,48.5,305,74.7,78,69.8,96,34.7,164,35.1,226,53.5,210,52.4,112,6.4,272,5.4,18
Fairleigh Dickinson,49.6,63,39.5,4,20.1,357,24.8,79,39.1,18,27.500000000000004,65,20.7,92,21.6,231,34.4,44,29.2,88,48.1,102,38.0,5,72.3,159,71.2,169,43.4,24,26.1,9,53.9,199,37.7,1,8.2,151,5.5,19
Hawaii,48.6,88,40.300000000000004,8,27.3,219,24.8,76,29.2,248,27.700000000000003,74,24.099999999999998,227,19.3,317,34.8,35,28.7,56,46.4,136,38.7,7,74.5,87,71.1,163,36.8,117,35.6,255,53.9,203,49.1,49,16.7,1,5.6,20
Connecticut,59.699999999999996,1,39.300000000000004,3,19.400000000000002,360,20.0,17,34.699999999999996,75,28.1,86,17.4,11,33.5,4,39.6,1,27.4,20,59.8,1,38.0,4,74.9,71,74.0,304,36.1,135,44.2,361,68.1,8,61.5,323,16.4,4,5.6,21
UCF,44.4,204,46.300000000000004,227,32.1,80,26.1,113,31.7,167,33.4,248,24.9,265,22.3,195,25.8,343,31.0,197,46.1,145,46.2,222,72.8,142,71.0,154,22.8,353,31.3,91,49.3,287,55.7,206,9.1,104,5.6,22
Idaho St.,43.3,256,44.0,98,27.6,210,33.6,305,35.9,61,24.8,8,23.0,177,25.8,65,29.0,249,30.9,188,43.2,249,42.4,64,74.5,88,72.3,226,24.7,340,40.8,349,54.4,182,53.9,159,8.6,126,5.6,23
Nevada,42.0,297,45.6,190,28.799999999999997,162,24.6,73,31.5,176,29.5,119,24.099999999999998,228,22.0,210,23.0,360,29.3,97,44.5,189,46.5,236,61.9,357,73.9,303,24.7,341,34.7,209,48.8,299,52.0,101,7.1,222,5.6,24
Washington St.,46.400000000000006,143,49.0,314,21.099999999999998,352,26.6,130,27.6,287,33.4,251,22.8,170,18.9,325,29.0,255,35.0,348,47.9,105,47.4,262,75.2,65,76.0,355,34.6,172,32.9,144,61.1,62,48.0,33,6.2,282,5.6,25
UCLA,57.199999999999996,2,41.199999999999996,13,24.0,305,18.5,6,44.0,2,25.3,13,18.3,24,21.099999999999998,252,37.5,5,28.3,39,57.6,2,40.5,18,78.2,16,75.1,340,31.5,233,35.7,260,68.1,7,60.3,309,11.2,39,5.7,26
Wagner,40.1,337,43.3,57,32.6,68,38.1,346,30.7,203,33.900000000000006,269,26.5,317,28.000000000000004,26,24.0,356,30.5,164,41.3,300,41.9,48,62.2,355,73.1,273,23.7,348,35.5,250,50.6,263,57.3,251,8.8,115,5.7,27
George Mason,44.2,217,44.3,109,26.0,257,30.4,236,34.300000000000004,86,31.1,175,18.6,35,26.900000000000002,43,32.7,91,26.5,9,42.0,281,46.5,240,74.8,75,72.1,215,31.3,240,33.1,152,49.2,289,50.0,65,7.0,231,5.7,28
Youngstown St.,47.8,102,42.3,38,24.7,284,25.7,107,25.4,326,27.800000000000004,76,20.3,76,21.5,237,30.6,176,27.1,16,49.0,79,43.1,82,75.5,60,69.5,79,37.8,93,33.9,172,62.6,38,53.5,145,12.6,17,5.8,29
Massachusetts,47.199999999999996,119,44.0,96,25.5,272,26.200000000000003,117,35.9,59,32.9,223,20.9,100,26.900000000000002,44,30.9,158,28.7,59,47.6,111,44.6,150,69.6,244,70.2,114,29.2,281,39.7,331,61.1,65,64.9,353,10.2,63,5.8,30
La Salle,43.9,232,44.9,150,27.3,221,28.599999999999998,181,30.9,193,34.0,272,22.6,162,24.9,89,29.6,221,30.3,146,43.7,221,44.7,158,69.5,249,70.5,127,29.0,286,33.4,156,58.8,89,61.7,326,9.3,95,5.8,31
Yale,42.1,291,46.400000000000006,235,23.1,326,31.6,269,32.800000000000004,129,34.1,278,25.900000000000002,303,20.8,265,30.3,191,28.7,60,41.3,299,47.9,286,73.4,124,66.5,11,20.5,362,30.4,70,56.6,126,52.1,103,11.6,30,5.9,32
Elon,43.6,247,45.7,196,27.6,211,35.0,330,38.9,22,33.800000000000004,266,25.3,282,26.6,49,27.8,293,29.5,108,44.4,195,46.5,237,72.9,140,72.0,210,31.1,245,35.1,228,54.6,173,57.3,249,5.9,305,5.9,33
Minnesota,50.1,54,44.7,128,22.6,331,22.400000000000002,36,36.4,51,24.3,6,16.0,3,24.5,104,34.7,39,31.2,202,49.3,74,43.3,85,75.1,67,74.4,319,29.6,277,40.1,335,57.4,111,62.9,338,8.1,162,6.0,34
Vermont,49.5,65,41.199999999999996,15,20.5,354,23.200000000000003,42,28.499999999999996,270,28.199999999999996,90,17.4,12,22.5,187,33.3,72,24.9,1,49.3,73,42.7,71,72.5,151,76.0,356,32.3,208,28.7,34,46.2,346,45.1,11,8.0,163,6.1,35
Pacific,45.800000000000004,157,46.6,242,26.1,255,30.9,254,32.300000000000004,150,34.9,301,24.6,256,20.8,264,31.5,137,29.8,119,44.9,180,47.4,263,77.1,26,74.6,326,38.3,85,31.9,112,58.9,87,52.6,119,6.4,273,6.1,36
Portland,46.2,148,45.1,160,25.6,268,30.8,249,27.900000000000002,284,36.4,326,23.400000000000002,199,26.900000000000002,45,33.1,78,29.9,124,44.3,196,45.2,179,72.2,169,69.4,74,35.5,148,27.2,16,67.0,14,58.1,271,12.4,20,6.2,37
Oregon St.,49.1,77,42.5,44,31.1,99,17.1,4,32.4,145,28.000000000000004,82,21.7,119,16.3,361,33.3,73,30.6,165,48.7,88,40.9,24,68.6,271,70.4,122,30.9,250,32.2,123,52.4,227,53.7,154,9.1,101,6.2,38
New Mexico St.,43.0,268,47.0,255,23.200000000000003,325,37.5,344,27.700000000000003,286,33.4,250,28.9,351,23.7,137,27.7,300,31.1,201,43.5,228,47.2,255,62.4,353,70.7,137,24.1,346,34.4,200,49.8,278,55.6,203,9.1,103,6.2,39
Northwestern,47.199999999999996,117,50.2,343,27.0,234,28.000000000000004,165,28.4,273,35.199999999999996,308,22.400000000000002,150,17.7,349,30.6,180,34.2,336,47.7,109,49.7,324,71.6,186,73.3,278,30.4,260,33.1,153,71.5,1,60.0,304,9.1,105,6.2,40
Robert Morris,45.4,168,43.6,71,31.1,100,30.0,217,28.599999999999998,268,25.3,14,23.3,187,19.7,302,27.0,317,30.0,133,47.5,115,42.9,76,76.6,29,73.6,291,29.6,276,34.8,214,53.7,207,53.7,153,8.9,111,6.2,41
Chicago St.,43.0,270,48.9,311,31.900000000000002,82,37.9,345,28.4,274,38.4,344,24.4,252,24.2,115,27.2,313,30.7,172,43.8,216,50.4,336,65.1,333,73.3,280,27.4,306,34.4,199,49.7,279,58.5,280,7.8,179,6.2,42
Gonzaga,51.4,29,44.9,141,28.499999999999996,173,27.700000000000003,159,39.5,15,25.8,22,24.2,237,19.6,309,39.0,2,29.4,98,48.3,97,45.4,186,76.6,32,70.9,147,30.6,256,35.2,234,62.7,37,54.3,168,5.9,303,6.2,43
Northwestern St.,44.0,231,44.5,120,27.800000000000004,204,30.599999999999998,244,36.0,58,28.7,100,26.5,316,20.7,270,31.9,127,30.0,129,41.7,293,44.3,131,70.3,221,69.1,70,37.7,95,30.9,76,54.0,194,45.9,17,5.4,318,6.2,44
Arkansas Pine Bluff,42.199999999999996,290,47.0,256,34.8,34,32.1,280,33.900000000000006,97,37.4,339,26.1,307,24.9,90,28.7,267,28.9,77,41.8,289,49.0,313,59.3,362,70.1,111,28.1,298,34.3,193,51.6,242,58.4,277,5.3,326,6.2,45
South Dakota St.,54.50000000000001,9,43.7,75,30.5,118,21.3,22,31.6,172,24.099999999999998,4,19.5,53,19.1,320,35.1,29,28.9,71,55.4,3,44.0,115,74.4,92,71.6,192,34.7,165,40.6,345,56.7,125,52.8,124,11.1,40,6.3,46
Arizona St.,46.300000000000004,146,44.3,107,29.799999999999997,132,28.7,184,30.7,199,28.1,88,23.200000000000003,185,27.1,38,29.3,236,29.5,106,47.2,123,44.4,137,72.7,144,73.8,300,26.1,323,40.5,341,59.7,79,59.7,299,8.8,116,6.3,47
Stanford,47.8,104,43.4,60,22.3,338,22.2,34,33.900000000000006,96,25.8,23,20.7,91,19.900000000000002,292,29.9,213,27.7,27,49.1,76,44.4,135,78.3,14,73.8,299,31.1,246,32.2,122,46.8,335,45.6,15,8.6,123,6.3,48
Hampton,40.8,318,46.6,244,23.0,328,25.6,104,29.9,226,40.300000000000004,356,21.4,113,23.9,124,28.4,278,30.0,131,39.8,325,47.4,266,70.2,224,69.5,83,36.0,136,29.9,59,56.5,128,56.5,227,8.6,129,6.3,49
Louisville,51.9,22,44.0,95,23.3,321,24.0,55,37.4,32,26.900000000000002,51,18.6,33,23.9,121,34.6,41,28.7,57,52.0,29,44.5,141,73.2,128,67.9,28,33.9,181,35.4,244,55.7,145,46.8,23,7.3,204,6.3,50
Quinnipiac,49.8,58,41.0,11,21.7,343,25.3,93,31.7,166,26.0,30,18.4,28,24.7,94,36.1,16,28.6,51,47.2,121,40.1,16,76.5,34,64.7,3,37.2,109,31.4,92,64.3,25,54.0,160,5.4,319,6.3,51
South Carolina,55.400000000000006,3,39.800000000000004,5,31.4,89,17.1,3,38.9,20,30.099999999999998,132,17.4,14,24.4,108,37.1,8,28.1,33,55.3,4,38.6,6,72.2,166,71.9,205,25.2,336,34.3,195,54.9,163,51.2,84,14.7,8,6.4,52
Howard,43.4,251,42.199999999999996,35,36.7,20,28.799999999999997,186,33.1,115,31.0,167,20.9,99,26.200000000000003,56,29.9,211,26.1,6,42.9,260,43.7,103,72.4,155,69.7,92,24.9,338,33.6,163,50.8,259,52.4,113,10.6,52,6.4,53
Florida,49.4,71,44.9,144,36.4,23,34.699999999999996,325,33.900000000000006,99,33.800000000000004,267,23.1,183,24.6,103,29.0,250,29.7,116,52.1,27,45.0,170,70.1,226,66.9,16,31.4,234,31.9,114,50.3,270,52.4,114,10.0,68,6.4,54
Arizona,48.1,98,49.2,317,31.900000000000002,83,32.1,281,22.0,357,30.599999999999998,157,21.9,129,24.9,88,30.1,198,32.2,263,49.0,81,49.7,323,75.0,70,72.3,225,24.2,344,37.0,293,56.9,122,62.5,334,6.6,266,6.4,55
Duke,49.2,73,41.199999999999996,16,28.1,192,21.9,29,36.6,47,29.4,116,20.7,93,23.9,123,33.9,59,27.4,21,48.4,95,41.2,31,68.3,281,75.8,351,30.1,265,26.5,12,61.6,53,45.6,13,14.2,10,6.5,56
N.C. State,49.5,64,44.6,122,23.0,327,15.9,2,31.6,171,24.3,7,16.8,7,17.8,347,31.5,140,29.4,101,50.4,50,44.9,167,76.2,42,70.9,148,28.9,289,36.4,276,47.9,319,47.1,25,8.4,139,6.5,57
Bradley,47.099999999999994,120,44.5,118,26.900000000000002,235,27.6,157,26.8,303,27.700000000000003,75,18.8,37,19.8,295,34.4,46,27.6,23,44.4,192,45.9,210,73.6,112,71.0,152,37.4,104,30.2,65,54.7,169,55.1,190,8.2,155,6.5,58
Miami FL,48.5,90,46.300000000000004,224,28.199999999999996,190,22.3,35,32.5,138,27.500000000000004,67,19.900000000000002,69,20.200000000000003,282,30.0,208,30.6,166,50.2,54,46.5,233,66.9,313,66.7,12,31.7,227,36.9,288,50.1,274,57.9,265,6.9,248,6.5,59
Iowa St.,54.7,6,45.300000000000004,168,32.9,62,27.900000000000002,163,29.799999999999997,231,25.6,19,17.5,15,20.4,276,36.5,12,32.5,280,54.7,8,43.5,93,74.0,103,76.3,360,37.5,103,33.6,161,68.0,9,51.1,81,6.0,294,6.5,60
Charleston,45.1,179,45.0,156,24.3,295,19.5,12,38.4,24,31.2,177,18.099999999999998,23,27.0,39,32.5,103,31.7,228,43.3,241,43.5,96,73.5,117,72.1,217,34.0,179,36.8,284,49.6,282,58.0,269,5.3,325,6.5,61
Louisiana,37.8,355,48.9,313,27.200000000000003,228,30.3,231,31.6,175,39.1,348,25.8,301,23.7,135,23.7,357,31.8,237,38.3,347,49.7,329,71.5,190,72.8,257,21.3,359,40.5,342,42.6,360,54.4,175,4.6,344,6.5,62
McNeese St.,44.5,201,45.6,188,24.4,292,37.1,338,30.599999999999998,207,30.5,151,15.8,2,34.5,1,32.8,86,30.7,167,43.0,257,45.3,183,72.6,147,71.3,177,24.4,343,40.3,339,54.6,174,60.2,308,4.6,346,6.5,63
Loyola Marymount,46.400000000000006,141,49.4,324,30.599999999999998,116,31.6,267,34.599999999999994,82,30.9,162,18.6,34,26.6,47,31.8,128,32.2,260,45.9,157,49.8,330,72.3,165,69.8,97,27.0,314,29.4,49,54.4,177,58.7,284,3.9,354,6.5,64
Ohio St.,51.7,23,46.2,219,25.1,280,24.4,69,31.3,184,32.0,200,17.9,21,28.1,22,34.7,37,33.7,329,51.5,34,43.9,110,76.4,37,72.1,214,34.8,161,35.1,225,59.6,81,61.4,322,11.7,26,6.6,65
NJIT,50.7,44,42.4,42,23.799999999999997,310,24.4,70,31.3,185,34.699999999999996,295,22.6,163,19.0,322,32.6,101,29.8,118,51.7,31,41.6,40,65.2,329,67.0,17,36.2,128,26.5,11,49.9,275,52.6,121,10.8,48,6.6,66
Vanderbilt,54.300000000000004,11,47.699999999999996,272,27.1,230,22.5,37,36.9,40,34.4,287,17.9,22,28.000000000000004,24,36.4,13,31.6,222,54.1,12,48.0,288,76.4,39,71.4,185,40.6,49,34.3,186,62.6,40,51.6,91,10.0,67,6.6,67
Southeast Missouri St.,45.9,154,45.9,204,35.6,29,34.599999999999994,323,25.6,322,32.0,202,22.900000000000002,173,22.900000000000002,172,29.5,228,32.6,286,46.8,129,44.4,139,70.2,223,73.1,271,33.5,189,32.4,127,52.7,220,54.8,184,8.5,136,6.6,68
Mississippi St.,48.5,92,46.300000000000004,225,30.2,126,25.6,101,37.3,36,26.700000000000003,43,21.2,106,22.0,208,32.0,121,32.5,283,48.7,90,44.9,168,72.4,156,71.5,190,29.3,279,35.3,241,51.0,257,52.6,120,11.9,23,6.7,69
South Florida,47.199999999999996,115,43.4,61,28.7,164,28.599999999999998,179,34.1,92,30.5,147,21.4,111,19.8,297,30.9,162,30.9,185,47.5,117,42.0,51,73.3,125,68.8,53,24.0,347,31.7,105,59.7,77,52.3,109,9.5,86,6.7,70
Princeton,50.9,39,46.0,207,29.599999999999998,142,23.7,51,35.199999999999996,73,31.6,188,19.400000000000002,52,25.7,66,34.1,55,32.3,269,50.8,44,44.7,155,76.8,28,74.2,309,32.8,204,33.7,165,54.2,184,56.1,217,9.4,91,6.7,71
Jacksonville,44.0,228,44.7,132,42.0,2,35.6,333,30.5,210,30.9,165,20.3,79,25.3,76,29.5,227,28.2,37,43.9,209,46.2,223,72.6,148,68.2,36,26.7,316,38.2,315,47.7,327,50.4,68,8.6,125,6.7,72
Rider,40.9,317,43.9,93,19.400000000000002,361,30.9,255,30.099999999999998,220,33.0,229,25.6,295,22.3,196,25.0,350,30.7,173,43.3,240,42.7,72,62.3,354,72.8,258,40.6,50,34.9,215,65.3,20,54.8,183,8.0,169,6.7,73
Navy,47.199999999999996,116,43.6,70,24.5,288,25.1,87,31.5,177,28.599999999999998,97,18.4,29,22.6,184,30.6,175,28.8,66,48.1,101,43.7,102,69.8,235,67.2,20,37.7,94,32.5,129,57.8,104,56.7,232,7.2,214,6.7,74
Denver,43.2,260,49.9,338,26.700000000000003,238,24.0,54,25.1,330,33.2,235,24.099999999999998,234,23.400000000000002,150,28.6,273,33.9,332,43.4,237,49.5,319,70.5,218,73.2,275,38.0,89,33.9,171,53.9,202,48.5,38,7.1,220,6.7,75
Wofford,43.3,253,43.9,92,23.799999999999997,311,23.400000000000002,46,30.2,215,29.599999999999998,122,19.3,51,18.6,332,29.1,247,28.8,68,43.0,255,44.3,129,76.6,31,73.5,287,34.6,171,34.7,206,44.9,350,52.2,107,6.9,242,6.7,76
Penn St.,51.7,25,52.0,356,22.400000000000002,337,27.400000000000002,151,32.300000000000004,148,32.1,204,24.0,223,18.7,331,33.8,63,36.0,359,52.1,28,51.0,343,67.2,305,74.9,337,32.9,203,34.1,183,56.5,129,59.2,291,6.0,299,6.7,77
Kentucky,51.5,28,41.8,26,26.200000000000003,251,26.5,125,35.6,67,25.7,21,18.3,25,19.400000000000002,314,33.2,77,28.0,31,52.7,18,41.7,43,69.1,261,75.0,339,41.1,43,32.3,125,61.6,54,50.0,64,16.6,3,6.8,78
Baylor,48.699999999999996,86,40.0,6,31.2,96,23.599999999999998,48,34.599999999999994,78,31.3,181,23.1,182,21.7,225,32.3,112,25.8,4,48.9,82,40.6,19,74.6,79,68.9,57,38.9,72,31.3,87,60.7,68,50.6,73,14.5,9,6.8,79
Stephen F. Austin,51.2,32,41.4,21,30.599999999999998,111,24.7,74,30.3,212,35.3,311,23.9,220,20.7,267,33.7,65,28.2,35,51.6,33,41.0,26,74.6,80,68.7,52,41.2,40,28.9,38,63.1,32,57.9,260,10.0,70,6.8,80
Oregon,50.7,47,45.5,179,27.3,222,24.9,80,29.4,243,29.7,124,20.4,81,25.2,79,34.2,51,28.4,43,50.5,47,47.1,252,77.6,20,70.8,138,32.2,213,35.2,233,61.6,56,56.7,231,9.6,82,6.8,81
Northern Colorado,45.300000000000004,170,45.0,155,32.1,79,30.2,226,37.6,29,32.0,197,26.3,311,26.400000000000002,52,29.0,248,28.1,34,46.3,138,46.5,234,75.2,64,69.8,95,34.6,170,34.9,216,51.6,243,55.9,211,7.0,234,6.8,82
Fordham,40.5,332,45.4,178,24.0,306,37.4,343,37.6,30,37.1,334,25.3,283,27.0,41,28.3,280,30.7,171,39.6,329,45.0,174,68.5,278,74.3,316,30.6,258,35.6,258,51.2,251,56.8,237,6.9,245,6.8,83
Central Michigan,47.5,110,46.1,215,34.699999999999996,37,29.099999999999998,193,39.800000000000004,13,26.5,39,25.900000000000002,302,20.7,268,35.0,31,30.3,144,45.8,158,46.5,235,71.1,198,70.1,108,25.2,335,36.7,283,51.6,244,53.5,147,6.3,278,6.8,84
UTEP,43.0,266,49.8,334,29.799999999999997,135,30.0,220,32.5,142,31.7,189,23.5,201,23.599999999999998,140,30.1,201,36.0,360,42.0,284,47.7,275,70.5,217,72.0,211,30.4,259,33.7,166,48.0,318,53.2,137,5.1,330,6.8,85
Kennesaw St.,45.2,174,44.7,130,31.1,101,35.699999999999996,334,32.1,156,33.300000000000004,241,28.799999999999997,349,25.900000000000002,64,26.6,325,31.2,208,46.8,128,43.8,106,65.8,325,73.5,290,22.1,357,31.6,102,52.4,226,53.5,146,11.5,31,6.9,86
St. John's,49.6,61,44.1,100,31.5,87,21.5,24,29.7,234,28.499999999999996,94,25.7,296,19.3,319,30.0,209,29.4,103,52.2,26,44.1,120,71.3,193,74.6,328,36.0,138,31.6,101,61.9,51,59.1,288,11.3,37,6.9,87
Texas St.,43.1,263,46.1,216,32.2,78,34.1,314,32.5,144,35.099999999999994,305,27.6,337,24.8,93,27.7,298,32.8,299,43.5,231,44.4,140,71.0,203,70.8,143,23.0,350,35.4,247,46.7,340,50.2,67,9.4,88,6.9,88
Southern Indiana,44.6,197,44.3,108,28.199999999999996,187,31.1,257,35.5,70,28.999999999999996,106,21.099999999999998,104,24.5,105,31.8,129,29.2,89,43.3,239,44.7,159,76.0,46,69.9,100,28.8,290,44.1,360,49.6,283,53.1,133,8.4,141,6.9,89
Notre Dame,51.6,26,47.3,262,24.5,289,27.400000000000002,150,29.599999999999998,239,30.8,161,17.7,17,27.3,34,35.3,27,30.8,175,51.1,39,47.8,277,78.7,11,68.0,31,28.9,288,31.0,81,48.8,298,51.9,100,8.0,165,6.9,90
Western Kentucky,44.800000000000004,191,48.1,288,22.7,329,22.0,31,23.7,341,38.9,347,25.1,274,24.7,98,28.6,271,34.3,339,46.0,151,45.8,201,70.3,222,74.8,334,37.1,113,40.8,347,53.6,209,63.6,342,11.7,28,7.0,91
Fairfield,55.00000000000001,5,43.4,58,22.0,340,30.5,243,27.400000000000002,291,28.1,89,19.0,41,29.2,14,37.0,9,27.5,22,54.5,9,44.4,133,75.9,49,75.4,347,51.6,2,31.1,82,63.7,29,50.6,72,8.9,109,7.0,92
Providence,42.9,271,46.6,243,26.5,245,26.1,115,32.5,139,30.8,160,24.0,222,23.200000000000003,156,27.9,291,31.9,245,43.3,242,45.9,211,67.2,303,70.0,107,29.1,284,37.3,298,51.2,252,60.7,315,8.5,137,7.0,93
UC Santa Barbara,49.4,70,42.3,37,26.3,250,26.3,119,23.0,348,26.700000000000003,45,20.200000000000003,75,19.6,307,33.2,76,26.1,5,49.2,75,44.0,118,73.3,126,73.4,283,47.5,10,36.3,267,55.4,148,53.1,132,8.2,152,7.0,94
FIU,44.1,226,47.0,254,41.4,4,34.4,317,36.7,45,34.8,298,26.3,313,30.4,10,29.1,243,30.4,153,44.3,197,47.8,281,69.9,234,71.7,196,29.6,275,35.3,240,48.3,310,57.3,252,6.5,270,7.0,95
West Virginia,51.2,31,45.9,200,34.5,41,26.6,126,37.0,39,27.1,56,21.5,115,30.8,9,34.7,36,32.9,302,50.8,45,44.4,134,70.5,216,71.7,195,32.2,214,31.2,85,54.6,172,56.5,228,6.4,275,7.0,96
SIU Edwardsville,44.5,202,44.5,119,24.7,285,28.599999999999998,182,32.1,155,26.400000000000002,37,23.3,188,18.8,329,30.6,178,32.5,284,43.5,230,42.9,78,66.7,315,74.4,322,38.9,75,26.9,14,52.5,223,49.2,53,6.1,289,7.0,97
New Haven,42.1,293,47.0,257,24.4,294,26.700000000000003,134,35.9,60,31.3,180,27.3,330,22.1,206,29.2,240,32.6,287,41.4,296,45.8,203,72.9,138,72.7,244,31.3,241,39.3,328,59.5,84,63.9,345,5.7,313,7.0,98
Charleston Southern,44.9,188,47.699999999999996,275,23.400000000000002,319,26.0,112,22.900000000000002,349,35.4,317,23.5,203,18.3,341,32.1,120,34.0,333,42.1,279,45.9,213,69.6,245,67.7,24,46.7,13,34.0,174,51.7,239,51.8,98,4.4,348,7.0,99
Virginia,49.5,68,43.3,55,28.199999999999996,185,30.5,241,39.2,16,27.1,55,19.900000000000002,68,20.3,280,32.0,122,33.4,321,50.2,57,40.1,15,71.0,202,74.5,325,31.6,230,32.2,121,61.2,60,58.4,276,16.7,2,7.1,100
Cal Baptist,48.1,100,43.0,49,21.2,347,29.9,215,28.599999999999998,267,26.1,33,20.0,70,20.599999999999998,271,30.5,184,32.2,262,49.8,63,40.0,12,71.2,194,70.8,142,43.3,26,35.6,253,57.1,119,53.9,158,13.6,13,7.1,101
Boston University,49.0,80,46.400000000000006,229,24.4,293,19.7,16,29.099999999999998,251,33.0,230,24.099999999999998,233,17.599999999999998,351,33.9,62,32.7,292,48.1,103,44.5,146,66.3,318,74.7,329,33.4,193,41.9,354,63.1,33,62.6,337,11.7,27,7.1,102
James Madison,50.1,55,42.4,43,28.1,193,27.200000000000003,145,36.7,44,25.900000000000002,24,21.0,101,22.1,203,31.5,135,31.6,224,51.4,35,40.2,17,68.2,282,68.9,62,32.2,210,31.3,88,54.4,180,51.7,94,9.4,89,7.1,103
South Alabama,46.400000000000006,144,44.800000000000004,139,29.599999999999998,141,32.9,292,38.1,27,33.6,257,26.8,321,23.0,168,31.9,124,28.4,45,45.7,160,46.0,216,67.2,304,70.8,144,35.7,147,35.6,256,55.0,159,49.3,54,8.6,124,7.1,104
North Alabama,45.0,185,43.8,84,24.2,298,29.2,197,29.5,241,28.599999999999998,98,22.2,140,20.200000000000003,284,28.8,265,28.6,54,45.9,152,44.2,126,67.3,301,71.1,165,33.8,183,35.3,238,58.2,100,43.9,5,8.5,132,7.1,105
Little Rock,40.699999999999996,325,43.9,94,30.0,129,33.300000000000004,301,30.599999999999998,206,31.0,170,22.6,161,21.8,219,28.7,268,28.3,42,39.8,324,44.6,153,71.2,195,73.0,267,27.3,309,32.9,147,45.9,347,48.5,39,6.5,267,7.1,106
Oklahoma,49.6,60,40.9,10,28.599999999999998,168,31.8,273,39.2,17,26.0,29,20.1,73,22.2,198,29.2,239,28.2,38,52.2,25,40.1,14,72.7,143,71.8,198,31.3,239,35.1,227,61.4,58,43.2,4,11.9,21,7.2,107
Alabama A&M,42.5,282,42.1,33,42.8,1,35.099999999999994,331,36.9,43,33.0,228,27.800000000000004,338,28.1,23,25.6,345,28.5,50,44.0,207,41.8,46,65.8,324,64.9,5,26.1,319,34.9,217,51.1,255,57.9,264,8.0,171,7.2,108
Winthrop,44.0,227,50.1,341,33.7,51,30.5,237,30.599999999999998,205,36.7,329,24.3,245,27.6,32,26.8,321,35.4,353,45.4,171,48.2,296,67.4,299,69.7,93,27.1,311,38.8,321,42.6,359,56.6,230,7.4,200,7.2,109
Central Connecticut,37.7,356,49.9,340,27.1,232,31.3,261,24.3,337,35.099999999999994,306,24.0,225,21.7,226,23.5,358,32.2,267,38.4,346,50.9,342,74.9,73,71.1,162,23.5,349,39.3,329,48.2,313,59.7,302,6.3,281,7.2,110
San Francisco,44.9,189,45.1,162,26.1,254,28.199999999999996,169,33.0,119,29.9,129,24.3,242,23.5,148,28.0,288,33.0,309,46.4,137,42.9,77,69.4,253,77.0,362,33.7,186,34.1,182,62.6,39,56.0,212,5.8,309,7.2,111
Northeastern,43.3,255,48.199999999999996,292,30.8,109,29.5,201,33.4,107,33.7,264,25.4,286,22.5,190,28.8,263,32.7,293,43.3,244,47.7,273,70.1,227,71.8,201,26.7,317,36.4,277,49.1,293,56.1,220,5.7,310,7.2,112
Illinois,50.8,40,46.800000000000004,247,29.599999999999998,143,28.799999999999997,187,33.0,120,26.6,42,17.4,10,21.8,218,36.1,18,29.4,99,49.5,69,47.8,278,81.5,2,75.6,350,28.1,299,28.7,35,55.9,140,58.3,275,5.7,311,7.2,113
Campbell,44.1,223,41.3,20,30.0,127,31.6,268,35.4,72,34.300000000000004,283,25.5,289,23.9,128,29.6,223,30.4,152,43.9,212,39.2,9,66.5,316,71.3,182,33.3,196,32.3,126,50.3,271,53.3,139,13.9,11,7.3,114
Michigan St.,54.0,12,48.9,310,31.5,88,25.0,81,34.599999999999994,79,30.4,143,17.7,16,27.3,33,36.9,11,33.1,311,53.4,16,48.5,303,72.2,170,71.8,199,32.2,215,36.6,279,59.5,82,60.9,317,11.1,42,7.3,115
Central Arkansas,46.5,138,41.3,18,21.5,346,38.3,350,32.1,157,23.3,2,19.7,57,22.5,188,30.3,189,29.0,82,47.2,122,40.0,13,71.9,177,71.2,170,43.0,28,37.7,305,50.4,268,52.5,116,10.5,54,7.3,116
George Washington,45.5,165,43.5,68,29.7,138,33.2,297,32.800000000000004,130,32.4,211,24.099999999999998,232,20.599999999999998,272,29.7,220,29.4,104,45.9,155,43.3,86,73.1,130,71.0,153,31.8,225,28.4,29,51.0,256,49.6,59,9.7,77,7.3,117
North Carolina,52.2,20,41.6,23,22.400000000000002,332,26.6,129,35.5,69,25.900000000000002,25,19.900000000000002,66,23.0,162,36.1,17,28.8,63,51.1,37,40.9,23,69.2,259,73.6,293,37.0,114,33.8,167,55.8,142,52.3,110,9.4,90,7.3,118
North Dakota St.,53.2,17,43.9,88,39.300000000000004,5,30.0,216,32.800000000000004,127,22.8,1,17.1,8,21.5,236,36.2,15,30.5,154,52.7,19,43.3,84,76.6,30,70.9,146,29.9,267,25.0,5,48.4,305,37.8,2,8.5,131,7.3,119
High Point,50.4,51,41.6,24,29.7,136,21.5,25,26.0,313,30.7,158,20.3,78,25.6,69,32.6,96,28.4,44,51.3,36,41.2,30,73.1,129,72.2,220,39.8,59,29.9,58,56.1,136,46.0,18,8.3,144,7.3,120
Louisiana Monroe,44.4,207,48.5,302,28.599999999999998,170,31.1,256,41.4,6,31.900000000000002,196,24.099999999999998,231,25.6,72,33.2,74,31.6,223,42.4,269,49.1,314,67.3,302,69.4,77,27.0,313,36.9,289,50.7,262,57.1,246,5.0,336,7.3,121
Gardner Webb,44.0,230,47.599999999999994,271,22.400000000000002,335,29.9,214,28.299999999999997,277,41.099999999999994,359,26.900000000000002,325,29.599999999999998,13,31.5,134,31.2,203,41.8,291,48.2,297,63.7,343,67.7,25,41.6,39,44.1,359,53.4,214,66.1,358,7.8,180,7.4,122
Binghamton,46.9,127,46.7,245,30.0,130,28.000000000000004,164,33.4,106,35.8,321,23.9,221,23.9,126,32.6,98,29.0,80,46.0,147,48.7,307,74.1,102,68.9,58,30.3,262,37.0,292,44.9,351,51.8,99,6.6,263,7.4,123
Indiana St.,43.2,259,50.3,344,36.7,21,42.0,361,31.900000000000002,160,32.5,212,20.4,83,18.3,340,27.4,310,34.7,343,44.1,205,49.3,318,72.3,164,74.1,306,29.2,283,35.1,229,48.2,311,58.0,270,6.4,276,7.4,124
Buffalo,40.8,320,48.0,286,26.6,241,30.0,222,35.8,64,33.5,253,28.299999999999997,344,22.7,182,24.6,353,30.0,134,42.4,267,49.5,320,65.1,332,70.8,145,28.4,294,33.4,157,52.7,221,59.1,290,6.4,277,7.4,125
Hofstra,41.5,308,45.800000000000004,199,20.9,353,28.599999999999998,183,31.6,174,33.300000000000004,242,24.5,254,22.6,185,29.7,217,30.5,160,40.2,319,45.9,214,67.8,292,65.6,7,30.7,254,36.0,263,52.5,225,60.6,313,6.2,287,7.4,126
Prairie View A&M,37.2,359,45.0,157,30.599999999999998,113,30.8,248,23.200000000000003,346,44.4,363,26.6,320,21.7,228,25.4,348,26.4,8,36.8,356,47.0,251,64.7,337,64.8,4,35.8,143,27.6,17,43.1,358,51.2,85,9.5,85,7.5,127
Maryland,51.0,35,44.800000000000004,136,30.599999999999998,112,24.099999999999998,57,42.699999999999996,3,29.099999999999998,108,21.0,102,26.3,54,32.9,84,33.4,320,51.7,32,42.0,49,76.8,27,74.5,323,32.0,222,34.6,203,55.3,149,55.4,196,9.1,102,7.5,128
William & Mary,43.5,249,42.9,46,23.400000000000002,317,28.199999999999996,170,31.8,164,34.5,292,22.7,167,24.4,110,27.4,307,31.0,196,44.5,190,40.9,25,70.9,208,69.0,66,30.9,249,35.5,249,60.7,69,55.0,187,8.6,127,7.5,129
Richmond,55.00000000000001,4,43.5,65,20.4,355,18.8,10,29.799999999999997,229,30.5,153,20.8,96,22.1,202,37.0,10,28.7,55,54.5,10,43.8,104,79.6,8,67.8,26,49.6,4,35.6,251,61.1,63,51.5,88,7.6,183,7.5,130
Niagara,36.1,363,52.5,360,28.599999999999998,172,35.0,329,30.0,224,42.9,361,31.1,360,28.000000000000004,27,25.9,340,35.3,352,35.1,362,52.3,355,63.0,350,72.7,250,27.6,304,31.8,109,47.4,330,65.8,356,7.3,208,7.5,131
Nicholls St.,41.6,304,45.5,184,34.699999999999996,36,33.1,294,32.2,154,34.0,270,21.7,122,27.0,40,24.8,352,34.1,335,43.3,245,42.3,61,71.8,178,68.8,55,27.3,307,35.2,235,49.1,292,57.0,242,6.9,246,7.5,132
Southern Illinois,43.7,243,49.3,321,28.4,177,36.3,336,29.799999999999997,233,30.4,145,20.3,77,20.8,261,28.9,260,29.9,126,43.8,215,51.7,348,68.9,266,71.7,197,21.0,361,35.0,222,49.6,281,52.3,111,5.8,308,7.5,133
Colgate,39.4,341,46.400000000000006,237,20.0,358,26.6,131,30.099999999999998,219,32.1,205,24.5,253,19.7,304,26.7,324,29.0,85,39.1,340,48.0,292,72.3,163,72.8,254,33.1,200,34.4,198,54.1,189,56.0,214,5.3,324,7.5,134
Lindenwood,53.800000000000004,14,48.3,294,25.4,277,25.0,84,29.9,225,30.2,138,19.7,59,23.5,145,37.4,7,31.9,239,52.3,24,48.5,304,76.5,35,72.5,237,38.9,74,34.6,202,58.8,90,55.6,200,4.6,345,7.5,135
VCU,41.9,302,47.699999999999996,279,22.3,339,25.4,99,30.2,217,32.300000000000004,209,25.7,298,23.0,167,28.1,287,30.2,143,41.8,290,49.2,317,65.2,331,71.1,166,34.0,178,39.2,326,55.7,146,57.2,248,4.5,347,7.5,136
Old Dominion,43.4,252,42.1,32,30.5,117,38.3,349,36.3,53,35.3,309,24.099999999999998,236,21.7,227,28.7,269,33.2,316,43.5,232,39.6,11,71.0,201,69.8,98,27.9,300,24.6,4,49.2,288,47.7,29,11.6,29,7.6,137
St. Thomas,47.699999999999996,106,46.400000000000006,231,32.800000000000004,65,28.9,191,28.799999999999997,262,30.099999999999998,135,24.2,238,21.3,246,30.5,183,31.7,232,48.8,85,45.9,207,69.0,264,78.0,363,36.6,122,29.8,54,56.1,135,57.0,241,11.4,34,7.6,138
Washington,51.0,34,44.7,127,21.8,342,23.1,39,36.6,48,27.500000000000004,66,21.8,125,19.7,301,34.0,57,28.9,72,50.9,42,45.3,182,73.0,135,67.1,18,35.7,145,29.8,55,51.6,240,48.9,47,9.7,76,7.6,139
Southern,41.9,300,43.6,74,32.800000000000004,63,42.8,362,33.6,104,36.5,327,23.799999999999997,217,29.9,11,32.7,90,26.2,7,39.4,333,45.6,193,60.5,360,68.0,33,25.8,326,31.3,90,54.7,170,57.8,259,9.3,94,7.6,140
UT Rio Grande Valley,45.1,178,43.4,63,33.800000000000004,49,23.5,47,32.9,123,27.700000000000003,73,23.5,200,15.8,363,32.4,109,30.7,169,43.4,235,42.0,54,74.6,81,71.2,167,31.2,243,34.7,207,63.0,35,59.7,298,7.5,195,7.6,141
Saint Mary's,45.800000000000004,158,46.0,208,23.7,314,28.000000000000004,166,32.5,140,33.4,247,26.200000000000003,309,26.3,55,28.8,262,29.2,92,46.6,135,47.5,267,71.4,192,72.3,227,24.8,339,40.3,338,61.4,59,66.0,357,7.3,209,7.6,142
Columbia,49.5,67,45.9,201,25.900000000000002,261,30.599999999999998,245,40.2,11,29.799999999999997,125,24.099999999999998,229,27.800000000000004,28,31.3,149,33.0,307,51.0,40,44.5,143,69.7,239,71.3,180,35.1,156,28.2,24,62.0,47,57.8,258,6.9,247,7.6,143
Appalachian St.,46.6,136,45.7,193,28.499999999999996,175,32.300000000000004,285,29.799999999999997,232,28.999999999999996,107,24.7,258,21.0,257,31.9,126,28.9,73,45.9,154,47.1,253,65.6,328,74.2,314,34.7,166,35.5,248,61.2,61,52.6,118,5.6,314,7.6,144
Canisius,43.6,248,46.400000000000006,233,34.1,47,25.7,106,35.5,68,35.5,318,34.2,363,19.7,306,27.7,301,28.8,69,44.5,188,47.8,280,71.0,205,68.3,43,30.3,261,30.4,68,57.5,108,53.4,141,3.8,355,7.6,145
Furman,43.3,254,46.400000000000006,234,33.800000000000004,50,34.1,313,34.1,94,30.5,148,25.7,297,25.3,78,32.1,117,31.8,234,41.3,301,45.7,199,63.9,342,67.8,27,29.4,278,33.1,154,51.7,238,51.5,90,10.9,46,7.7,146
East Carolina,43.8,234,45.4,175,32.5,73,34.5,321,34.2,90,34.5,291,20.3,80,28.599999999999998,18,30.5,181,29.9,125,43.0,256,45.7,198,73.4,123,69.7,91,29.8,268,29.3,47,56.4,130,60.1,307,10.3,58,7.7,147
Houston,40.400000000000006,334,49.7,330,32.4,76,30.5,239,29.5,242,34.4,289,25.1,272,25.0,86,26.6,326,32.2,266,40.5,314,50.4,338,71.7,182,74.0,305,27.2,310,31.4,93,48.1,314,58.5,281,9.2,97,7.7,148
Creighton,47.099999999999994,121,48.4,299,22.400000000000002,336,24.2,64,27.900000000000002,283,27.1,61,19.8,62,19.3,315,32.2,115,33.5,325,46.1,146,47.5,268,76.0,48,76.3,359,44.0,20,33.5,159,62.0,48,53.2,135,8.5,135,7.7,149
Iowa,54.6,8,46.5,238,27.400000000000002,217,18.8,8,31.8,161,24.9,10,20.9,97,21.0,255,36.1,19,32.2,258,54.8,6,45.4,185,69.1,262,69.5,84,31.6,229,36.6,280,70.8,2,55.6,199,8.2,156,7.7,150
Lafayette,45.0,181,44.7,131,23.400000000000002,318,18.8,9,23.799999999999997,339,37.1,336,21.0,103,20.7,266,34.2,53,33.7,330,41.0,308,41.4,38,77.7,19,68.3,40,38.7,77,36.3,269,54.5,175,68.0,360,7.8,181,7.7,151
San Diego St.,51.0,37,43.9,89,23.3,320,25.5,100,25.8,316,25.900000000000002,28,18.3,26,20.5,274,36.1,20,32.5,281,48.9,83,41.6,41,75.2,62,70.0,104,40.1,54,31.6,100,52.9,217,52.9,127,6.9,243,7.7,152
Southern Miss,45.2,173,47.9,282,28.599999999999998,169,27.0,140,30.599999999999998,204,35.8,322,18.6,36,19.900000000000002,290,30.4,187,31.6,226,45.0,177,48.1,295,75.7,57,69.0,63,36.2,129,32.5,130,41.1,362,52.8,126,4.9,338,7.7,153
Cornell,43.8,236,49.8,332,23.3,323,19.5,13,26.8,300,33.5,256,25.2,279,21.3,247,31.5,136,32.2,261,41.9,287,50.7,341,69.3,258,73.3,279,34.0,180,37.7,306,67.3,12,62.1,330,2.9,362,7.7,154
Xavier,44.4,210,47.3,267,21.2,349,26.400000000000002,123,27.500000000000004,289,35.3,312,24.8,262,23.0,166,28.3,282,33.1,313,45.5,169,45.7,196,72.5,152,71.0,155,35.9,139,40.6,344,60.8,67,68.7,361,9.2,100,7.8,155
Green Bay,49.5,66,43.8,82,25.8,264,21.5,26,24.6,335,26.3,36,18.9,38,21.7,223,32.8,89,30.8,176,49.7,66,42.2,58,76.4,36,69.6,85,32.2,212,40.2,337,67.0,15,52.6,117,7.4,198,7.8,156
Siena,42.199999999999996,289,43.6,73,29.299999999999997,148,30.2,228,39.0,19,33.2,232,25.2,278,25.1,82,25.4,346,29.3,96,44.4,194,43.4,89,73.4,121,72.9,261,34.1,177,33.0,150,57.2,115,62.4,332,7.4,202,7.8,157
Wake Forest,50.6,48,44.6,121,24.6,286,19.7,15,24.9,333,33.0,231,23.400000000000002,197,19.7,303,33.9,61,31.0,192,50.5,48,43.6,97,66.2,319,72.3,230,35.0,158,36.6,278,68.4,5,65.3,355,7.2,219,7.8,158
Purdue Fort Wayne,49.5,69,45.6,186,28.199999999999996,189,28.499999999999996,176,21.6,358,27.900000000000002,80,19.3,50,25.0,83,31.3,150,30.3,145,51.1,38,45.7,194,69.5,250,75.3,345,37.7,96,34.7,205,46.8,337,51.7,97,6.9,241,7.8,159
Missouri St.,44.3,214,42.0,29,38.9,7,30.099999999999998,224,34.0,95,26.8,47,24.8,260,22.3,194,29.8,214,29.0,83,44.2,199,41.3,35,74.7,76,69.0,64,25.1,337,29.4,51,54.0,193,45.6,14,6.8,249,7.8,160
Cal St. Bakersfield,40.0,339,47.9,283,30.7,110,40.5,359,28.1,282,30.0,131,21.9,128,22.900000000000002,169,28.6,274,30.3,147,38.6,344,49.1,315,68.6,276,70.7,134,33.2,197,32.9,145,43.4,356,50.6,75,6.8,252,7.8,161
Harvard,45.0,186,44.6,126,22.0,341,32.4,286,39.7,14,29.9,128,23.0,178,28.199999999999996,21,30.6,174,31.3,210,44.5,191,43.6,100,74.9,72,73.0,266,33.4,192,30.6,72,54.4,179,54.2,167,10.9,47,7.9,162
Colorado,46.0,153,44.9,148,32.6,70,33.300000000000004,300,37.4,34,26.8,46,23.599999999999998,204,25.0,85,27.6,302,30.9,190,47.5,118,44.1,123,72.9,137,71.1,164,25.5,334,35.0,221,55.1,154,50.5,69,8.1,159,7.9,163
Boise St.,48.8,83,44.7,129,28.1,194,25.1,86,29.7,235,27.6,70,21.2,107,21.5,238,38.3,3,28.5,48,45.0,176,45.9,209,74.0,106,74.8,332,30.3,263,39.2,327,62.6,42,52.5,115,7.5,190,7.9,164
Drexel,44.3,212,43.9,91,24.099999999999998,302,20.599999999999998,19,34.300000000000004,85,32.6,215,18.3,27,22.6,183,30.7,171,29.2,90,43.7,219,44.0,119,73.4,122,69.5,80,26.8,315,33.4,158,63.0,34,55.8,207,7.5,193,7.9,165
Oklahoma St.,53.400000000000006,16,48.6,305,27.1,231,26.200000000000003,116,36.0,57,24.2,5,19.2,47,25.5,73,34.5,43,33.5,323,54.4,11,47.8,276,75.8,53,72.6,240,40.9,45,31.6,99,57.6,106,54.0,161,7.4,199,7.9,166
Cincinnati,44.3,211,49.9,337,33.6,52,30.9,253,38.7,23,31.8,193,23.400000000000002,196,19.8,298,31.5,138,35.9,358,43.3,246,47.8,283,71.5,188,69.9,101,26.1,320,34.0,179,49.5,284,61.2,319,7.4,201,7.9,167
Northern Kentucky,44.9,187,47.699999999999996,274,30.599999999999998,115,28.299999999999997,172,31.7,168,28.000000000000004,83,21.5,116,19.6,308,29.5,230,31.9,244,45.3,173,47.6,271,75.1,68,71.5,186,40.0,55,35.4,243,48.5,304,52.2,104,7.2,210,7.9,168
Grambling St.,38.1,352,44.7,135,32.2,77,40.0,355,36.7,46,37.3,337,25.3,284,29.799999999999997,12,22.9,361,31.8,238,39.6,330,43.6,101,63.4,348,69.4,78,28.3,295,27.6,19,53.4,212,56.4,225,7.2,213,7.9,169
Seton Hall,46.7,130,47.599999999999994,270,28.499999999999996,176,19.1,11,32.7,132,30.5,149,21.8,126,24.9,87,32.4,105,31.9,242,45.5,168,47.5,269,75.8,52,70.5,125,37.1,112,42.6,356,54.7,171,61.9,329,7.1,227,7.9,170
Saint Francis,40.0,338,48.3,298,25.5,275,30.3,233,28.999999999999996,255,33.300000000000004,243,24.9,264,20.599999999999998,273,26.3,332,29.9,128,40.4,316,50.1,333,71.1,200,71.0,157,34.9,159,35.2,232,60.4,72,60.1,306,6.0,301,7.9,171
Grand Canyon,45.1,175,45.5,183,28.499999999999996,174,30.0,221,31.8,165,26.3,35,24.6,255,23.1,161,29.1,244,29.8,121,46.0,149,45.9,208,76.0,47,75.5,349,37.0,115,29.0,40,56.5,127,51.1,82,7.3,206,8.0,172
Delaware,44.7,193,45.800000000000004,197,29.299999999999997,149,24.2,60,28.9,257,31.0,171,25.5,288,22.5,191,30.3,190,28.8,67,44.4,193,47.0,250,73.6,114,70.4,117,32.4,207,32.7,137,44.4,353,53.6,151,6.9,244,8.0,173
Utah St.,42.1,292,47.8,281,25.5,274,25.4,97,22.3,355,36.3,325,22.5,157,22.1,205,26.2,335,31.9,248,43.9,213,47.8,282,74.6,85,70.0,105,38.4,79,35.2,230,49.9,276,55.4,197,5.4,320,8.0,174
Wisconsin,48.699999999999996,85,49.7,329,20.3,356,30.8,252,32.7,134,32.6,217,23.200000000000003,186,19.900000000000002,294,34.4,45,32.5,282,46.7,134,50.2,335,75.5,61,75.1,341,40.5,53,35.3,237,58.7,92,54.6,179,10.1,64,8.1,175
Wyoming,45.4,169,44.9,149,18.0,362,21.6,27,19.6,361,26.8,50,23.200000000000003,184,16.8,356,29.3,238,30.2,142,46.3,140,44.7,156,70.9,209,74.1,307,39.7,62,31.7,104,65.8,17,48.7,43,9.8,74,8.1,176
Southern Utah,45.7,159,45.1,161,35.4,30,29.2,195,33.800000000000004,100,25.6,17,22.1,136,16.5,357,31.4,148,30.8,178,45.1,175,44.6,151,73.5,118,72.0,209,32.2,216,28.6,32,59.6,80,45.8,16,8.4,138,8.1,177
UNC Asheville,40.6,328,43.2,54,33.5,53,34.0,311,38.1,28,33.0,227,30.4,358,24.4,113,27.0,315,27.1,18,40.7,310,44.3,132,62.7,352,71.0,161,31.9,223,31.0,79,55.0,158,52.8,125,8.3,146,8.1,178
Evansville,45.1,180,49.5,325,28.599999999999998,171,37.4,342,29.2,250,31.4,184,21.4,112,19.900000000000002,293,31.7,132,31.8,235,43.7,222,50.4,337,73.6,115,70.4,118,36.5,123,33.0,148,61.6,55,57.6,256,7.6,186,8.1,179
Milwaukee,45.1,177,47.4,268,28.9,160,32.300000000000004,284,25.7,318,28.000000000000004,85,23.799999999999997,212,17.7,350,32.7,94,31.3,209,42.7,261,47.7,274,69.5,252,74.2,312,37.9,92,38.9,322,56.8,124,58.3,274,7.2,216,8.1,180
UC Davis,48.4,94,45.0,153,28.799999999999997,161,24.2,61,26.6,308,27.3,62,21.8,124,19.3,316,30.9,163,32.3,271,50.2,56,43.0,79,76.1,43,73.4,281,47.5,9,36.4,272,61.1,64,47.9,30,5.8,307,8.1,181
Villanova,50.7,42,45.1,158,17.5,363,30.2,229,27.200000000000003,294,26.900000000000002,52,18.9,39,24.7,95,34.6,40,29.5,105,49.9,58,45.5,188,78.2,17,68.2,35,39.9,56,30.1,63,65.5,18,48.0,32,10.2,59,8.2,182
Manhattan,40.6,329,44.7,134,27.3,220,31.8,276,33.300000000000004,111,32.0,198,26.1,306,23.200000000000003,157,25.7,344,28.5,49,41.2,304,45.8,204,75.2,63,69.3,73,24.1,345,35.4,246,68.2,6,64.8,352,9.7,80,8.2,183
Tennessee,48.3,96,47.3,265,26.400000000000002,249,30.0,223,36.6,49,32.2,206,20.599999999999998,89,25.6,70,31.0,153,31.6,225,49.8,62,47.3,257,67.0,311,72.4,235,45.1,17,28.4,26,49.1,291,48.0,34,8.5,133,8.2,184
Sacramento St.,45.0,183,43.7,78,21.2,348,28.299999999999997,175,33.2,112,33.6,260,26.900000000000002,324,24.2,116,30.9,159,30.1,138,44.1,201,43.0,81,71.5,187,71.8,200,38.4,80,32.2,120,51.3,248,49.5,57,8.1,158,8.2,185
Radford,45.0,182,43.2,53,25.8,263,28.7,185,28.599999999999998,266,28.9,104,20.9,98,24.8,91,31.4,143,29.7,115,43.7,220,42.5,68,67.9,287,68.2,39,38.0,88,33.9,170,56.1,138,49.9,62,8.0,164,8.2,186
Liberty,48.9,81,44.1,101,26.5,243,28.799999999999997,190,35.8,62,28.299999999999997,91,26.0,304,20.1,289,36.4,14,29.8,117,45.9,156,43.8,107,68.2,283,75.3,346,33.8,185,37.4,301,56.2,134,54.6,180,8.0,168,8.2,187
UC San Diego,47.3,113,44.9,146,27.700000000000003,207,25.8,108,24.7,334,31.0,174,17.7,18,27.200000000000003,36,31.4,141,30.7,170,47.5,116,44.2,125,71.6,185,73.9,301,32.5,206,38.4,317,54.2,185,55.9,210,8.0,170,8.2,188
Chattanooga,47.0,124,45.0,154,23.9,308,30.8,251,33.6,102,27.900000000000002,77,22.7,164,22.900000000000002,171,32.1,118,32.0,250,46.3,141,43.4,88,74.6,82,73.1,268,36.2,131,35.7,259,47.7,325,50.1,66,7.5,189,8.2,189
Loyola MD,44.1,224,47.699999999999996,276,29.7,139,33.7,306,33.1,116,28.000000000000004,81,26.6,318,22.6,186,29.6,226,33.6,327,44.1,203,45.6,191,67.1,307,72.9,264,27.9,302,43.3,358,59.9,75,64.3,351,7.5,197,8.2,190
UMKC,43.8,235,52.5,358,25.6,271,32.5,289,32.6,137,34.8,299,21.8,127,23.5,146,32.4,106,35.6,354,42.1,280,51.9,352,63.5,347,74.9,338,25.6,332,36.1,265,48.6,303,57.9,266,7.2,215,8.2,191
Towson,43.6,246,43.8,85,28.7,165,28.9,192,31.4,182,33.5,254,20.599999999999998,90,19.8,296,31.0,157,32.1,254,42.0,282,42.5,69,69.5,248,71.9,206,36.6,120,22.6,2,54.1,188,46.3,19,6.9,238,8.2,192
Georgia Southern,49.6,62,44.3,105,30.5,119,27.1,143,28.199999999999996,279,33.5,255,19.6,56,22.400000000000002,192,32.9,85,30.1,136,49.8,61,44.0,116,72.3,161,69.6,87,36.1,132,28.1,23,49.1,290,40.8,3,6.4,271,8.2,193
Albany,48.199999999999996,97,44.5,117,26.0,258,24.8,77,31.2,187,30.099999999999998,134,25.2,276,21.2,250,33.9,60,29.7,114,46.7,131,44.5,147,68.7,268,72.5,238,34.8,162,34.2,184,62.4,46,49.6,58,6.1,291,8.2,194
Austin Peay,46.7,129,46.7,246,27.3,223,37.2,339,37.4,35,29.099999999999998,109,23.799999999999997,213,26.5,51,28.8,261,31.4,215,48.8,84,46.4,228,70.7,212,69.2,72,37.1,111,37.9,311,53.5,211,53.4,143,4.7,342,8.2,195
Jackson St.,39.800000000000004,340,46.5,241,28.1,196,37.3,340,36.199999999999996,54,30.5,146,27.1,326,22.8,178,30.5,182,29.2,91,36.8,357,47.8,284,69.8,238,65.7,9,33.3,195,32.1,119,56.1,137,51.2,83,3.6,356,8.2,196
Auburn,42.5,281,47.699999999999996,277,28.299999999999997,184,31.8,274,29.4,244,34.9,303,23.5,202,28.499999999999996,19,27.0,314,32.2,265,43.3,243,47.4,264,70.6,214,73.1,270,29.3,280,34.3,192,43.2,357,52.9,128,8.3,147,8.3,197
Seattle,41.4,309,50.5,347,24.5,290,25.4,98,23.3,345,35.4,316,24.6,257,18.9,326,26.9,320,34.5,341,42.0,283,49.9,332,80.6,3,72.8,251,35.1,157,31.9,113,47.7,324,56.1,221,6.0,298,8.3,198
Alcorn St.,40.8,321,43.4,64,27.900000000000002,201,34.1,315,29.099999999999998,254,36.8,330,26.8,322,26.400000000000002,53,27.7,297,27.1,17,40.4,315,44.9,169,64.8,335,64.6,2,34.7,163,34.3,188,64.6,23,58.8,285,5.7,312,8.3,199
Sam Houston St.,41.9,301,47.699999999999996,278,37.0,17,33.300000000000004,299,34.1,93,37.4,338,24.0,226,33.2,7,26.2,334,32.4,279,42.6,265,47.3,259,61.4,359,68.6,50,22.8,351,27.7,20,55.9,139,55.7,205,4.8,339,8.3,200
Texas Tech,51.1,33,41.199999999999996,14,31.3,95,32.2,283,30.5,209,31.8,194,22.400000000000002,148,27.6,30,34.3,48,27.1,15,50.9,41,41.4,36,75.7,54,72.9,260,39.1,69,31.9,111,57.4,109,47.9,31,15.5,6,8.4,201
UT Arlington,42.9,272,44.4,116,38.1,14,37.1,337,28.7,265,33.300000000000004,244,27.3,332,24.7,99,30.7,167,28.8,65,42.1,277,45.1,176,67.4,297,71.0,160,21.0,360,33.6,164,55.9,141,59.1,289,13.1,15,8.4,202
Idaho,46.5,140,42.3,40,28.000000000000004,197,25.2,90,38.1,26,25.1,11,20.8,95,20.8,262,30.2,196,31.5,220,47.1,124,39.5,10,72.1,171,72.8,256,31.7,228,37.0,290,47.2,331,49.1,51,10.9,44,8.4,203
UNLV,48.1,99,44.9,145,27.200000000000003,224,18.4,5,29.599999999999998,238,26.8,49,19.1,44,18.5,333,33.8,64,32.2,259,46.7,133,42.8,75,74.1,100,72.1,216,35.2,154,36.7,282,53.9,204,57.9,263,8.6,130,8.4,204
Monmouth,44.3,213,43.1,51,31.4,91,27.500000000000004,152,36.4,52,33.7,263,24.3,243,24.5,106,27.9,290,30.5,162,45.6,163,42.0,53,67.5,293,73.5,289,33.8,184,29.8,56,49.8,277,52.6,122,8.1,160,8.4,205
UMBC,40.5,331,45.1,163,33.0,61,34.5,320,34.300000000000004,87,29.5,118,22.1,137,26.0,60,29.4,231,26.7,10,39.2,336,47.3,260,71.1,199,71.0,156,25.9,325,30.5,71,43.6,355,45.4,12,7.5,188,8.4,206
New Hampshire,42.6,277,45.4,176,25.900000000000002,260,26.3,120,22.7,352,27.400000000000002,63,23.400000000000002,195,18.0,345,27.9,292,31.9,246,43.0,258,44.2,127,76.1,44,72.9,259,31.5,232,31.5,97,47.7,323,51.6,93,7.1,221,8.4,207
Maine,45.6,163,46.2,221,24.0,307,22.2,33,25.6,320,29.9,130,17.4,13,22.7,179,28.9,259,29.5,107,46.9,125,47.0,249,72.6,149,71.3,178,34.9,160,29.1,43,57.1,118,56.7,233,7.1,225,8.4,208
Florida A&M,37.9,353,46.0,213,36.6,22,39.2,353,33.0,122,39.4,352,25.2,280,24.3,114,23.0,359,32.2,268,39.0,341,45.1,177,70.0,231,69.4,75,22.8,352,28.6,33,47.5,328,49.7,61,6.7,256,8.4,209
South Carolina St.,36.7,360,47.199999999999996,261,24.2,299,38.1,347,25.5,325,40.400000000000006,357,28.9,352,24.7,100,25.8,342,32.7,295,35.9,361,46.3,227,65.6,327,71.3,183,30.6,257,34.0,177,48.1,317,57.5,254,6.2,285,8.4,210
Detroit Mercy,42.6,278,50.6,350,32.0,81,32.2,282,29.299999999999997,247,30.599999999999998,155,22.5,154,22.1,204,26.7,323,32.8,300,43.7,223,51.3,347,64.6,338,72.5,239,29.8,269,35.0,220,46.4,345,56.8,238,5.1,332,8.4,211
Fresno St.,43.2,257,45.300000000000004,171,25.6,269,36.1,335,32.800000000000004,131,27.6,68,23.1,181,25.6,71,32.1,116,29.3,93,41.4,295,46.0,217,71.2,196,69.5,82,26.4,318,32.5,132,44.8,352,54.7,182,5.0,334,8.4,212
Montana St.,46.6,135,47.0,252,25.8,265,33.7,307,33.900000000000006,98,33.2,233,20.4,85,33.300000000000004,5,29.9,210,32.8,297,47.7,108,45.7,195,66.0,323,72.0,212,38.1,87,37.8,308,55.1,156,51.5,89,11.9,22,8.5,213
Santa Clara,46.1,151,45.5,182,28.299999999999997,180,24.4,67,31.8,162,30.599999999999998,154,15.2,1,21.6,229,31.2,151,31.1,199,45.6,164,45.0,171,74.3,95,70.8,139,43.0,27,28.9,37,55.7,143,59.3,294,11.3,38,8.5,214
Tulane,44.1,221,43.6,72,29.2,152,28.799999999999997,188,33.5,105,34.1,277,24.4,250,21.5,239,27.5,306,28.8,70,45.5,166,43.9,112,69.4,255,71.0,158,32.9,202,37.8,310,58.8,91,59.8,303,9.7,79,8.5,215
Duquesne,42.9,273,44.3,110,24.4,291,29.299999999999997,198,33.7,101,31.3,182,27.3,331,22.3,197,31.9,125,32.1,253,40.0,323,41.7,45,70.0,229,70.9,150,37.3,106,40.7,346,48.7,302,64.2,350,8.8,118,8.5,216
Tulsa,47.199999999999996,118,44.800000000000004,138,35.9,26,30.7,246,29.599999999999998,240,29.299999999999997,113,25.6,291,24.4,112,31.0,154,31.1,200,47.6,113,44.1,122,70.3,220,69.1,69,37.9,91,31.1,83,54.9,161,48.6,41,8.5,134,8.5,217
Texas A&M Corpus Chris,42.699999999999996,276,44.800000000000004,140,34.599999999999994,39,33.5,303,32.0,158,34.2,281,30.599999999999998,359,18.4,339,29.0,256,31.6,227,42.3,273,43.4,91,64.4,339,71.9,207,37.3,107,36.9,286,62.5,44,56.4,223,8.3,149,8.5,218
UC Irvine,47.599999999999994,109,41.3,17,38.2,11,29.599999999999998,202,31.4,183,27.6,69,18.5,30,23.7,133,35.7,22,26.9,12,43.2,247,42.1,55,80.4,4,72.8,252,42.9,29,41.0,350,57.9,103,60.3,310,7.0,237,8.5,219
Toledo,46.7,133,45.9,203,29.4,145,27.500000000000004,154,32.9,125,25.4,16,25.3,281,22.0,212,28.6,275,30.1,139,48.5,94,46.2,219,73.0,136,71.3,176,33.6,188,27.6,18,54.4,176,50.5,70,5.5,316,8.5,220
Akron,46.1,149,51.4,354,31.6,85,37.4,341,26.8,306,32.0,201,25.2,277,20.1,288,30.7,172,30.5,159,46.2,143,53.9,358,68.6,277,72.9,263,41.7,38,31.3,86,51.3,247,51.6,92,5.2,328,8.5,221
Southeastern Louisiana,40.6,330,50.5,348,25.3,278,27.400000000000002,149,29.099999999999998,252,43.0,362,22.400000000000002,151,21.9,215,29.8,215,29.6,111,38.4,345,54.2,360,69.7,243,68.3,44,35.4,150,37.8,309,50.2,273,56.1,219,4.4,349,8.5,222
San Diego,39.300000000000004,343,45.300000000000004,172,27.500000000000004,213,27.500000000000004,155,34.599999999999994,81,29.799999999999997,126,25.5,287,20.3,281,26.4,330,30.8,179,39.2,337,44.8,164,69.3,256,74.2,313,29.1,285,34.0,178,46.7,339,63.8,344,8.8,117,8.6,223
Tennessee Martin,44.5,199,45.7,195,32.800000000000004,64,26.3,118,20.8,360,34.0,276,22.1,139,21.7,224,29.2,241,31.5,221,44.9,183,44.5,148,74.8,74,71.5,187,31.4,237,41.8,353,49.4,285,57.1,247,8.3,150,8.6,224
Georgia,50.5,50,43.4,59,29.099999999999998,154,31.8,272,30.2,218,27.1,59,19.8,61,23.200000000000003,155,33.4,69,29.6,110,50.8,43,42.7,70,72.4,154,69.5,81,33.4,191,35.6,257,50.8,260,55.8,208,7.6,184,8.6,225
Saint Joseph's,48.699999999999996,84,44.4,114,31.4,93,27.800000000000004,161,30.4,211,29.5,120,22.0,133,23.1,160,32.8,88,33.1,312,48.3,99,42.0,50,72.2,167,72.8,255,36.7,119,31.8,107,69.0,3,52.3,108,7.2,211,8.6,226
Kansas St.,49.6,59,47.5,269,27.700000000000003,208,28.499999999999996,177,27.1,295,30.599999999999998,156,20.599999999999998,88,23.799999999999997,130,34.8,33,32.7,289,48.0,104,46.7,243,71.0,204,75.9,354,37.5,102,36.3,270,58.4,97,58.5,279,6.8,254,8.6,227
Lamar,45.2,172,44.6,125,34.699999999999996,35,34.4,318,38.9,21,30.2,137,25.6,292,27.0,42,32.9,83,27.6,24,43.6,224,46.3,226,68.6,275,70.6,129,27.7,303,34.3,194,50.5,267,54.0,163,6.6,264,8.6,228
New Orleans,38.7,350,50.5,349,29.4,147,29.799999999999997,212,30.7,201,40.0,354,25.3,285,22.5,189,25.0,349,34.7,344,39.2,339,49.7,328,69.3,257,72.9,262,30.9,251,36.4,275,52.6,222,66.7,359,6.2,288,8.6,229
Murray St.,50.3,52,47.3,263,38.2,12,24.2,58,31.900000000000002,159,27.1,58,17.2,9,18.099999999999998,343,31.4,147,30.1,137,52.4,22,48.1,294,80.3,5,71.4,184,39.9,57,25.4,6,50.5,265,44.4,8,5.0,333,8.6,230
Lehigh,51.300000000000004,30,49.1,316,31.4,94,27.500000000000004,153,27.200000000000003,293,34.5,293,23.400000000000002,198,23.799999999999997,131,33.0,80,34.3,337,53.0,17,48.1,293,77.3,22,72.1,213,49.3,5,31.2,84,65.4,19,57.5,253,4.0,352,8.6,231
Merrimack,45.7,160,43.7,77,25.4,276,24.4,68,33.300000000000004,109,32.6,216,23.9,219,23.400000000000002,149,30.2,193,29.3,94,46.0,148,43.5,94,72.1,172,70.4,119,36.5,124,37.2,296,59.0,86,58.5,278,10.0,71,8.7,232
Charlotte,42.0,296,46.400000000000006,236,21.7,344,30.3,234,41.5,5,33.800000000000004,265,24.2,239,23.9,127,30.1,200,32.8,296,40.6,312,45.0,173,67.9,290,73.5,288,31.0,248,32.7,139,49.0,296,53.7,156,9.2,96,8.7,233
Saint Peter's,38.800000000000004,349,47.199999999999996,260,27.200000000000003,226,25.4,96,26.900000000000002,297,37.8,341,24.9,267,23.799999999999997,132,26.9,319,32.9,305,37.9,349,45.8,206,63.5,346,67.4,22,37.6,97,42.0,355,57.1,120,64.1,348,7.4,203,8.7,234
Longwood,44.1,220,46.0,209,28.799999999999997,163,24.2,62,36.5,50,37.0,332,23.0,180,28.999999999999996,15,30.0,204,28.2,36,43.7,218,47.9,285,72.3,162,65.7,8,32.0,220,34.3,191,52.1,231,54.9,186,5.0,335,8.7,235
Temple,44.4,208,46.9,251,28.999999999999996,159,28.299999999999997,173,34.2,88,31.1,176,23.3,192,23.3,153,32.6,99,33.2,314,42.3,275,45.5,190,72.1,173,72.2,221,32.1,219,32.7,138,54.8,165,62.5,335,4.4,350,8.7,236
Wright St.,44.6,195,49.6,326,24.099999999999998,304,31.5,265,25.5,324,31.7,192,20.4,82,21.3,243,34.3,49,32.4,273,40.4,317,50.1,334,69.6,246,72.7,245,37.6,98,36.7,281,50.8,261,54.5,177,4.3,351,8.7,237
UAB,50.7,46,45.2,164,22.400000000000002,334,25.1,89,23.599999999999998,342,34.0,275,22.2,142,18.5,335,35.2,28,31.9,240,49.4,72,44.0,117,72.2,168,68.4,47,39.5,65,31.5,94,57.3,112,49.5,56,3.5,358,8.7,238
Mississippi,47.4,112,44.800000000000004,137,35.6,28,31.2,258,40.2,12,28.7,99,20.0,71,25.5,74,29.4,232,31.2,206,48.7,89,44.1,121,74.0,104,71.6,193,28.2,296,25.9,7,52.7,219,48.6,42,11.8,24,8.8,239
Virginia Tech,45.0,184,42.1,31,29.2,151,31.8,270,35.5,71,28.4,92,18.5,31,24.6,101,30.8,165,31.0,194,44.6,186,40.6,20,74.3,94,70.6,128,27.3,308,26.0,8,58.3,98,46.4,21,11.3,36,8.8,240
Penn,45.1,176,43.5,69,23.599999999999998,316,22.1,32,32.2,151,32.6,218,22.1,138,22.8,174,30.1,203,32.4,276,45.0,178,40.7,22,78.8,10,73.0,265,38.4,81,34.8,212,61.9,52,61.7,325,10.2,62,8.8,241
Cal St. Northridge,44.5,200,44.2,103,27.800000000000004,203,34.5,322,29.2,249,35.9,323,28.299999999999997,345,24.099999999999998,117,29.0,251,28.9,76,45.1,174,44.7,157,67.0,309,72.2,224,41.8,37,35.6,254,54.0,196,56.5,229,10.0,69,8.8,242
Weber St.,45.4,167,45.9,205,28.299999999999997,181,29.7,207,22.3,356,32.0,203,25.1,270,21.6,234,32.1,119,33.2,315,43.6,226,43.9,113,76.4,38,75.9,352,39.6,64,34.0,176,60.6,70,55.1,189,9.6,81,8.8,243
Dayton,49.1,78,45.9,202,33.2,57,24.099999999999998,56,36.0,56,31.3,179,26.200000000000003,308,19.8,299,31.2,152,31.0,193,50.2,55,45.5,187,67.4,298,72.3,229,32.2,217,34.3,190,46.6,342,50.6,74,9.0,107,8.8,244
Mercer,42.4,284,45.4,177,32.5,74,32.5,287,31.0,191,34.0,271,22.2,141,25.5,75,32.3,110,33.3,317,39.8,326,43.4,92,75.0,69,71.3,174,29.6,274,31.0,80,51.2,249,50.9,80,8.7,120,8.8,245
Davidson,49.2,74,45.5,180,25.7,266,29.599999999999998,204,30.7,200,26.700000000000003,44,22.900000000000002,171,25.7,67,33.3,70,32.6,285,48.6,92,44.3,128,69.8,236,68.0,32,39.0,70,27.2,15,53.8,206,44.1,7,8.6,122,8.8,246
Delaware St.,40.699999999999996,322,46.2,222,29.099999999999998,155,41.6,360,26.900000000000002,299,34.5,294,28.499999999999996,347,25.2,81,29.3,237,32.4,277,39.6,331,45.3,184,63.5,345,71.9,208,25.6,330,28.9,39,51.5,245,55.0,188,7.2,212,8.8,247
Florida Gulf Coast,47.4,111,43.9,90,34.1,45,24.5,71,26.8,302,29.4,117,25.2,275,21.8,221,30.4,186,26.8,11,48.6,91,46.4,229,68.7,269,68.9,61,39.6,63,40.6,343,54.2,187,48.7,45,6.8,250,8.8,248
Indiana,53.800000000000004,15,46.1,214,30.4,122,25.0,82,23.400000000000002,344,31.5,187,22.0,134,16.900000000000002,355,37.5,6,30.9,180,52.5,21,46.0,215,80.0,7,73.8,298,35.9,141,29.2,44,49.3,286,53.4,144,3.2,359,8.8,249
Saint Louis,40.699999999999996,323,44.2,104,32.6,69,29.7,206,32.5,141,35.3,310,24.8,261,23.0,165,25.4,347,30.1,140,41.9,286,43.8,108,73.1,132,70.7,133,30.1,264,33.6,162,52.4,229,51.7,95,10.6,50,8.9,250
South Dakota,44.7,194,41.3,19,31.1,98,34.599999999999994,324,30.099999999999998,222,26.0,32,18.6,32,20.9,259,31.0,156,27.9,30,44.0,206,41.1,29,80.0,6,71.9,202,28.2,297,31.8,108,46.6,341,48.4,37,8.8,113,8.9,251
Illinois St.,49.3,72,47.3,264,34.699999999999996,38,24.2,59,30.0,223,28.799999999999997,102,20.0,72,19.900000000000002,291,31.4,146,30.5,157,50.3,51,48.0,289,74.2,99,71.5,188,32.0,221,31.5,96,63.3,31,49.2,52,7.6,182,8.9,252
North Florida,44.4,203,48.3,296,23.7,315,31.2,259,28.999999999999996,256,35.0,304,26.3,314,23.3,154,28.4,279,30.5,161,45.7,161,49.7,326,72.6,150,71.5,189,39.7,61,35.1,223,54.8,166,49.0,48,6.9,240,8.9,253
Incarnate Word,45.6,162,48.199999999999996,291,30.5,120,27.700000000000003,158,33.300000000000004,110,35.199999999999996,307,24.3,244,19.6,310,30.3,192,31.2,205,45.7,162,48.8,309,72.4,158,75.9,353,41.9,36,28.5,30,50.3,269,46.8,24,4.7,341,8.9,254
Norfolk St.,40.6,327,38.7,2,27.3,218,32.0,279,32.5,143,34.9,300,24.0,224,26.6,48,28.3,281,26.9,13,39.6,328,37.9,3,70.0,228,73.6,292,33.2,198,32.0,117,52.9,218,56.1,218,12.4,19,9.0,255
Colorado St.,47.699999999999996,108,40.699999999999996,9,28.999999999999996,157,27.0,139,22.900000000000002,350,25.3,15,16.1,4,20.1,286,32.3,113,28.8,64,47.3,120,39.2,8,77.1,25,69.7,89,35.7,146,37.2,297,49.0,297,50.7,76,9.9,73,9.0,256
Bryant,46.300000000000004,145,41.099999999999994,12,24.9,282,33.0,293,30.8,195,27.900000000000002,78,22.400000000000002,146,23.3,152,33.0,81,25.4,3,44.9,179,42.4,63,67.5,294,71.0,159,29.7,272,30.0,61,61.9,50,47.6,27,7.3,205,9.0,257
Iona,41.3,310,43.7,79,24.099999999999998,301,27.500000000000004,156,33.1,114,32.0,199,20.7,94,23.599999999999998,139,27.5,305,27.8,28,41.3,298,44.5,149,73.3,127,69.0,65,33.4,190,29.8,57,57.5,107,61.5,324,4.8,340,9.0,258
East Texas A&M,43.1,261,44.9,152,26.5,244,29.599999999999998,203,25.5,323,34.300000000000004,286,21.3,110,21.3,244,30.2,195,29.4,102,41.9,285,45.2,180,72.7,145,74.8,333,34.5,175,29.2,45,64.1,27,56.1,216,8.6,128,9.1,259
Pittsburgh,41.6,305,48.5,303,21.2,350,19.5,14,28.299999999999997,276,32.7,221,22.3,144,17.8,348,28.7,270,34.8,346,41.1,306,46.2,225,75.8,51,72.7,243,27.9,301,38.8,320,54.0,197,64.0,347,7.2,218,9.1,260
Tarleton St.,43.9,233,45.6,189,28.000000000000004,198,30.3,230,30.7,202,28.799999999999997,101,24.3,241,21.099999999999998,254,30.6,177,32.1,255,43.0,259,44.3,130,67.1,306,67.4,21,31.1,244,34.7,208,48.4,307,51.7,96,10.6,51,9.2,261
East Tennessee St.,39.300000000000004,342,42.699999999999996,45,31.5,86,27.200000000000003,144,30.7,198,30.3,140,20.5,86,23.1,159,26.7,322,31.3,211,38.8,342,40.6,21,68.9,265,72.7,246,34.5,173,33.1,151,48.1,316,49.1,50,7.9,176,9.2,262
Marist,42.6,280,46.1,217,26.0,259,24.8,78,25.2,329,34.0,274,23.7,211,21.8,220,32.3,111,31.1,198,39.3,335,45.8,205,76.3,41,72.7,242,36.1,133,33.0,149,55.2,152,58.0,268,5.9,306,9.2,263
Lipscomb,45.5,164,43.3,56,29.599999999999998,140,21.7,28,24.2,338,31.5,186,27.1,327,21.4,242,30.0,207,28.7,61,45.9,153,43.5,95,72.0,175,68.8,54,43.9,21,37.7,304,47.1,332,49.6,60,15.7,5,9.3,264
USC,46.7,131,43.7,76,26.400000000000002,246,26.8,136,32.800000000000004,126,32.2,207,19.7,60,23.9,122,30.3,188,29.0,81,47.5,114,43.8,105,70.3,219,71.2,171,38.8,76,28.4,27,64.6,22,62.6,336,13.7,12,9.3,265
Coastal Carolina,46.1,150,44.6,124,36.0,24,31.4,263,32.800000000000004,128,33.300000000000004,240,24.4,248,24.8,92,33.4,68,28.7,58,43.3,238,45.8,202,69.0,263,69.9,102,40.8,47,42.9,357,50.6,264,59.7,300,10.3,57,9.3,266
Nebraska,53.900000000000006,13,50.2,342,26.700000000000003,239,27.200000000000003,146,31.4,181,30.099999999999998,133,19.2,48,25.6,68,35.0,30,30.9,181,54.7,7,52.3,353,78.7,12,74.4,317,35.9,142,35.2,231,62.6,41,54.6,178,9.8,75,9.3,267
UTSA,43.0,269,41.9,28,28.999999999999996,158,22.0,30,36.1,55,28.999999999999996,105,26.900000000000002,323,22.0,214,28.3,283,29.1,87,43.2,248,41.0,27,69.5,247,68.9,59,25.9,324,35.2,236,58.9,88,57.1,245,9.3,93,9.3,268
Western Carolina,39.0,346,49.3,323,33.300000000000004,55,30.5,238,28.9,259,35.4,315,29.799999999999997,354,22.400000000000002,193,27.3,311,35.1,349,37.9,350,47.3,261,74.5,90,68.4,46,34.6,168,37.1,294,54.8,167,54.1,164,8.0,166,9.3,269
New Mexico,46.5,139,44.9,147,23.799999999999997,312,25.8,110,34.599999999999994,80,25.2,12,21.2,105,23.0,163,30.7,170,30.5,158,46.8,127,44.4,138,67.5,295,71.3,181,39.8,58,37.2,295,48.2,312,57.0,243,7.5,194,9.3,270
Stetson,49.1,79,45.4,173,29.799999999999997,133,29.799999999999997,210,29.9,228,32.6,219,20.4,84,20.200000000000003,283,32.4,107,30.9,184,49.5,70,44.8,161,68.6,274,72.7,247,41.9,35,37.4,299,54.8,168,53.7,152,7.3,207,9.3,271
Western Michigan,43.5,250,47.199999999999996,259,27.800000000000004,205,27.400000000000002,148,25.4,327,31.0,173,25.8,300,22.2,199,29.1,245,31.7,233,43.5,229,47.1,254,64.0,341,69.9,103,43.9,22,30.8,75,59.7,76,54.3,169,6.0,296,9.3,272
Georgetown,44.4,209,46.400000000000006,232,28.7,166,26.6,127,37.4,33,33.7,262,25.0,269,26.0,61,29.9,212,31.4,214,44.1,202,46.1,218,72.8,141,73.4,284,34.3,176,36.4,274,52.1,232,61.7,327,9.2,99,9.4,273
California,49.8,57,43.5,67,31.4,92,23.400000000000002,43,31.6,173,30.4,144,22.7,165,20.200000000000003,285,32.4,108,31.7,229,50.5,49,42.2,57,71.6,183,70.4,120,39.5,67,24.3,3,64.5,24,48.7,44,6.9,239,9.4,274
North Texas,44.2,216,44.0,97,33.1,59,31.3,260,35.8,65,28.599999999999998,95,23.3,190,24.4,111,33.3,71,30.5,156,42.3,272,43.2,83,69.4,254,68.9,60,25.7,328,32.2,124,46.8,336,49.9,63,6.8,251,9.4,275
Missouri,50.9,38,47.699999999999996,273,32.800000000000004,66,21.0,21,23.400000000000002,343,33.2,236,22.0,135,16.400000000000002,360,34.9,32,31.9,241,49.9,60,47.7,272,77.9,18,71.9,203,42.7,32,38.2,314,51.2,253,50.8,78,6.7,258,9.4,276
Florida Atlantic,44.4,205,46.800000000000004,248,31.0,103,32.7,290,26.8,304,34.2,282,24.9,266,22.900000000000002,173,30.1,202,31.9,243,44.0,208,46.4,230,67.0,310,66.8,14,37.5,99,28.0,22,53.9,200,49.4,55,6.1,290,9.4,277
Army,47.0,123,45.5,181,30.8,108,27.800000000000004,162,31.8,163,23.9,3,19.900000000000002,65,25.0,84,32.6,97,30.9,182,45.8,159,45.2,178,74.5,89,74.2,310,37.4,105,28.6,31,64.7,21,55.2,192,5.6,315,9.4,278
Texas Southern,40.5,333,46.0,211,37.2,16,38.2,348,32.7,135,37.8,340,26.6,319,22.0,213,24.4,354,30.7,174,42.6,264,45.9,212,62.8,351,68.4,48,35.1,155,28.4,28,45.3,349,48.5,40,4.9,337,9.4,279
Miami OH,51.7,24,43.5,66,27.0,233,29.799999999999997,213,25.8,317,31.0,172,22.5,155,28.000000000000004,25,35.3,26,30.4,148,50.7,46,42.4,62,75.7,55,72.6,241,43.7,23,34.4,196,62.9,36,53.1,131,10.6,53,9.5,280
Eastern Kentucky,47.699999999999996,107,42.1,30,28.299999999999997,178,27.0,141,28.7,263,27.1,60,19.1,45,24.0,119,30.7,168,25.0,2,48.7,86,44.4,136,74.0,105,70.7,132,40.8,48,34.4,197,58.5,95,44.0,6,10.0,66,9.5,281
Texas A&M,43.7,240,44.9,151,34.2,43,29.7,205,32.2,152,34.300000000000004,284,23.599999999999998,208,22.8,176,30.0,205,32.1,256,43.2,251,43.3,87,67.8,291,72.4,234,31.5,231,33.8,168,56.8,123,60.7,314,8.0,173,9.5,282
Arkansas,44.2,219,47.8,280,28.7,167,23.400000000000002,45,31.2,186,33.4,249,21.7,121,19.7,300,32.0,123,32.3,270,41.9,288,47.4,265,74.2,98,66.9,15,37.1,110,37.5,302,48.7,301,56.0,215,7.8,178,9.5,283
Pepperdine,50.7,43,43.8,80,26.200000000000003,252,25.6,103,28.499999999999996,272,27.900000000000002,79,23.3,189,18.8,330,34.2,54,32.7,291,50.3,52,41.3,33,75.5,59,74.4,318,36.9,116,32.0,115,61.5,57,56.5,226,7.0,235,9.5,284
Cal Poly,41.199999999999996,311,49.8,335,30.4,123,34.9,327,26.8,305,33.300000000000004,245,28.499999999999996,346,18.9,327,27.4,309,31.9,247,41.3,302,51.1,345,74.5,91,71.9,204,28.5,293,40.1,336,52.0,235,56.8,236,4.7,343,9.5,285
Marshall,48.9,82,45.1,159,28.299999999999997,179,24.5,72,32.9,124,40.9,358,21.9,130,27.1,37,32.4,104,30.9,183,49.1,78,44.5,145,69.7,240,74.4,320,45.6,15,32.7,134,52.5,224,58.1,272,11.8,25,9.6,286
Brown,44.1,222,41.9,27,25.2,279,23.599999999999998,49,34.699999999999996,76,30.4,142,23.799999999999997,216,23.5,147,29.6,224,28.4,46,43.9,210,41.4,37,67.3,300,75.2,344,38.4,83,38.6,318,55.1,157,55.6,202,10.3,56,9.6,287
Clemson,50.2,53,44.9,143,26.6,240,23.200000000000003,40,32.4,146,24.8,9,19.5,54,21.2,248,34.2,52,32.7,290,49.5,71,43.0,80,66.9,312,73.1,272,41.2,42,30.4,67,52.0,234,47.7,28,7.0,229,9.6,288
IU Indy,44.0,229,49.8,331,41.5,3,35.0,328,28.199999999999996,281,35.6,319,22.900000000000002,176,26.1,59,27.5,304,29.8,122,45.4,170,52.3,354,66.9,314,72.4,236,35.3,153,32.0,116,46.5,344,57.0,244,7.0,236,9.6,289
Air Force,40.300000000000004,335,49.6,327,26.200000000000003,253,33.2,298,29.7,236,26.400000000000002,38,19.1,43,24.7,96,27.7,299,32.9,304,39.7,327,49.7,327,71.7,181,71.7,194,33.0,201,32.8,143,51.6,241,53.0,130,6.5,268,9.6,290
Valparaiso,37.7,357,49.6,328,25.7,267,30.3,232,23.1,347,33.2,237,24.7,259,16.5,358,25.0,351,34.6,342,37.7,351,48.5,306,66.4,317,69.1,71,39.0,71,34.3,187,53.4,213,64.2,349,6.1,293,9.6,291
Stonehill,44.1,225,48.3,297,24.099999999999998,303,23.799999999999997,53,34.1,91,30.9,163,26.3,310,20.7,269,28.8,264,32.1,257,44.6,187,48.3,301,74.7,77,68.9,56,31.3,238,31.5,98,62.5,43,54.9,185,6.0,297,9.6,292
Marquette,50.8,41,44.4,113,23.200000000000003,324,20.599999999999998,20,31.4,179,31.3,183,24.099999999999998,230,19.5,313,35.5,24,27.9,29,49.5,68,45.8,200,75.7,56,74.5,324,34.5,174,34.3,189,67.4,11,55.2,191,11.0,43,9.7,293
Northern Iowa,47.8,103,44.6,123,30.8,107,24.8,75,26.3,311,26.5,40,19.900000000000002,67,20.3,279,34.1,56,33.5,324,46.0,150,41.3,34,70.5,215,72.3,228,36.2,130,36.3,271,55.1,155,55.9,209,10.8,49,9.7,294
San Jose St.,39.1,345,46.0,212,28.299999999999997,182,24.2,63,23.799999999999997,340,36.9,331,25.5,290,19.7,305,27.4,308,32.0,252,37.5,353,44.6,154,68.6,273,74.9,336,44.8,18,41.8,352,57.2,117,62.1,331,10.0,72,9.7,295
Rutgers,41.5,307,48.5,304,30.9,105,29.2,196,32.300000000000004,149,35.4,313,24.4,251,20.9,260,29.2,242,33.9,331,40.4,318,47.2,256,67.1,308,70.1,110,33.6,187,36.1,264,56.4,132,63.3,339,9.6,83,9.7,296
Long Beach St.,41.5,306,48.4,300,26.8,237,26.6,128,26.6,309,32.5,214,26.3,312,18.5,336,28.2,286,30.9,189,41.0,307,49.6,322,69.2,260,74.4,321,36.5,125,38.3,316,59.5,83,63.6,341,7.5,196,9.7,297
Eastern Washington,44.2,218,45.2,165,27.900000000000002,202,28.799999999999997,189,30.5,208,25.900000000000002,27,21.6,117,17.5,352,30.2,197,30.9,187,43.5,227,44.6,152,70.6,213,73.7,296,35.4,152,32.5,131,48.3,308,52.2,105,6.7,259,9.7,298
Houston Christian,42.8,275,46.800000000000004,250,31.1,102,30.2,227,28.599999999999998,269,33.800000000000004,268,27.500000000000004,335,24.5,107,26.0,337,31.4,216,45.3,172,46.6,242,64.8,336,72.7,249,38.5,78,35.0,219,56.4,131,58.0,267,6.3,280,9.7,299
Bethune Cookman,38.9,347,46.1,218,34.9,33,40.400000000000006,358,33.4,108,37.0,333,29.9,355,24.099999999999998,118,28.6,272,29.6,112,37.5,352,46.9,248,72.1,174,68.3,41,25.5,333,30.7,74,49.6,280,61.8,328,8.0,174,9.8,300
Cal St. Fullerton,40.699999999999996,326,50.8,351,33.300000000000004,56,35.4,332,41.0,7,33.4,246,22.900000000000002,174,33.2,6,25.8,341,33.5,326,41.3,303,51.2,346,68.7,270,74.1,308,22.3,355,40.0,333,54.2,186,63.9,346,7.1,228,9.8,301
Morgan St.,38.5,351,49.0,315,35.4,31,33.800000000000004,308,25.6,321,40.2,355,27.200000000000003,329,22.2,200,29.7,218,29.0,84,36.2,359,51.7,350,70.8,211,68.2,37,27.5,305,32.7,140,56.9,121,57.0,240,5.4,321,9.8,302
Utah Valley,43.7,241,49.3,320,34.599999999999994,40,29.799999999999997,208,27.1,296,34.0,273,24.4,249,33.7,2,32.6,95,35.3,351,41.4,297,46.8,244,72.0,176,70.2,113,30.8,253,40.4,340,62.5,45,69.9,362,9.6,84,9.9,303
UNC Greensboro,41.0,313,45.6,191,23.3,322,29.299999999999997,199,30.3,214,29.7,123,22.400000000000002,147,24.4,109,29.6,222,35.7,357,38.8,343,42.1,56,73.6,111,75.1,342,39.2,68,30.0,60,56.2,133,50.9,79,7.0,232,9.9,304
Tennessee Tech,42.0,294,48.1,290,31.2,97,29.799999999999997,209,38.4,25,28.9,103,22.3,143,22.7,180,30.9,161,28.0,32,39.5,332,50.4,339,71.0,207,70.9,149,36.0,137,27.8,21,50.5,266,48.3,36,6.2,283,9.9,305
Ohio,47.9,101,48.0,284,33.2,58,28.599999999999998,178,29.9,227,35.4,314,22.900000000000002,175,27.3,35,32.2,114,32.4,274,47.5,119,47.6,270,65.7,326,71.2,172,49.0,7,46.0,363,53.9,205,63.5,340,8.9,112,10.0,306
Oral Roberts,48.5,91,51.2,352,29.599999999999998,144,29.799999999999997,211,25.900000000000002,315,32.6,220,19.8,64,23.599999999999998,138,35.4,25,33.4,319,46.8,130,51.8,351,74.3,97,73.3,277,27.1,312,35.4,245,41.9,361,53.5,148,8.2,153,10.0,307
Loyola Chicago,43.1,264,46.0,210,28.000000000000004,199,32.0,278,28.7,264,36.0,324,23.599999999999998,209,26.200000000000003,57,26.5,328,28.7,62,44.7,185,47.3,258,64.1,340,72.3,231,31.8,226,29.5,52,55.7,144,63.7,343,8.0,175,10.0,308
Sacred Heart,43.1,262,45.2,167,35.699999999999996,27,28.1,167,33.0,117,31.0,168,28.000000000000004,339,22.2,201,30.0,206,28.9,75,42.4,266,46.2,224,68.5,279,72.2,223,28.8,291,35.3,242,57.4,110,59.3,293,6.2,286,10.0,309
West Georgia,48.6,87,46.300000000000004,223,36.0,25,29.5,200,30.8,194,32.5,213,23.9,218,21.4,241,32.6,100,28.3,40,48.4,96,48.3,300,70.2,225,70.4,121,43.3,25,34.7,204,43.8,354,52.0,102,5.3,323,10.0,310
Boston College,42.3,287,55.1,363,24.9,283,26.900000000000002,138,28.199999999999996,278,34.300000000000004,285,20.1,74,22.0,207,29.7,219,35.6,355,41.0,309,56.1,363,77.5,21,74.8,331,38.0,90,38.1,313,55.2,153,60.4,311,3.0,361,10.0,311
Bucknell,42.4,283,44.7,133,22.400000000000002,333,25.1,88,22.7,351,32.300000000000004,210,23.0,179,21.6,233,27.0,316,29.6,113,43.4,234,44.8,163,70.9,210,73.9,302,37.3,108,35.9,261,57.2,116,57.9,262,10.4,55,10.1,312
Oakland,44.800000000000004,192,51.300000000000004,353,27.700000000000003,209,27.700000000000003,160,31.2,188,29.599999999999998,121,23.799999999999997,215,18.3,342,30.6,179,34.5,340,44.1,204,51.1,344,73.1,134,69.1,68,37.5,100,34.8,213,54.0,195,54.4,171,8.1,161,10.1,313
Montana,46.400000000000006,142,49.9,336,19.6,359,23.599999999999998,50,16.400000000000002,363,31.2,178,20.5,87,18.099999999999998,344,31.5,139,33.4,322,45.6,165,49.8,331,76.4,40,70.2,112,51.8,1,35.0,218,50.9,258,54.0,162,7.0,233,10.1,314
Louisiana Tech,49.9,56,45.300000000000004,170,30.2,125,30.0,219,37.2,38,33.6,258,23.599999999999998,207,27.6,31,34.7,38,29.9,123,48.7,87,45.5,189,74.1,101,69.1,67,35.8,144,32.8,141,60.5,71,55.2,193,6.5,269,10.1,315
Portland St.,42.6,279,48.9,312,34.2,44,26.700000000000003,132,29.799999999999997,230,34.9,302,24.099999999999998,235,18.4,338,26.3,333,32.8,301,43.9,214,48.8,310,71.5,189,74.3,315,29.0,287,30.4,69,51.1,254,53.7,155,6.0,295,10.1,316
Bowling Green,43.1,265,48.0,285,33.1,60,33.800000000000004,309,29.7,237,32.9,225,23.3,193,26.8,46,28.4,277,34.0,334,43.5,233,46.4,231,74.0,107,73.1,269,39.8,60,34.8,211,58.2,99,58.9,287,11.4,35,10.2,317
Eastern Illinois,40.9,316,48.699999999999996,307,25.1,281,30.8,250,25.1,331,31.8,195,24.4,247,19.6,311,29.0,254,33.6,328,39.4,334,47.9,287,74.6,86,71.3,175,36.4,126,30.3,66,54.2,183,56.0,213,8.4,143,10.2,318
Northern Arizona,44.5,198,49.2,318,32.6,71,26.8,135,26.900000000000002,298,32.2,208,22.5,156,21.9,216,33.0,82,31.4,213,42.1,278,50.6,340,73.5,120,73.4,282,32.5,205,40.0,332,54.0,198,55.5,198,6.7,260,10.2,319
DePaul,42.3,286,52.300000000000004,357,21.2,351,31.900000000000002,277,34.2,89,33.6,259,22.400000000000002,149,24.7,97,28.9,257,32.8,298,41.8,292,53.5,357,62.2,356,71.2,173,31.9,224,28.2,25,67.1,13,62.5,333,6.7,262,10.2,320
Alabama St.,41.699999999999996,303,42.199999999999996,36,34.0,48,39.6,354,37.3,37,33.300000000000004,238,31.4,361,23.599999999999998,143,26.6,327,29.9,127,42.3,271,41.0,28,60.0,361,66.1,10,25.6,329,30.6,73,46.8,334,57.5,255,5.2,329,10.2,321
Morehead St.,47.699999999999996,105,46.300000000000004,226,30.9,104,34.0,312,24.4,336,29.2,112,23.3,191,23.9,125,30.1,199,32.9,303,49.8,64,44.5,144,69.8,237,76.2,358,46.0,14,37.8,307,62.0,49,53.2,136,7.1,223,10.3,322
Cleveland St.,49.1,76,44.3,106,38.4,10,25.7,105,32.300000000000004,147,29.099999999999998,110,23.799999999999997,214,23.599999999999998,141,29.4,233,29.3,95,51.7,30,44.5,142,74.6,83,69.6,86,34.6,169,39.1,325,55.6,147,61.2,318,6.0,302,10.3,323
Georgia St.,42.9,274,50.3,345,34.300000000000004,42,34.300000000000004,316,27.700000000000003,285,42.699999999999996,360,19.2,49,26.5,50,28.2,284,32.2,264,43.2,252,51.7,349,68.8,267,67.9,29,38.3,84,39.1,324,47.8,322,58.6,283,3.1,360,10.3,324
North Carolina A&T,43.0,267,45.800000000000004,198,38.9,8,29.2,194,35.8,63,33.300000000000004,239,29.099999999999998,353,23.200000000000003,158,28.0,289,32.7,294,43.4,236,43.9,114,66.2,320,70.7,135,31.4,235,37.0,291,60.9,66,61.3,321,9.2,98,10.4,325
Butler,48.5,93,46.400000000000006,230,27.400000000000002,216,23.1,38,26.8,301,31.4,185,26.1,305,21.0,258,31.7,131,30.8,177,49.1,77,46.6,241,74.4,93,70.7,131,37.5,101,29.4,48,63.8,28,53.0,129,6.8,253,10.4,326
Florida St.,43.7,239,47.099999999999994,258,26.400000000000002,248,26.8,137,30.3,213,31.7,190,19.8,63,18.5,334,30.7,173,31.7,231,42.3,274,46.9,246,74.6,84,75.4,348,38.3,86,33.4,155,47.0,333,53.8,157,10.2,61,10.5,327
USC Upstate,43.7,242,45.2,166,24.3,296,27.3,147,36.9,41,29.4,115,33.5,362,18.5,337,32.6,102,31.5,218,41.2,305,43.8,109,69.9,233,68.2,38,32.2,209,41.0,351,52.3,230,50.5,71,8.3,145,10.5,328
UMass Lowell,41.0,314,49.9,339,21.7,345,24.2,65,30.9,192,38.1,342,26.400000000000002,315,19.6,312,26.0,338,35.1,350,42.7,262,48.7,308,71.0,206,72.4,233,44.7,19,31.7,103,46.7,338,61.2,320,7.2,217,10.5,329
Coppin St.,37.8,354,46.300000000000004,228,34.1,46,33.5,304,34.699999999999996,77,32.800000000000004,222,30.3,357,26.200000000000003,58,26.3,331,33.0,310,37.0,355,44.8,165,68.2,284,69.4,76,32.2,211,31.5,95,51.2,250,56.7,234,6.6,265,10.5,330
BYU,47.0,122,42.3,39,30.3,124,31.4,264,34.4,84,31.0,166,23.7,210,24.0,120,30.7,169,27.7,26,47.7,107,42.8,74,71.6,184,76.3,361,42.7,33,36.3,268,58.6,93,58.3,273,11.5,32,10.6,331
Alabama,51.0,36,43.2,52,27.900000000000002,200,26.400000000000002,121,30.7,197,29.799999999999997,127,21.7,120,21.6,232,36.0,21,30.5,155,49.0,80,42.2,59,72.3,160,70.3,116,39.5,66,30.2,64,55.2,151,52.7,123,11.4,33,10.6,332
Tennessee St.,41.199999999999996,312,48.699999999999996,306,32.4,75,33.800000000000004,310,29.099999999999998,253,34.699999999999996,296,27.3,333,21.5,240,28.5,276,34.8,347,40.6,313,46.9,247,65.2,330,73.7,297,28.7,292,32.9,146,48.1,315,52.2,106,8.4,140,10.6,333
Kansas,53.0,19,45.300000000000004,169,36.9,18,30.4,235,27.500000000000004,290,29.299999999999997,114,23.599999999999998,205,21.3,245,34.3,50,30.2,141,53.7,15,45.3,181,76.1,45,73.7,294,30.9,252,36.2,266,58.4,96,54.2,166,8.8,114,10.7,334
Georgia Tech,44.4,206,42.3,41,30.0,128,23.400000000000002,44,28.499999999999996,271,28.000000000000004,84,22.8,169,18.8,328,27.0,318,28.4,47,46.1,144,42.0,52,73.6,110,70.8,140,29.9,266,33.9,173,63.6,30,58.6,282,8.7,121,10.7,335
Wichita St.,42.0,298,46.5,240,29.099999999999998,156,33.300000000000004,302,30.8,196,33.6,261,25.1,271,22.0,211,26.4,329,30.5,163,43.1,254,46.9,245,66.1,322,67.9,30,29.7,271,33.5,160,52.4,228,53.6,150,8.3,148,10.7,336
Purdue,49.1,75,50.5,346,24.2,300,33.1,296,31.7,169,28.599999999999998,96,22.0,132,21.099999999999998,253,33.2,75,36.4,362,48.6,93,48.3,299,74.0,108,76.1,357,36.4,127,34.5,201,59.1,85,56.4,224,7.1,224,10.7,337
Maryland Eastern Shore,40.300000000000004,336,43.8,87,38.1,13,39.1,352,34.599999999999994,83,34.4,288,28.199999999999996,342,28.299999999999997,20,27.2,312,32.4,278,40.2,321,41.6,42,71.1,197,68.3,42,22.1,356,32.0,118,47.8,321,59.4,295,7.1,226,10.7,338
Mississippi Valley St.,37.6,358,45.6,192,38.1,15,39.0,351,33.0,121,39.300000000000004,351,28.000000000000004,341,22.7,181,22.8,363,31.9,249,39.2,338,44.7,160,65.0,334,70.7,136,31.2,242,29.0,41,48.4,306,54.3,170,8.2,154,10.8,339
UNC Wilmington,43.8,237,46.800000000000004,249,29.4,146,26.5,124,29.299999999999997,245,38.3,343,28.000000000000004,340,21.2,251,31.0,155,31.7,230,42.4,270,46.4,232,69.5,251,64.6,1,33.8,182,32.6,133,48.7,300,54.6,181,6.4,274,10.8,340
North Dakota,43.7,238,49.3,319,31.8,84,25.4,95,19.3,362,27.0,53,27.500000000000004,334,16.5,359,26.2,336,37.1,363,47.7,110,46.2,220,74.3,96,74.2,311,47.6,8,32.5,128,53.6,208,54.4,172,6.2,284,10.9,341
Le Moyne,43.2,258,48.1,289,26.900000000000002,236,25.0,83,28.9,258,33.2,234,27.1,328,18.0,346,31.6,133,32.0,251,40.6,311,48.2,298,78.3,15,74.8,330,38.4,82,39.1,323,55.3,150,59.6,296,4.0,353,10.9,342
Queens,40.699999999999996,324,48.8,309,26.1,256,30.5,242,28.199999999999996,280,31.7,191,24.4,246,22.8,177,30.2,194,31.5,219,38.0,348,49.5,321,63.6,344,72.1,219,36.8,118,32.7,135,48.3,309,48.2,35,7.0,230,11.1,343
Drake,48.6,89,48.1,287,29.2,153,31.8,271,33.6,103,26.8,48,22.6,158,16.2,362,30.8,166,31.8,236,49.9,59,48.4,302,69.7,242,73.4,285,36.1,134,35.1,224,68.7,4,50.8,77,6.7,257,11.1,344
Stony Brook,42.199999999999996,288,44.3,111,28.199999999999996,188,21.4,23,37.4,31,34.8,297,27.6,336,23.7,136,29.0,252,28.6,53,41.5,294,45.0,172,67.9,289,70.1,109,35.4,151,32.8,142,57.9,102,55.2,194,7.5,192,11.3,345
Jacksonville St.,44.800000000000004,190,45.9,206,28.1,195,25.6,102,31.4,180,28.4,93,22.6,159,20.5,275,31.4,145,31.2,204,43.2,250,45.6,192,69.7,241,67.1,19,42.6,34,26.4,10,45.6,348,44.6,9,6.7,255,11.3,346
American,42.0,295,48.199999999999996,293,23.799999999999997,313,20.5,18,26.3,310,30.2,139,22.5,153,18.9,324,27.6,303,30.9,191,42.4,268,49.2,316,74.0,109,68.1,34,40.8,46,34.0,175,58.5,94,56.8,235,5.1,331,11.3,347
Bellarmine,36.1,362,52.5,359,29.9,131,24.4,66,21.2,359,39.7,353,28.799999999999997,350,17.1,354,26.0,339,32.9,306,34.5,363,55.2,362,68.4,280,73.4,286,36.6,121,44.7,362,49.1,294,64.9,354,3.6,357,11.3,348
Northern Illinois,43.6,244,49.8,333,38.7,9,32.800000000000004,291,25.0,332,32.9,226,25.6,294,21.8,222,29.8,216,34.3,338,43.2,253,48.8,311,68.0,286,70.9,151,31.4,236,36.0,262,58.1,101,57.9,261,5.5,317,11.4,349
Dartmouth,40.8,319,48.699999999999996,308,26.6,242,15.2,1,28.799999999999997,261,38.6,345,25.1,273,19.0,323,27.8,296,32.3,272,40.2,320,48.9,312,70.0,232,69.8,99,38.9,73,34.1,181,60.3,73,60.8,316,5.3,327,11.4,350
UC Riverside,44.3,215,47.0,253,27.200000000000003,225,32.5,288,25.7,319,30.7,159,22.7,166,22.8,175,29.6,225,33.0,308,44.2,200,45.7,197,73.5,119,70.3,115,41.0,44,33.9,169,59.7,78,57.7,257,6.7,261,11.6,351
Presbyterian,36.4,361,53.900000000000006,361,32.800000000000004,67,40.1,356,31.7,170,37.1,335,30.099999999999998,356,23.9,129,22.8,362,35.6,356,37.2,354,54.1,359,63.1,349,70.6,130,26.1,321,29.4,50,37.7,363,54.4,176,5.9,304,11.7,352
Kent St.,43.6,245,46.5,239,35.3,32,30.7,247,36.9,42,34.5,290,25.7,299,23.599999999999998,142,28.9,258,31.0,195,43.8,217,46.5,239,78.9,9,70.5,124,29.6,273,39.7,330,54.1,191,57.3,250,7.6,185,12.0,353
SMU,42.4,285,49.3,322,28.199999999999996,191,26.700000000000003,133,29.299999999999997,246,39.2,350,24.2,240,23.0,164,31.4,144,34.8,345,40.1,322,48.0,291,68.0,285,72.7,248,32.2,218,31.3,89,46.5,343,56.9,239,10.1,65,12.1,354
Arkansas St.,45.300000000000004,171,45.7,194,25.6,270,40.2,357,35.699999999999996,66,38.7,346,22.3,145,33.6,3,29.3,235,27.2,19,46.8,126,47.8,279,72.4,157,71.2,168,50.1,3,29.3,46,54.0,192,53.3,138,6.1,292,12.2,355
Utah Tech,44.6,196,43.1,50,27.700000000000003,206,30.099999999999998,225,22.400000000000002,354,30.099999999999998,136,22.900000000000002,172,20.1,287,29.5,229,30.0,130,44.9,181,42.2,60,70.0,230,72.2,222,47.0,12,31.8,106,59.9,74,53.4,140,7.8,177,12.6,356
Abilene Christian,46.7,128,48.5,301,30.5,121,28.199999999999996,168,33.0,118,27.700000000000003,72,22.0,131,28.7,17,30.4,185,30.9,186,47.6,112,49.7,325,76.6,33,68.7,51,42.7,30,34.8,210,54.9,164,59.6,297,5.4,322,12.7,357
Middle Tennessee,46.6,134,45.4,174,29.799999999999997,134,30.5,240,32.6,136,30.5,150,25.6,293,23.7,134,32.8,87,30.7,168,44.9,182,45.1,175,75.9,50,69.8,94,40.5,51,36.4,273,47.7,326,54.1,165,8.0,167,12.9,358
Samford,46.300000000000004,147,46.2,220,25.900000000000002,262,26.400000000000002,122,22.7,353,36.6,328,23.3,194,19.1,321,32.7,93,30.4,151,43.9,211,46.5,238,73.6,113,70.0,106,47.0,11,35.6,252,53.0,215,51.4,87,8.9,110,13.0,359
Utah,50.6,49,44.9,142,25.5,273,23.7,52,30.2,216,26.0,31,24.9,263,19.3,318,34.4,47,31.5,217,49.7,67,43.6,98,73.1,131,75.2,343,45.2,16,34.1,180,66.6,16,53.6,149,6.3,279,13.2,360
Mercyhurst,46.9,125,54.400000000000006,362,27.500000000000004,214,28.599999999999998,180,26.700000000000003,307,39.1,349,21.7,123,24.6,102,33.0,79,36.1,361,44.3,198,54.5,361,75.7,58,73.2,274,49.3,6,29.7,53,57.2,114,55.6,201,2.7,363,13.3,361
North Carolina Central,38.9,348,44.3,112,39.2,6,45.4,363,28.4,275,34.1,280,28.599999999999998,348,27.800000000000004,29,30.8,164,32.4,275,36.4,358,42.4,66,61.8,358,70.4,123,25.8,327,30.9,77,52.9,216,54.4,173,7.5,191,13.5,362
Nebraska Omaha,39.1,344,51.4,355,24.3,297,31.3,262,27.6,288,35.699999999999996,320,28.199999999999996,343,17.5,353,28.8,266,33.3,318,36.0,360,52.4,356,71.8,180,70.8,141,42.7,31,38.7,319,54.4,181,60.5,312,8.0,172,15.9,363
