year,team,kenpom_id,kenpom_off,kenpom_def,kenpom_rtg
2026,Abilene Christian,2026 Abilene Christian,101.082,107.642,-6.56086
2026,Air Force,2026 Air Force,95.5989,115.549,-19.9503
2026,Akron,2026 Akron,118.82,106.022,12.7986
2026,Alabama,2026 Alabama,129.004,103.284,25.7196
2026,Alabama A&M,2026 Alabama A&M,103.96,116.689,-12.7294
2026,Alabama St.,2026 Alabama St.,99.2112,113.638,-14.4265
2026,Albany,2026 Albany,103.254,118.193,-14.9394
2026,Alcorn St.,2026 Alcorn St.,96.3499,116.524,-20.174
2026,American,2026 American,105.592,111.903,-6.31143
2026,Appalachian St.,2026 Appalachian St.,105.842,108.177,-2.33442
2026,Arizona,2026 Arizona,127.676,90.0201,37.6556
2026,Arizona St.,2026 Arizona St.,115.75,103.227,12.5236
2026,Arkansas,2026 Arkansas,127.658,101.605,26.0527
2026,Arkansas Pine Bluff,2026 Arkansas Pine Bluff,104.006,117.32,-13.3137
2026,Arkansas St.,2026 Arkansas St.,110.617,109.226,1.39096
2026,Army,2026 Army,100.108,118.502,-18.394
2026,Auburn,2026 Auburn,124.784,105.766,19.0181
2026,Austin Peay,2026 Austin Peay,108.007,108.291,-0.284699
2026,Ball St.,2026 Ball St.,98.5677,109.876,-11.3081
2026,Baylor,2026 Baylor,122.945,106.944,16.0006
2026,Bellarmine,2026 Bellarmine,116.486,126.142,-9.65667
2026,Belmont,2026 Belmont,120.667,108.407,12.2609
2026,Bethune Cookman,2026 Bethune Cookman,103.554,110.152,-6.59844
2026,Binghamton,2026 Binghamton,97.5949,123.093,-25.4985
2026,Boise St.,2026 Boise St.,117.022,103.842,13.1801
2026,Boston College,2026 Boston College,103.739,102.671,1.06781
2026,Boston University,2026 Boston University,111.758,119.763,-8.00482
2026,Bowling Green,2026 Bowling Green,107.249,105.742,1.50686
2026,Bradley,2026 Bradley,111.705,107.75,3.95502
2026,Brown,2026 Brown,97.9317,108.778,-10.8463
2026,Bryant,2026 Bryant,96.6109,119.62,-23.0094
2026,Bucknell,2026 Bucknell,98.1926,114.809,-16.6161
2026,Buffalo,2026 Buffalo,112.486,115.285,-2.79909
2026,Butler,2026 Butler,116.093,106.6,9.49317
2026,BYU,2026 BYU,125.46,102.214,23.2459
2026,Cal Baptist,2026 Cal Baptist,107.926,101.933,5.99314
2026,Cal Poly,2026 Cal Poly,109.411,113.052,-3.64102
2026,Cal St. Bakersfield,2026 Cal St. Bakersfield,101.907,117.187,-15.28
2026,Cal St. Fullerton,2026 Cal St. Fullerton,109.385,109.008,0.376055
2026,California,2026 California,114.057,102.626,11.4306
2026,Campbell,2026 Campbell,111.177,112.643,-1.46653
2026,Canisius,2026 Canisius,95.2614,114.485,-19.2234
2026,Central Arkansas,2026 Central Arkansas,110.175,108.92,1.25491
2026,Central Connecticut,2026 Central Connecticut,104.665,117.38,-12.7147
2026,Central Michigan,2026 Central Michigan,105.948,114.99,-9.04137
2026,Charleston,2026 Charleston,108.014,108.201,-0.187291
2026,Charleston Southern,2026 Charleston Southern,105.745,112.224,-6.47907
2026,Charlotte,2026 Charlotte,113.009,114.489,-1.48051
2026,Chattanooga,2026 Chattanooga,105.381,117.646,-12.2653
2026,Chicago St.,2026 Chicago St.,99.3984,118.975,-19.5764
2026,Cincinnati,2026 Cincinnati,111.202,93.7094,17.4923
2026,Clemson,2026 Clemson,116.522,97.2852,19.2364
2026,Cleveland St.,2026 Cleveland St.,109.388,124.004,-14.6164
2026,Coastal Carolina,2026 Coastal Carolina,101.76,108.62,-6.86016
2026,Colgate,2026 Colgate,107.724,114.747,-7.02253
2026,Colorado,2026 Colorado,118.908,106.793,12.1148
2026,Colorado St.,2026 Colorado St.,118.93,109.438,9.49107
2026,Columbia,2026 Columbia,108.512,110.47,-1.95798
2026,Connecticut,2026 Connecticut,121.986,94.1163,27.8694
2026,Coppin St.,2026 Coppin St.,92.0962,119.661,-27.5651
2026,Cornell,2026 Cornell,119.806,119.299,0.507344
2026,Creighton,2026 Creighton,116.23,105.218,11.0124
2026,CSUN,2026 CSUN,108.943,109.312,-0.369703
2026,Dartmouth,2026 Dartmouth,104.737,114.102,-9.36429
2026,Davidson,2026 Davidson,109.599,104.659,4.93965
2026,Dayton,2026 Dayton,110.584,99.6777,10.9066
2026,Delaware,2026 Delaware,104.433,115.704,-11.2705
2026,Delaware St.,2026 Delaware St.,87.081,114.35,-27.2687
2026,Denver,2026 Denver,115.989,121.987,-5.99838
2026,DePaul,2026 DePaul,107.14,100.305,6.83476
2026,Detroit Mercy,2026 Detroit Mercy,107.949,112.1,-4.15085
2026,Drake,2026 Drake,109.93,112.569,-2.63918
2026,Drexel,2026 Drexel,102.364,107.077,-4.71292
2026,Duke,2026 Duke,127.956,89.0562,38.8998
2026,Duquesne,2026 Duquesne,110.721,107.272,3.44866
2026,East Carolina,2026 East Carolina,103.621,111.049,-7.42773
2026,East Tennessee St.,2026 East Tennessee St.,109.662,109.227,0.43566
2026,East Texas A&M,2026 East Texas A&M,100.666,111.497,-10.8302
2026,Eastern Illinois,2026 Eastern Illinois,96.8529,111.712,-14.8587
2026,Eastern Kentucky,2026 Eastern Kentucky,109.118,120.782,-11.6639
2026,Eastern Michigan,2026 Eastern Michigan,101.898,108.285,-6.38712
2026,Eastern Washington,2026 Eastern Washington,113.076,113.08,-0.00486081
2026,Elon,2026 Elon,110.066,115.795,-5.72962
2026,Evansville,2026 Evansville,101.909,114.763,-12.8536
2026,Fairfield,2026 Fairfield,105.799,113.897,-8.09766
2026,Fairleigh Dickinson,2026 Fairleigh Dickinson,100.805,118.431,-17.6257
2026,FIU,2026 FIU,107.404,109.632,-2.22799
2026,Florida,2026 Florida,125.535,91.7424,33.7928
2026,Florida A&M,2026 Florida A&M,97.8969,110.911,-13.0136
2026,Florida Atlantic,2026 Florida Atlantic,109.669,106.363,3.30628
2026,Florida Gulf Coast,2026 Florida Gulf Coast,105.545,112.154,-6.60869
2026,Florida St.,2026 Florida St.,118.403,104.922,13.4814
2026,Fordham,2026 Fordham,104.609,104.135,0.474457
2026,Fresno St.,2026 Fresno St.,107.415,104.33,3.08503
2026,Furman,2026 Furman,107.451,109.43,-1.9789
2026,Gardner Webb,2026 Gardner Webb,95.5464,121.967,-26.4211
2026,George Mason,2026 George Mason,113.082,105.581,7.50068
2026,George Washington,2026 George Washington,117.585,107.95,9.63533
2026,Georgetown,2026 Georgetown,114.609,103.714,10.8946
2026,Georgia,2026 Georgia,124.681,104.202,20.4792
2026,Georgia Southern,2026 Georgia Southern,110.184,116.236,-6.05187
2026,Georgia St.,2026 Georgia St.,99.3298,112.275,-12.9449
2026,Georgia Tech,2026 Georgia Tech,107.672,107.087,0.5849
2026,Gonzaga,2026 Gonzaga,121.99,93.8895,28.1006
2026,Grambling St.,2026 Grambling St.,96.8561,108.632,-11.7755
2026,Grand Canyon,2026 Grand Canyon,110.989,97.7967,13.192
2026,Green Bay,2026 Green Bay,112.525,116.025,-3.50029
2026,Hampton,2026 Hampton,102.452,111.645,-9.19375
2026,Harvard,2026 Harvard,106.59,105.332,1.25749
2026,Hawaii,2026 Hawaii,107.129,101.163,5.96572
2026,High Point,2026 High Point,117.048,108.644,8.40428
2026,Hofstra,2026 Hofstra,114.57,105.077,9.49239
2026,Holy Cross,2026 Holy Cross,100.826,117.243,-16.4166
2026,Houston,2026 Houston,124.864,91.4372,33.4265
2026,Houston Christian,2026 Houston Christian,102.868,114.01,-11.1422
2026,Howard,2026 Howard,103.142,106.331,-3.18939
2026,Idaho,2026 Idaho,108.842,107.309,1.53307
2026,Idaho St.,2026 Idaho St.,109.502,116.584,-7.08282
2026,Illinois,2026 Illinois,131.176,99.0756,32.1008
2026,Illinois Chicago,2026 Illinois Chicago,110.42,104.255,6.16485
2026,Illinois St.,2026 Illinois St.,110.543,103.885,6.65838
2026,Incarnate Word,2026 Incarnate Word,108.779,117.273,-8.49334
2026,Indiana,2026 Indiana,120.344,103.164,17.1805
2026,Indiana St.,2026 Indiana St.,106.193,109.064,-2.87067
2026,Iona,2026 Iona,103.959,111.683,-7.72403
2026,Iowa,2026 Iowa,121.742,99.2974,22.4441
2026,Iowa St.,2026 Iowa St.,123.826,91.4031,32.423
2026,IU Indy,2026 IU Indy,105.432,119.326,-13.8943
2026,Jackson St.,2026 Jackson St.,99.9792,118.84,-18.8604
2026,Jacksonville,2026 Jacksonville,103.046,114.52,-11.4739
2026,Jacksonville St.,2026 Jacksonville St.,105.147,108.527,-3.3804
2026,James Madison,2026 James Madison,109.136,113.049,-3.91273
2026,Kansas,2026 Kansas,118.33,93.8906,24.4399
2026,Kansas City,2026 Kansas City,92.0319,117.13,-25.0983
2026,Kansas St.,2026 Kansas St.,113.248,106.273,6.97524
2026,Kennesaw St.,2026 Kennesaw St.,110.636,110.064,0.572421
2026,Kent St.,2026 Kent St.,111.795,110.294,1.50055
2026,Kentucky,2026 Kentucky,120.516,99.0324,21.4832
2026,La Salle,2026 La Salle,105.669,111.546,-5.87679
2026,Lafayette,2026 Lafayette,100.728,115.904,-15.1759
2026,Lamar,2026 Lamar,103.082,109.381,-6.29903
2026,Le Moyne,2026 Le Moyne,101.981,113.788,-11.807
2026,Lehigh,2026 Lehigh,102.717,113.086,-10.3689
2026,Liberty,2026 Liberty,117.619,113.722,3.89752
2026,Lindenwood,2026 Lindenwood,100.47,108.979,-8.50933
2026,Lipscomb,2026 Lipscomb,106.88,109.717,-2.837
2026,Little Rock,2026 Little Rock,102.744,115.699,-12.9555
2026,LIU,2026 LIU,105.631,109.582,-3.95107
2026,Long Beach St.,2026 Long Beach St.,105.575,111.345,-5.7704
2026,Longwood,2026 Longwood,103.444,112.569,-9.12469
2026,Louisiana,2026 Louisiana,100.091,113.367,-13.2755
2026,Louisiana Monroe,2026 Louisiana Monroe,101.17,122.223,-21.0536
2026,Louisiana Tech,2026 Louisiana Tech,102.906,105.81,-2.90441
2026,Louisville,2026 Louisville,124.053,98.6289,25.4242
2026,Loyola Chicago,2026 Loyola Chicago,103.348,113.517,-10.1685
2026,Loyola Marymount,2026 Loyola Marymount,106.47,105.79,0.679889
2026,Loyola MD,2026 Loyola MD,104.219,119.026,-14.8063
2026,LSU,2026 LSU,119.801,106.57,13.231
2026,Maine,2026 Maine,91.5907,111.922,-20.3317
2026,Manhattan,2026 Manhattan,104.385,120.846,-16.4612
2026,Marist,2026 Marist,99.5523,102.626,-3.07341
2026,Marquette,2026 Marquette,111.818,102.161,9.65674
2026,Marshall,2026 Marshall,112.027,115.217,-3.19028
2026,Maryland,2026 Maryland,111.127,106.874,4.2526
2026,Maryland Eastern Shore,2026 Maryland Eastern Shore,94.6105,115.459,-20.8489
2026,Massachusetts,2026 Massachusetts,108.712,111.315,-2.60225
2026,McNeese St.,2026 McNeese St.,114.264,101.787,12.4769
2026,Memphis,2026 Memphis,107.177,104.655,2.52247
2026,Mercer,2026 Mercer,111.765,113.739,-1.97452
2026,Mercyhurst,2026 Mercyhurst,101.22,111.889,-10.6684
2026,Merrimack,2026 Merrimack,106.531,107.362,-0.830659
2026,Miami FL,2026 Miami FL,121.357,100.677,20.6799
2026,Miami OH,2026 Miami OH,116.779,108.522,8.2572
2026,Michigan,2026 Michigan,126.626,89.0343,37.592
2026,Michigan St.,2026 Michigan St.,123.049,94.7386,28.31
2026,Middle Tennessee,2026 Middle Tennessee,109.129,109.802,-0.672771
2026,Milwaukee,2026 Milwaukee,106.487,115.333,-8.84616
2026,Minnesota,2026 Minnesota,114.606,103.695,10.9115
2026,Mississippi,2026 Mississippi,114.06,101.437,12.6232
2026,Mississippi St.,2026 Mississippi St.,112.682,105.681,7.00078
2026,Mississippi Valley St.,2026 Mississippi Valley St.,90.3259,121.66,-31.3343
2026,Missouri,2026 Missouri,119.491,104.099,15.3923
2026,Missouri St.,2026 Missouri St.,108.948,112.097,-3.14923
2026,Monmouth,2026 Monmouth,106.075,106.965,-0.890243
2026,Montana,2026 Montana,106.748,108.472,-1.7233
2026,Montana St.,2026 Montana St.,110.962,107.966,2.99611
2026,Morehead St.,2026 Morehead St.,106.861,117.208,-10.3466
2026,Morgan St.,2026 Morgan St.,99.3894,121.171,-21.7815
2026,Mount St. Mary's,2026 Mount St. Mary's,99.4227,109.029,-9.60599
2026,Murray St.,2026 Murray St.,116.276,112.157,4.11894
2026,N.C. State,2026 N.C. State,124.052,104.456,19.5967
2026,Navy,2026 Navy,107.364,105.528,1.83601
2026,Nebraska,2026 Nebraska,118.544,92.3865,26.1577
2026,Nebraska Omaha,2026 Nebraska Omaha,106.134,114.141,-8.00693
2026,Nevada,2026 Nevada,115.691,104.393,11.2983
2026,New Hampshire,2026 New Hampshire,95.2711,115.977,-20.7058
2026,New Haven,2026 New Haven,96.1191,112.205,-16.0857
2026,New Mexico,2026 New Mexico,117.094,101.283,15.8116
2026,New Mexico St.,2026 New Mexico St.,108.691,110.299,-1.60756
2026,New Orleans,2026 New Orleans,109.716,111.913,-2.19739
2026,Niagara,2026 Niagara,99.6276,118.112,-18.4848
2026,Nicholls,2026 Nicholls,105.763,111.998,-6.23586
2026,NJIT,2026 NJIT,96.5492,113.404,-16.8545
2026,Norfolk St.,2026 Norfolk St.,101.364,116.739,-15.3758
2026,North Alabama,2026 North Alabama,99.5176,118.789,-19.2715
2026,North Carolina,2026 North Carolina,121.387,100.545,20.842
2026,North Carolina A&T,2026 North Carolina A&T,105.202,116.178,-10.9754
2026,North Carolina Central,2026 North Carolina Central,100.076,121.214,-21.1375
2026,North Dakota,2026 North Dakota,106.808,116.323,-9.51453
2026,North Dakota St.,2026 North Dakota St.,111.74,106.606,5.13396
2026,North Florida,2026 North Florida,106.948,124.421,-17.4732
2026,North Texas,2026 North Texas,103.363,100.906,2.45712
2026,Northeastern,2026 Northeastern,107.501,118.097,-10.5963
2026,Northern Arizona,2026 Northern Arizona,105.126,119.607,-14.4815
2026,Northern Colorado,2026 Northern Colorado,112.258,110.387,1.87164
2026,Northern Illinois,2026 Northern Illinois,97.0406,114.268,-17.2276
2026,Northern Iowa,2026 Northern Iowa,110.001,98.1918,11.8089
2026,Northern Kentucky,2026 Northern Kentucky,109.539,110.127,-0.587722
2026,Northwestern,2026 Northwestern,117.493,104.084,13.4089
2026,Northwestern St.,2026 Northwestern St.,102.245,112.454,-10.2093
2026,Notre Dame,2026 Notre Dame,115.503,106.625,8.87841
2026,Oakland,2026 Oakland,115.245,115.031,0.214483
2026,Ohio,2026 Ohio,107.88,113.453,-5.57273
2026,Ohio St.,2026 Ohio St.,124.305,102.066,22.2397
2026,Oklahoma,2026 Oklahoma,124.171,105.8,18.3709
2026,Oklahoma St.,2026 Oklahoma St.,120.056,107.472,12.5847
2026,Old Dominion,2026 Old Dominion,106.019,113.017,-6.99793
2026,Oral Roberts,2026 Oral Roberts,102.017,114.913,-12.8965
2026,Oregon,2026 Oregon,111.62,104.591,7.02925
2026,Oregon St.,2026 Oregon St.,109.174,109.836,-0.661622
2026,Pacific,2026 Pacific,110.692,105.27,5.42189
2026,Penn,2026 Penn,107.363,105.894,1.46919
2026,Penn St.,2026 Penn St.,114.043,111.864,2.17806
2026,Pepperdine,2026 Pepperdine,105.228,113.375,-8.14684
2026,Pittsburgh,2026 Pittsburgh,113.713,106.117,7.5961
2026,Portland,2026 Portland,106.046,108.932,-2.88535
2026,Portland St.,2026 Portland St.,103.491,101.968,1.52319
2026,Prairie View A&M,2026 Prairie View A&M,101.205,111.898,-10.6932
2026,Presbyterian,2026 Presbyterian,103.163,112.235,-9.07208
2026,Princeton,2026 Princeton,105.429,112.578,-7.14929
2026,Providence,2026 Providence,121.066,109.253,11.8129
2026,Purdue,2026 Purdue,131.635,100.436,31.1992
2026,Purdue Fort Wayne,2026 Purdue Fort Wayne,105.349,113.176,-7.82662
2026,Queens,2026 Queens,115.771,117.209,-1.43724
2026,Quinnipiac,2026 Quinnipiac,104.163,108.409,-4.2462
2026,Radford,2026 Radford,106.269,113.943,-7.67407
2026,Rhode Island,2026 Rhode Island,105.839,103.367,2.47146
2026,Rice,2026 Rice,108.604,113.838,-5.23393
2026,Richmond,2026 Richmond,111.308,110.498,0.809882
2026,Rider,2026 Rider,95.6766,120.106,-24.4291
2026,Robert Morris,2026 Robert Morris,110.755,109.061,1.69383
2026,Rutgers,2026 Rutgers,110.459,106.51,3.94992
2026,Sacramento St.,2026 Sacramento St.,105.864,114.166,-8.30182
2026,Sacred Heart,2026 Sacred Heart,107.18,118.74,-11.5595
2026,Saint Francis,2026 Saint Francis,99.4933,121.75,-22.2567
2026,Saint Joseph's,2026 Saint Joseph's,107.305,102.747,4.55839
2026,Saint Louis,2026 Saint Louis,119.475,101.154,18.321
2026,Saint Mary's,2026 Saint Mary's,120.26,97.1899,23.0701
2026,Saint Peter's,2026 Saint Peter's,102.975,110.487,-7.51149
2026,Sam Houston St.,2026 Sam Houston St.,113.469,107.904,5.56463
2026,Samford,2026 Samford,109.633,113.564,-3.93127
2026,San Diego,2026 San Diego,108.194,113.183,-4.98868
2026,San Diego St.,2026 San Diego St.,113.244,96.8587,16.3851
2026,San Francisco,2026 San Francisco,113.616,109.414,4.20186
2026,San Jose St.,2026 San Jose St.,112.139,117.145,-5.00612
2026,Santa Clara,2026 Santa Clara,123.644,104.246,19.3981
2026,Seattle,2026 Seattle,102.219,97.7246,4.49433
2026,Seton Hall,2026 Seton Hall,110.482,94.7676,15.7144
2026,Siena,2026 Siena,107.134,109.231,-2.09721
2026,SIUE,2026 SIUE,99.4908,107.079,-7.58871
2026,SMU,2026 SMU,122.893,104.808,18.0856
2026,South Alabama,2026 South Alabama,107.048,110.192,-3.14444
2026,South Carolina,2026 South Carolina,112.531,104.991,7.53995
2026,South Carolina St.,2026 South Carolina St.,95.2295,118.777,-23.5475
2026,South Dakota,2026 South Dakota,104.305,114.571,-10.2662
2026,South Dakota St.,2026 South Dakota St.,107.976,112.289,-4.31366
2026,South Florida,2026 South Florida,117.305,100.918,16.3874
2026,Southeast Missouri,2026 Southeast Missouri,102.164,108.005,-5.8409
2026,Southeastern Louisiana,2026 Southeastern Louisiana,99.6683,110.248,-10.5794
2026,Southern,2026 Southern,104.646,114.397,-9.7509
2026,Southern Illinois,2026 Southern Illinois,103.767,99.2156,4.55179
2026,Southern Indiana,2026 Southern Indiana,95.516,114.129,-18.6133
2026,Southern Miss,2026 Southern Miss,105.235,109.401,-4.16518
2026,Southern Utah,2026 Southern Utah,106.543,113.682,-7.13939
2026,St. Bonaventure,2026 St. Bonaventure,113.711,111.54,2.17091
2026,St. John's,2026 St. John's,120.068,94.1597,25.9079
2026,St. Thomas,2026 St. Thomas,114.011,108.134,5.87658
2026,Stanford,2026 Stanford,117.057,103.683,13.3742
2026,Stephen F. Austin,2026 Stephen F. Austin,112.638,104.213,8.42515
2026,Stetson,2026 Stetson,105.242,117.79,-12.5486
2026,Stonehill,2026 Stonehill,91.6981,109.017,-17.3185
2026,Stony Brook,2026 Stony Brook,105.154,110.678,-5.52375
2026,Syracuse,2026 Syracuse,114.62,104.884,9.73646
2026,Tarleton St.,2026 Tarleton St.,104.242,108.624,-4.38204
2026,TCU,2026 TCU,115.379,97.7924,17.5867
2026,Temple,2026 Temple,111.678,111.182,0.495596
2026,Tennessee,2026 Tennessee,121.055,95.0297,26.0249
2026,Tennessee Martin,2026 Tennessee Martin,100.428,105.236,-4.80805
2026,Tennessee St.,2026 Tennessee St.,109.085,110.911,-1.82605
2026,Tennessee Tech,2026 Tennessee Tech,102.501,115.834,-13.333
2026,Texas,2026 Texas,124.97,105.937,19.0333
2026,Texas A&M,2026 Texas A&M,119.69,101.022,18.6679
2026,Texas A&M Corpus Chris,2026 Texas A&M Corpus Chris,104.806,105.092,-0.286438
2026,Texas Southern,2026 Texas Southern,101.674,115.02,-13.3458
2026,Texas St.,2026 Texas St.,103.95,110.597,-6.64745
2026,Texas Tech,2026 Texas Tech,125.05,99.8259,25.2243
2026,The Citadel,2026 The Citadel,100.636,120.927,-20.2908
2026,Toledo,2026 Toledo,114.491,111.339,3.15256
2026,Towson,2026 Towson,105.731,104.737,0.994483
2026,Troy,2026 Troy,110.717,108.997,1.72038
2026,Tulane,2026 Tulane,107.72,111.348,-3.62808
2026,Tulsa,2026 Tulsa,121.169,108.198,12.9714
2026,UAB,2026 UAB,109.842,106.385,3.4574
2026,UC Davis,2026 UC Davis,107.985,107.099,0.886209
2026,UC Irvine,2026 UC Irvine,104.934,98.7238,6.21067
2026,UC Riverside,2026 UC Riverside,103.957,111.651,-7.69407
2026,UC San Diego,2026 UC San Diego,107.846,103.318,4.52782
2026,UC Santa Barbara,2026 UC Santa Barbara,113.742,110.576,3.16529
2026,UCF,2026 UCF,120.452,105.413,15.0386
2026,UCLA,2026 UCLA,123.728,102.061,21.667
2026,UMass Lowell,2026 UMass Lowell,102.636,117.258,-14.6221
2026,UMBC,2026 UMBC,108.224,109.89,-1.66619
2026,UNC Asheville,2026 UNC Asheville,104.695,111.444,-6.74933
2026,UNC Greensboro,2026 UNC Greensboro,107.586,119.803,-12.2178
2026,UNC Wilmington,2026 UNC Wilmington,111.874,106.084,5.79017
2026,UNLV,2026 UNLV,115.035,109.07,5.96573
2026,USC,2026 USC,113.536,102.724,10.8117
2026,USC Upstate,2026 USC Upstate,98.958,111.355,-12.3968
2026,UT Arlington,2026 UT Arlington,102.607,101.476,1.13098
2026,UT Rio Grande Valley,2026 UT Rio Grande Valley,110.956,106.39,4.56568
2026,Utah,2026 Utah,114.661,111.01,3.65135
2026,Utah St.,2026 Utah St.,122.132,101.374,20.7574
2026,Utah Tech,2026 Utah Tech,110.9,112.778,-1.87765
2026,Utah Valley,2026 Utah Valley,112.815,103.994,8.82041
2026,UTEP,2026 UTEP,100.848,110.433,-9.58449
2026,UTSA,2026 UTSA,99.6299,118.283,-18.653
2026,Valparaiso,2026 Valparaiso,108.126,107.151,0.974887
2026,Vanderbilt,2026 Vanderbilt,126.805,99.2995,27.5051
2026,VCU,2026 VCU,119.872,102.666,17.2061
2026,Vermont,2026 Vermont,106.1,112.551,-6.45051
2026,Villanova,2026 Villanova,120.369,100.4,19.9691
2026,Virginia,2026 Virginia,122.516,95.8064,26.7098
2026,Virginia Tech,2026 Virginia Tech,117.239,103.551,13.6877
2026,VMI,2026 VMI,98.5847,124.86,-26.2751
2026,Wagner,2026 Wagner,102.526,115.211,-12.6849
2026,Wake Forest,2026 Wake Forest,116.995,105.6,11.395
2026,Washington,2026 Washington,117.225,102.104,15.1211
2026,Washington St.,2026 Washington St.,113.94,111.617,2.32289
2026,Weber St.,2026 Weber St.,111.554,114.198,-2.64425
2026,West Georgia,2026 West Georgia,101.565,114.117,-12.5517
2026,West Virginia,2026 West Virginia,109.994,96.7236,13.2699
2026,Western Carolina,2026 Western Carolina,109.151,114.739,-5.5883
2026,Western Illinois,2026 Western Illinois,92.8515,121.322,-28.4705
2026,Western Kentucky,2026 Western Kentucky,108.533,108.51,0.0230856
2026,Western Michigan,2026 Western Michigan,107.754,116.987,-9.2338
2026,Wichita St.,2026 Wichita St.,112.62,102.843,9.7767
2026,William & Mary,2026 William & Mary,110.954,109.46,1.49413
2026,Winthrop,2026 Winthrop,111.652,110.522,1.13048
2026,Wisconsin,2026 Wisconsin,125.348,101.954,23.3936
2026,Wofford,2026 Wofford,109.141,116.487,-7.34543
2026,Wright St.,2026 Wright St.,112.057,110.013,2.04414
2026,Wyoming,2026 Wyoming,115.116,107.712,7.40392
2026,Xavier,2026 Xavier,116.895,109.43,7.46508
2026,Yale,2026 Yale,121.082,110.428,10.6544
2026,Youngstown St.,2026 Youngstown St.,105.52,109.444,-3.92399