year,team,kenpom_id,size,height,experience,bench,pts_from_5,pts_from_4,pts_from_3,pts_from_2,pts_from_1,or_from_5,or_from_4,or_from_3,or_from_2,or_from_1,dr_from_5,dr_from_4,dr_from_3,dr_from_2,dr_from_1
2026,Abilene Christian,2026 Abilene Christian,76.65,-0.85,1.27022,34.3,17.45,25.78,22.73,16.81,17.22,31.66,19.61,9.81,15.67,23.25,29.52,22.41,15.6,14.85,17.61
2026,Air Force,2026 Air Force,78.22,0.81,0.355848,30.37,21.6,25.07,14.88,15.21,23.19,34.39,14.71,27.55,13.72,9.55,22.18,15.42,23.24,15.34,23.76
2026,Akron,2026 Akron,75.93,-1.39,1.65732,29.22,21.05,16.1,15.87,20.06,26.87,38.43,33.01,13.37,6.17,8.97,30.83,24.33,17.24,15,12.54
2026,Alabama,2026 Alabama,78.17,1.32,2.03223,33.79,16.09,16.94,15.39,27.82,23.76,35.64,25.4,26.17,7.93,4.87,22.91,26.67,22.35,14.19,13.88
2026,Alabama A&M,2026 Alabama A&M,77.47,-0.02,1.37491,27.55,14.77,17.04,23.01,21.13,24,40.11,21.87,17.21,10.23,10.51,27.13,19.32,20.59,16.84,16.05
2026,Alabama St.,2026 Alabama St.,77.06,-0.54,0.982868,32.55,19.45,18.03,12.81,25.7,23.96,34.25,35.24,17.25,7.28,5.91,23.82,23.77,17.97,17.14,17.23
2026,Albany,2026 Albany,77.12,0.63,0.708398,29.38,19.63,18.8,16.32,18.18,27.07,37.28,16.48,29.23,11.27,5.74,27.21,19.29,19.89,18.84,14.78
2026,Alcorn St.,2026 Alcorn St.,76.45,-1.02,0.838466,29.75,23.62,19.22,16.98,22.55,17.62,35.17,23.89,20.03,9.09,11.82,29.68,25.06,16.04,13.51,15.7
2026,American,2026 American,77.08,-1.44,1.39832,30.09,20.3,17.7,27.71,15.42,18.85,22.03,18.91,33.06,20.53,5.44,24.8,20.88,26.03,14.27,14.01
2026,Appalachian St.,2026 Appalachian St.,76.66,-0.16,2.0245,26.84,18.38,16.59,22.48,19.89,22.63,42.87,31.86,10.23,4.71,10.3,25.87,23.68,16.43,12.47,21.51
2026,Arizona,2026 Arizona,79.01,1.52,1.58006,28.85,17.24,21.48,18.07,22.13,21.07,32.7,42.9,13.69,4.6,6.07,23.49,28.65,15.59,16.8,15.44
2026,Arizona St.,2026 Arizona St.,79.01,3.14,1.49871,30.26,22.35,16.76,13.78,21.44,25.63,27.89,34.15,21.94,9.05,6.92,23.38,25.43,20.37,15.55,15.23
2026,Arkansas,2026 Arkansas,78.51,1.1,1.58959,26.97,16.42,18.2,18.87,19.23,27.25,46.18,21.96,19.93,7.13,4.75,22.91,30.92,18.38,14.55,13.19
2026,Arkansas Pine Bluff,2026 Arkansas Pine Bluff,76.84,-0.98,0.952488,17.56,24.09,18.39,14.88,24.54,18.11,39.81,15.73,8.24,28.93,7.29,28.78,18.27,15.62,27.54,9.78
2026,Arkansas St.,2026 Arkansas St.,78.37,0.93,1.55813,26.28,13.51,19.19,21.06,21.37,24.84,31.68,23.9,20.15,12.43,11.77,25.45,25.19,23.67,12.48,13.14
2026,Army,2026 Army,75.98,-1.7,0.947845,30.19,17.78,16.69,20.65,24.4,20.41,27.56,28.56,18.51,16.91,8.39,22.84,16.7,15.69,25.13,19.57
2026,Auburn,2026 Auburn,78.26,0.16,1.50547,22.98,18.75,15.29,21.48,22.41,22.01,40.15,22.95,19.27,11.56,5.98,26.53,19.89,21.43,17.72,14.36
2026,Austin Peay,2026 Austin Peay,77.39,-0.21,0.844257,25.77,20.28,18.76,25.56,14.09,21.24,43.14,14.52,16.83,8.39,17.01,23.83,24.03,26.23,14.67,11.16
2026,Ball St.,2026 Ball St.,76.3,-1.17,1.81116,30.49,11.31,14.04,22.35,26.7,25.56,35.49,27.82,15.95,14.85,5.81,23.95,19.4,21.01,19.42,16.17
2026,Baylor,2026 Baylor,77.28,-0.63,1.71875,25.23,13.73,18.12,27.2,22.41,18.54,37.75,29.74,20.6,6.12,5.77,23.91,22.82,21.34,19.31,12.6
2026,Bellarmine,2026 Bellarmine,77.85,-0.55,0.918276,28.33,13.75,32.21,22.56,16.45,15.02,22.91,23.81,22.62,20.28,10.38,23.12,25.51,20.94,15.64,14.79
2026,Belmont,2026 Belmont,77.82,0.57,1.01508,38.61,20.93,23.58,21.63,17.43,16.4,34.94,31.3,2.48,21.14,10.12,20.82,27.32,13.04,19.8,18.99
2026,Bethune Cookman,2026 Bethune Cookman,77.56,-1.44,2.01936,32.65,23.23,17.91,25.58,19.08,14.16,34.33,23.91,19.7,11.88,10.14,29.27,19.92,17.13,14.85,18.79
2026,Binghamton,2026 Binghamton,76.38,-0.73,1.15729,25.68,24.89,15.84,15.45,20.35,23.45,42.45,15.29,15.86,16.27,10.08,27.21,19.49,16.04,16.15,21.09
2026,Boise St.,2026 Boise St.,78.87,0.68,1.84581,34.11,26.58,16.93,17.63,19.21,19.65,31.55,26.63,27.3,11.73,2.78,24.77,25.67,22.68,13.75,13.13
2026,Boston College,2026 Boston College,77.82,1.14,1.47924,31.95,21.78,14.03,21.18,20.39,22.56,37.25,35.07,9.92,9.7,7.95,24.18,28.38,18.84,15.23,13.3
2026,Boston University,2026 Boston University,77.59,0.27,0.987721,22.26,22.87,17.79,24.79,19.86,14.65,43.37,22.06,14.69,11.59,8.25,31.33,17.74,18.97,16.17,15.74
2026,Bowling Green,2026 Bowling Green,78.23,0.69,1.51664,28.24,17.36,21.65,13.11,20.85,27.03,41.27,20.83,7.54,14.86,15.5,23.32,25.73,18.2,17.44,15.31
2026,Bradley,2026 Bradley,77.36,1.84,1.78143,32.61,16.79,15.71,19.37,23.94,24.19,29.74,32.56,18.7,8.96,10.02,28.21,24.52,19.17,16.4,11.68
2026,Brown,2026 Brown,76.83,-0.43,0.81549,35.61,16.49,26.62,23.89,15.65,17.31,29.69,35.78,11.88,10.73,11.85,22,26.89,12.84,20.88,17.31
2026,Bryant,2026 Bryant,79.24,1.24,0.368089,29.53,22.26,24.05,16.37,20.07,17.2,28.97,17.07,20.84,18.35,14.73,22.8,23.28,22.75,20.11,11.03
2026,Bucknell,2026 Bucknell,76.3,0.38,1.02536,28.82,27.06,18.26,20.34,21.72,12.59,35.25,24.15,20.2,15.73,4.64,19.01,21.15,25.21,20.71,13.91
2026,Buffalo,2026 Buffalo,76.63,0.47,1.49379,26.45,18.37,12.1,23.94,27.74,17.85,28.19,34.59,14.06,9.6,13.55,30.97,22.99,14.33,16,15.72
2026,Butler,2026 Butler,78.2,0.43,1.84389,33.66,19.19,23.15,15.66,19.46,22.49,31.64,31.81,18.2,8.77,9.52,20.89,37.35,19.18,11.5,11.03
2026,BYU,2026 BYU,78.33,0.69,1.6107,28.18,11.81,29.3,12.77,22.14,23.97,27.68,23.71,22.1,17.13,9.36,26.81,26.61,18.48,16.15,11.93
2026,Cal Baptist,2026 Cal Baptist,76.52,1.24,1.41366,31.75,14.15,18.23,19.13,15.48,32.99,37.8,36.29,10.95,8.13,6.8,26.18,31.91,15.64,13.19,13.06
2026,Cal Poly,2026 Cal Poly,77.68,-0.73,0.629486,32.81,25.53,17.37,22.44,14.45,20.13,23.85,22.11,26.44,14.7,12.83,26.61,18.84,24.31,15.48,14.69
2026,Cal St. Bakersfield,2026 Cal St. Bakersfield,77.12,-0.52,1.9888,36.57,20.12,21.59,21.53,21.36,15.39,43.1,17.94,15.52,14.15,9.23,37.11,18.21,13.86,14.3,16.48
2026,Cal St. Fullerton,2026 Cal St. Fullerton,75.81,-1.26,1.07774,35.38,20.99,20.1,20.23,22.28,16.38,36.18,22.75,18.59,13.46,9,14.46,25.13,20.86,21.13,18.41
2026,California,2026 California,77.63,0.59,2.15586,28.9,14.16,22.53,18.28,23.55,21.45,49.93,16.64,11.82,10.52,11.05,34.89,20.12,15.47,16.48,13.02
2026,Campbell,2026 Campbell,76.32,-1.42,2.41706,17.5,21.36,16.65,16.87,18.6,26.49,38.55,33.88,9.28,8.24,10.01,31.9,25.86,14.34,13.57,14.29
2026,Canisius,2026 Canisius,77.29,0.33,1.39228,28.06,19.68,20.01,17.59,22.81,19.9,25.39,23.11,28.12,15.61,7.77,25.24,21.09,21.48,17.76,14.43
2026,Central Arkansas,2026 Central Arkansas,77.12,-0.91,0.96212,33.27,10.55,20.67,17.99,30.27,20.46,27.74,20.45,17.73,22.35,11.66,23.68,22.52,18.29,21.01,14.42
2026,Central Connecticut,2026 Central Connecticut,77.49,-0.52,0.77526,26.5,20.81,30.67,12.47,15.87,20.12,33.55,24.02,28.91,9.65,3.81,32.24,20.43,21.65,14.76,10.87
2026,Central Michigan,2026 Central Michigan,77.49,0.72,0.313156,30.72,20.3,17.48,19.33,19.01,23.83,25.61,35.7,8.08,9.23,21.33,24.94,27.24,15.47,13.82,18.47
2026,Charleston,2026 Charleston,78.26,1.53,1.66173,35.67,25.21,15.61,18.58,15.62,24.91,53.53,14.7,16.66,7,8,33.85,13.61,18.79,12.34,21.34
2026,Charleston Southern,2026 Charleston Southern,77.12,0.13,0.825201,41.67,16.03,21.74,25.48,21.45,15.26,35.19,23.53,21.62,14.25,5.36,27.4,25.11,21.75,14.18,11.51
2026,Charlotte,2026 Charlotte,78.9,2.3,1.115,42.28,18.56,13.83,24.87,22.1,20.6,39.78,20.97,14.55,12.6,12.06,32.43,18.39,15.87,15.35,17.92
2026,Chattanooga,2026 Chattanooga,75.91,-0.68,1.40876,34.32,17.37,20.72,17.15,18.11,26.63,32.34,24.19,23.51,11.29,8.65,24.95,18.38,20.48,19.31,16.85
2026,Chicago St.,2026 Chicago St.,75.65,-1.81,1.30731,38.93,18.88,23.69,20.44,20.78,16.15,36.13,37.1,12.53,11.08,3.07,26.31,18.41,19.56,18.21,17.43
2026,Cincinnati,2026 Cincinnati,78.57,2.94,2.27685,34.02,24.55,17.83,19.72,18.09,19.77,32.88,33.46,17.91,7.71,7.98,33.21,27.03,16.39,10,13.31
2026,Clemson,2026 Clemson,77.78,1.03,2.34699,37.89,20.48,21.55,20.93,19.11,17.88,29.01,28.19,20.63,12.31,9.81,28.62,21.16,19.57,18.87,11.72
2026,Cleveland St.,2026 Cleveland St.,76.13,-1.44,0.927707,35.71,14.48,22.58,15.71,24.88,22.35,30.37,40,11.22,7.06,11.35,27.08,27.7,16.7,14.66,13.85
2026,Coastal Carolina,2026 Coastal Carolina,77.43,0,1.31656,26.06,11.31,16.8,18.22,29.06,24.57,41.8,23.9,13.08,11.03,10.15,23.46,22.39,19.17,16.41,18.54
2026,Colgate,2026 Colgate,77.21,-0.17,1.14728,27.87,21.33,21.83,14.12,21.2,21.52,36.25,27.92,16.6,9.63,9.57,22.08,22.72,14.44,22.83,17.92
2026,Colorado,2026 Colorado,78.3,2.5,1.101,34.41,20.39,19.52,15.54,21.2,23.34,26.96,27.19,19.84,20.13,5.85,33.14,28.02,15.51,12.8,10.51
2026,Colorado St.,2026 Colorado St.,77.62,0.46,1.93229,33.87,21.72,23.04,17.2,15.76,22.23,25.97,31.13,15.45,16.4,10.97,29.09,22.47,18.48,17.54,12.37
2026,Columbia,2026 Columbia,77.73,0.47,1.65259,32.19,16.46,18.4,20.09,21.83,23.13,31.08,19.83,32.33,9.46,7.2,25.28,19.48,25.34,14.58,15.22
2026,Connecticut,2026 Connecticut,78.64,1.3,2.41306,30.84,25.14,18.04,17.21,23,16.59,39.61,19.81,15.56,11.9,13.09,31.28,18.17,17.08,15.65,17.8
2026,Coppin St.,2026 Coppin St.,77.57,-0.09,0.569353,49.8,20.23,23.06,24.12,15.3,17.25,33.81,22.29,19.7,17.75,6.37,24.37,26.81,20.13,17.13,11.51
2026,Cornell,2026 Cornell,75.7,-2.96,1.38899,38.38,11.65,15.94,27.36,19.49,25.52,26.44,24.68,23.01,18.83,6.96,29.31,21.24,20.34,12.91,16.13
2026,Creighton,2026 Creighton,78.24,0.2,1.85351,35.84,19.31,19.56,20.23,17.97,22.86,34.14,30.57,15.08,11.56,8.55,23.13,23.82,18.81,17.33,16.83
2026,CSUN,2026 CSUN,77.02,-1.61,1.80157,26.9,16.65,18.89,23.46,23.88,17.09,28,34.67,17.01,7.72,12.55,16.24,24.91,26.82,14.32,17.66
2026,Dartmouth,2026 Dartmouth,77.03,-1.03,1.65505,27.95,19.35,19.36,21.01,24.78,15.43,35.98,29.22,23.25,7.06,4.38,27.44,30.35,17.84,14.43,9.85
2026,Davidson,2026 Davidson,77.71,-0.13,1.44762,40.48,13.74,16.08,25.61,25.85,18.67,45.04,14.24,24.63,11.12,4.89,23.76,24.65,20.8,17.41,13.29
2026,Dayton,2026 Dayton,77.35,0.53,2.36087,29.84,19.49,18.06,15.25,22.46,24.72,28.86,22.11,24.48,17.27,7.26,24.68,20.62,22.92,21.16,10.6
2026,Delaware,2026 Delaware,78.52,0.05,0.865988,12.5,21.02,15.79,12.72,25.37,25.07,37.1,30.27,11.62,7.4,13.53,20.19,23.21,15.69,20.28,20.57
2026,Delaware St.,2026 Delaware St.,76.8,0.52,1.31585,44.89,10.14,23.76,22.46,17.87,25.73,40.89,18.67,19.64,10.79,9.92,25.43,27.59,19.6,14.89,12.42
2026,Denver,2026 Denver,77.43,-0.95,0.542351,24.7,11.23,18.73,20.32,23.55,26.11,43.04,16.18,23.87,14.35,2.48,27.31,22.82,19.07,20.6,10.13
2026,DePaul,2026 DePaul,77.84,0.54,1.58299,29.16,16.51,25.46,20.96,17.54,19.5,26.37,37.63,12.45,14.08,9.42,24.37,29.69,16.08,17.76,12.06
2026,Detroit Mercy,2026 Detroit Mercy,77.15,-0.12,1.50182,36.53,15.13,16.74,20.22,26.08,21.8,37.91,29.61,18.77,8.88,4.79,22.87,26.73,21.5,16.23,12.61
2026,Drake,2026 Drake,77.1,-0.13,1.14732,31.49,17.04,18.82,19.1,20.23,24.78,39.31,17.3,13.16,21.06,9.13,25.32,23.1,17.19,17.03,17.32
2026,Drexel,2026 Drexel,77.04,0.32,0.930459,30.9,14.03,20.57,23.93,21.82,19.63,34.21,31.71,15.09,12.6,6.38,25.61,23.38,20.9,17.49,12.6
2026,Duke,2026 Duke,79.34,0.98,0.871844,34.64,17.28,29.72,14.74,22.4,15.86,36.34,34.22,13.54,7.57,8.33,24.11,29.14,18.82,13.49,14.44
2026,Duquesne,2026 Duquesne,77.77,0.11,1.81468,34.57,18.21,20.74,19.59,18.07,23.35,32.99,33.58,16.63,10.98,5.78,25.71,25.76,18.49,15.67,14.33
2026,East Carolina,2026 East Carolina,77.12,0.78,1.49544,28.17,17.79,19.65,33.07,15.84,13.62,34.58,37.97,15.95,8.3,3.18,25.49,27.6,20.23,13.16,13.51
2026,East Tennessee St.,2026 East Tennessee St.,76.75,-0.43,1.8037,32.64,21.59,26.56,15.89,20.1,15.82,31.47,28.86,21.19,10.33,8.07,21.91,26.95,19.46,16.95,14.69
2026,East Texas A&M,2026 East Texas A&M,77.37,-0.23,1.27677,34.51,19.96,26.49,17.35,21.68,14.51,43.86,23.23,13.39,12.29,7.18,24.86,29.92,16.32,19.79,9.09
2026,Eastern Illinois,2026 Eastern Illinois,76.59,-0.78,1.0949,30.51,14.32,19.46,19.25,25.29,21.64,38.82,31.16,12.69,5.04,12.21,24.2,27.52,16.25,15.1,16.88
2026,Eastern Kentucky,2026 Eastern Kentucky,76.06,-1.06,1.14253,37.09,21.21,15.84,19.59,22.87,20.44,34.01,34.37,11.16,10.03,10.35,25.59,28.62,14.55,13.38,17.8
2026,Eastern Michigan,2026 Eastern Michigan,77.88,0.36,1.04756,39.14,15.51,20.13,25.39,22.14,16.83,36.67,26.34,22.39,8.58,6.03,28.36,25.75,21.83,12.42,11.64
2026,Eastern Washington,2026 Eastern Washington,76.7,0.22,1.19355,33.84,22.86,20.53,13.96,17,25.66,30.94,33.12,24.26,4.71,6.96,24.92,22.32,21.65,16.12,14.99
2026,Elon,2026 Elon,77.71,-0.04,1.33429,32.84,17.44,25.96,24.9,14.65,17.03,32.93,24.82,17,10.92,14.27,25.04,23.11,22.25,15.82,13.76
2026,Evansville,2026 Evansville,78.74,1.14,1.22072,27.88,21.49,26.25,19.62,14.88,17.74,42.77,36.3,5.39,9.62,5.86,29.01,24.91,18.63,14.85,12.55
2026,Fairfield,2026 Fairfield,76.32,-0.8,1.02616,31.43,22.79,17.63,13.99,19.57,25.98,43.62,29.19,16.47,5.09,5.58,33.45,27.6,14.82,10.88,13.18
2026,Fairleigh Dickinson,2026 Fairleigh Dickinson,77.34,0.56,0.868477,29.92,20.77,19.3,21.98,23.39,14.56,31.29,16.26,27.39,11.24,13.83,23.71,18.96,32.23,13.72,11.39
2026,FIU,2026 FIU,76.97,0.6,1.35945,31.97,15.65,22.87,20.86,22.62,17.96,37.34,36.9,12.73,5.99,6.99,24.98,27.04,22.19,14.21,11.55
2026,Florida,2026 Florida,78.9,2.43,1.93506,24.63,18.57,21.3,22.04,18.6,19.47,34.5,36.63,18.22,5.08,5.5,25.66,34.4,17.25,14.46,8.19
2026,Florida A&M,2026 Florida A&M,77.47,-0.17,1.47195,30.44,21.18,21.57,18.2,20.83,18.16,27.04,21.46,25.03,12.65,13.76,20.7,25.69,21.57,14.27,17.72
2026,Florida Atlantic,2026 Florida Atlantic,77.75,0.68,0.645117,34.47,16.55,22.65,20.4,24.71,15.66,30.47,39.76,15.83,8.9,4.99,21.19,23.02,20.42,22.76,12.57
2026,Florida Gulf Coast,2026 Florida Gulf Coast,76.78,-0.46,1.42099,29.77,16.76,25.22,17.51,20.24,20.22,32.31,26.78,21.95,12.57,6.32,17.47,28.43,23.18,17.1,13.77
2026,Florida St.,2026 Florida St.,78.29,0.55,1.76742,33.4,21.19,17.12,18.97,25.4,17.32,26.3,33.46,15.32,13.52,11.39,21.6,23.92,22.21,18.5,13.77
2026,Fordham,2026 Fordham,77.84,1.38,1.85888,29.78,18.75,18,14.66,19.58,28.97,31.58,33.28,20.21,5.49,9.35,26.74,26.91,18.19,12.83,15.29
2026,Fresno St.,2026 Fresno St.,77.88,0.85,1.46084,30.68,16.71,20.55,24.46,20.31,17.97,49.02,18.21,12.17,9.42,11.18,30.85,23.07,20.33,13.18,12.57
2026,Furman,2026 Furman,79.18,1.06,1.17081,32.82,21.38,20.66,14.69,20.72,22.5,29.97,12.45,25.5,22.86,9.14,30.79,23.19,17.29,17.84,10.83
2026,Gardner Webb,2026 Gardner Webb,76.16,-0.89,0.551934,35.65,19.71,18.71,20.39,22.65,18.52,38.02,22.39,16.02,21.07,2.46,30.8,22.85,16.81,15.53,13.97
2026,George Mason,2026 George Mason,78.08,0.58,1.9016,32.58,23.89,16.55,19.94,18.38,21.18,39.39,38.91,10.06,7.17,4.35,27.42,21.76,20.04,15.78,14.91
2026,George Washington,2026 George Washington,78.13,0.89,2.35203,38.62,24.81,21.72,16.58,18.21,18.68,36.67,20.23,15.19,12.55,15.36,32.69,20.57,15.52,16.85,14.37
2026,Georgetown,2026 Georgetown,78.29,1.33,1.8139,36.57,25.12,14.1,16,20.99,23.76,36.18,27.38,15.47,13.65,7.27,26.93,19.07,20.62,17.51,15.82
2026,Georgia,2026 Georgia,77.4,1.09,1.88379,39.72,18.76,18.99,20.02,18.19,24,38.22,26.98,19.79,7.3,7.64,25.11,25.56,21.55,14.98,12.74
2026,Georgia Southern,2026 Georgia Southern,76.87,-0.37,1.44382,33.79,12.71,22.62,20.74,18.26,25.67,36.82,22.81,17.74,17.32,5.3,20.99,22.96,21.74,17.63,16.67
2026,Georgia St.,2026 Georgia St.,77.67,0.71,0.631274,33.76,13.4,14.41,24.31,25.23,22.65,29.52,34.44,11.54,13.1,11.41,24.18,25.9,18.41,16.5,15.01
2026,Georgia Tech,2026 Georgia Tech,78.2,0.51,1.80468,34.33,19.21,25.76,19.26,20.71,15.06,39.67,21.54,15.68,14.3,8.8,32.17,19.61,15.1,17.32,15.79
2026,Gonzaga,2026 Gonzaga,78.02,0.15,2.72273,42.16,27.77,21.14,19.79,15.01,16.25,32.23,19.79,26.8,15.31,5.8,27.94,19.17,23.06,15.78,13.97
2026,Grambling St.,2026 Grambling St.,78.16,-1.18,1.14062,28.53,15.4,18.05,26.66,21.41,18.44,33.43,21.16,17.86,13.58,13.9,26.16,20.71,18.02,15.72,19.34
2026,Grand Canyon,2026 Grand Canyon,78.83,1.89,2.54706,29.99,16.85,14.88,27.36,16.46,24.41,34.45,30.06,10.68,11.73,13.02,21.57,28.64,25,14.18,10.56
2026,Green Bay,2026 Green Bay,76.8,-1.37,1.44077,24.46,15.48,20.75,25.55,20.76,17.4,33.93,13.38,19.21,23.29,10.11,19.16,23.47,20.54,18.31,18.47
2026,Hampton,2026 Hampton,77.16,0.1,1.72167,39.33,16.05,19.96,17.67,26.49,19.81,31.56,28.51,24.45,12.08,3.37,17.3,31.82,24.38,16.63,9.86
2026,Harvard,2026 Harvard,76.61,-2.3,1.71675,14.94,19.29,25.5,22.32,21.56,11.33,31.03,20.56,24.5,14.38,9.48,22.72,19.97,20.22,23.7,13.36
2026,Hawaii,2026 Hawaii,78.69,1.21,1.75348,32.79,27.91,20.51,21.1,16.54,13.93,37.98,22.82,20.82,12.68,5.7,24.34,18.62,22.96,17.09,17
2026,High Point,2026 High Point,76.32,-0.74,2.23193,35.47,14.29,19.66,24.3,17.77,23.99,35.07,24.11,26.81,8.23,5.76,26.12,28.63,23.73,11.92,9.58
2026,Hofstra,2026 Hofstra,77.38,0.79,1.53254,26.27,14.07,18.35,16.04,27.36,24.17,50.96,22.04,12.98,5.07,8.91,37.55,22.75,12.75,14.51,12.42
2026,Holy Cross,2026 Holy Cross,76.61,-1.55,1.16857,29.14,21.14,17.77,18.4,18.66,24,32.27,28.11,22.02,11.83,5.73,24.73,17.97,20.91,18.73,17.63
2026,Houston,2026 Houston,77.85,0.41,1.81853,28.09,16.66,15.86,21.77,21.3,24.4,33.6,34.31,18.13,4.82,9.1,32.02,18.9,20.45,15.69,12.91
2026,Houston Christian,2026 Houston Christian,76.51,-2.01,1.07118,27.39,20.97,17.95,16.58,24.55,19.91,36.55,15.25,14.71,18.51,14.9,23.89,18.72,16.12,22.1,19.11
2026,Howard,2026 Howard,76.23,-1.78,1.3335,27.63,21.61,18.06,19.15,24.95,16.24,20.61,17.72,22.94,26.78,11.94,23.68,21.12,13.81,23.62,17.77
2026,Idaho,2026 Idaho,77.24,0.22,1.57575,32,16.34,20.59,17.16,23.09,22.83,32.19,21.64,21.16,16.31,8.71,23.19,18.59,20.91,20.8,16.51
2026,Idaho St.,2026 Idaho St.,77.53,-0.18,0.780449,33.82,25.27,15.51,17.45,17.29,24.41,43.34,23.68,20.09,5.03,7.77,34.11,19.95,15.19,16.29,14.38
2026,Illinois,2026 Illinois,79.99,2.9,1.63268,31.27,18.77,16.36,23.26,19.19,22.4,21.87,21.53,21.47,17.18,17.93,28.23,23.67,23.2,11.56,13.32
2026,Illinois Chicago,2026 Illinois Chicago,77.15,-0.78,1.70138,38.81,17.5,15.1,15.78,23.65,27.95,33.8,25.59,15.22,19.64,5.71,18.78,25.04,21.1,22.83,12.22
2026,Illinois St.,2026 Illinois St.,76.5,-0.47,2.11849,35.93,22.61,19.02,18.69,19.91,19.74,37.53,26.93,19.07,9.68,6.72,26.64,22.74,21.07,17.5,12
2026,Incarnate Word,2026 Incarnate Word,76.42,-0.88,2.27865,25.92,10.24,20.85,21.93,26.01,20.95,40.74,25.78,16.69,8.23,8.51,21.14,30.2,23.24,14.43,10.93
2026,Indiana,2026 Indiana,78.07,-0.02,3.17523,29.22,21.73,17.84,19.04,29.66,11.69,43.75,21,13.36,9.97,11.88,23.07,19.6,24.63,16.76,15.9
2026,Indiana St.,2026 Indiana St.,76.95,-0.58,0.906197,32.37,21.44,21.12,19.63,20.34,17.45,29.61,39.27,12.08,9.84,9.16,22.69,31.45,20.88,14.92,10.03
2026,Iona,2026 Iona,77.08,0.22,1.13886,31.95,15.16,21.87,22.46,17.39,23.07,27.94,25.64,37.03,4.56,4.75,18.89,25.44,27.2,14.69,13.73
2026,Iowa,2026 Iowa,78.49,0.39,1.4472,32.24,20.63,16.28,21.12,14.41,27.55,32.57,21.69,30.25,12.08,3.41,27.88,17.55,24.54,17.06,12.96
2026,Iowa St.,2026 Iowa St.,78.06,1.01,2.56022,28.31,18.47,26.23,19.58,16.57,19.12,44.47,18.04,8.35,11.44,17.66,20.93,28.14,19.6,16.34,14.98
2026,IU Indy,2026 IU Indy,76.53,-1.51,0.268377,30.28,13,18.69,22.54,19.93,25.82,27.08,20.48,21.79,15.71,14.93,29.25,26.23,19.74,10.74,14.02
2026,Jackson St.,2026 Jackson St.,76.48,-0.57,1.27524,36.17,11.56,18.21,19.87,16.59,33.76,26.26,31.31,17.85,15.71,8.84,20.2,24.82,19.44,20.9,14.62
2026,Jacksonville,2026 Jacksonville,77.31,0.11,0.963976,35.33,21.41,17.56,23.29,19.19,18.54,36.24,26.2,14.71,12.2,10.65,24.34,27.15,16.46,15.05,17.01
2026,Jacksonville St.,2026 Jacksonville St.,77.2,-0.05,1.38975,28.94,16.47,32.59,17.1,14.5,19.34,29.51,22.65,25.38,14.1,8.34,26.49,29.4,12,14.85,17.23
2026,James Madison,2026 James Madison,77.3,-0.4,1.73003,33.3,17.15,21.24,17.34,19.26,24.97,46.56,22.37,19.59,6.71,4.73,24.72,24.69,24.71,14.17,11.67
2026,Kansas,2026 Kansas,78.72,1.13,1.75827,26.71,18.55,22.76,27.34,14.25,17.02,32.53,35.44,19.84,6.26,5.85,26.98,25.66,17.41,13.66,16.21
2026,Kansas City,2026 Kansas City,76.9,-0.25,0.866231,30,15.25,20.81,22.78,20.5,20.63,30.54,33.04,11.08,16.82,8.49,29.16,28.29,15.62,16.44,10.45
2026,Kansas St.,2026 Kansas St.,77.36,0.18,2.09308,31.51,17.75,17.04,21.59,25.08,18.48,39.58,27.54,12.96,13.13,6.73,23.84,21.21,18.21,22.48,14.2
2026,Kennesaw St.,2026 Kennesaw St.,78.34,0.07,1.22685,37.27,20.96,15.83,19.56,15.8,27.8,26.78,21.02,33.94,12.15,6.06,20.36,23.46,29.58,12.99,13.55
2026,Kent St.,2026 Kent St.,76.05,-0.47,1.9159,28.01,14.75,26.17,21.31,20.33,17.4,31.47,32.22,23.09,9.43,3.74,24.37,32.74,18.8,11.83,12.19
2026,Kentucky,2026 Kentucky,78.79,1.48,1.48948,34.13,17.37,17.08,18.24,20.7,26.6,38.26,31.76,11.55,7.79,10.61,28.2,22.31,18.83,12.12,18.52
2026,La Salle,2026 La Salle,77.49,-0.19,1.52932,42.33,19.08,24.77,24.45,17.12,14.53,36.31,38.81,11.47,8.63,4.68,23.85,28.1,19.39,15.74,12.86
2026,Lafayette,2026 Lafayette,75.95,0.25,1.4235,21.7,13.44,21.41,21.81,24.19,19.15,25.6,30.3,25,12.62,6.45,28.67,26.39,17.05,17.75,10.12
2026,Lamar,2026 Lamar,77.2,0.75,1.33394,32.8,17.93,23.98,14.64,27.71,15.74,23.51,39.41,23.59,5.89,7.56,21.44,37.25,16.97,15.2,9.12
2026,Le Moyne,2026 Le Moyne,77.29,-1.12,0.673332,26.72,23.72,20.37,20.5,17.94,17.46,41.35,18.43,18.29,12.27,9.62,24.76,21.38,22.65,18.79,12.4
2026,Lehigh,2026 Lehigh,76.66,-0.5,1.27434,29.88,23.77,15.04,16.84,18.07,26.24,43.84,23.69,15.51,8.78,8.1,26.94,23.41,20.76,15.86,12.98
2026,Liberty,2026 Liberty,75.16,-1.47,2.85381,15.59,19.43,17.02,23.74,21.91,17.86,47.16,26.9,16.09,4.92,4.83,31.98,23.95,13.04,15.1,15.88
2026,Lindenwood,2026 Lindenwood,76.9,-0.72,1.4986,21.52,19.85,21.95,25.45,21.64,11.09,35.5,34.89,13.9,10.62,5.06,19.88,24.46,21.62,20.38,13.64
2026,Lipscomb,2026 Lipscomb,77.44,0.71,0.868928,37.13,24.83,18.16,15.15,20.3,21.55,20.83,31.83,22.68,12.69,11.96,24.45,23.48,21.98,15.11,14.95
2026,Little Rock,2026 Little Rock,78.5,0.09,1.61937,19.83,14.66,23.75,23.68,21.42,16.45,25.38,41.1,13.73,7.06,12.67,25.64,22.97,19.79,15.31,16.23
2026,LIU,2026 LIU,77.43,-1.93,1.11348,21.99,11.86,18.09,22.14,23.55,24.36,33.75,17.08,12.65,22.46,14.07,24.92,18.03,22.41,19.12,15.52
2026,Long Beach St.,2026 Long Beach St.,77.51,0.47,0.976142,36.45,10.79,22.42,22.13,21.67,22.98,38.08,31.6,16.37,8.93,5.02,21.27,28.54,14.24,13.7,22.26
2026,Longwood,2026 Longwood,76.84,-1.01,1.46505,35.91,19.55,15.07,20.78,21.59,22.99,33.84,15.93,23.59,12.01,14.6,25.71,19.61,22.74,16.54,15.37
2026,Louisiana,2026 Louisiana,77.13,-0.83,0.771049,35.2,13.47,23.34,29.26,20.85,13,39.12,18.33,19.8,13.3,9.38,25.97,22.68,21.95,17.21,12.12
2026,Louisiana Monroe,2026 Louisiana Monroe,76.5,-1.56,0.154648,27.47,17.54,18.18,19.14,26.81,18.32,24.82,33.32,22.32,10.66,8.86,20.36,24.43,19.54,19.99,15.67
2026,Louisiana Tech,2026 Louisiana Tech,77.96,0.39,0.903478,33.12,16.88,15.25,18.52,27.41,21.94,28.26,32.04,22.99,10.65,6.04,22.39,23.65,28.15,14.43,11.36
2026,Louisville,2026 Louisville,78.39,1.23,2.48084,34.85,17.1,17.41,23.9,18.57,23,35.08,26.24,12.7,11.07,14.88,23.43,24.68,18.22,14.49,19.15
2026,Loyola Chicago,2026 Loyola Chicago,77.43,0.2,1.7157,42.2,20.76,19.22,17.75,21.59,20.66,35.37,23.75,27.1,6.77,6.96,31.43,19.24,18.8,14.33,16.17
2026,Loyola Marymount,2026 Loyola Marymount,78.4,0.77,1.61565,30.22,12.28,23.64,17.56,22.5,23.95,38.3,12.45,32.33,7.95,8.9,24.36,26.13,19.29,12.46,17.69
2026,Loyola MD,2026 Loyola MD,77.26,-0.73,1.3212,37.26,23.33,14.62,20.12,17.48,24.41,34.26,22.56,13.88,16.25,13.01,21.86,19.71,20.38,16.91,21.11
2026,LSU,2026 LSU,78.27,0.92,2.60715,30.72,23.87,20.11,14.74,23.58,17.67,35.83,30.78,24.38,5.51,3.45,25.38,27.22,22.27,11.94,13.15
2026,Maine,2026 Maine,77.31,-0.08,1.5616,34.34,24.38,18.66,17.19,22.56,17.19,32.85,17.76,12.18,21.59,15.58,24.69,25.89,19.68,16.83,12.89
2026,Manhattan,2026 Manhattan,75.38,-1.07,1.57798,22.19,17.38,19.9,20.43,22.27,20.02,23.67,45.07,16.41,9.03,5.82,25.52,30.29,22.74,13.51,7.93
2026,Marist,2026 Marist,76.26,-0.93,1.50553,31.04,21.65,15.82,22.48,18.97,21.04,35.81,26.17,9.09,13.14,15.73,23.39,26.71,17.25,16.61,16
2026,Marquette,2026 Marquette,77.58,0.59,1.34538,28.05,14.59,20.99,20.21,17.74,26.41,31.64,27.39,15.66,14.97,10.27,27.61,20.38,19.35,16.45,16.14
2026,Marshall,2026 Marshall,77.73,1.77,1.54702,34.7,18.56,20.87,18.88,18,23.62,40.68,22.26,11.18,18.78,7.01,27.88,23.4,12.14,17.58,18.91
2026,Maryland,2026 Maryland,77.17,-0.28,1.8884,33.39,16.28,15.17,20.34,23.94,24.25,32.14,29.64,18.04,15.84,4.29,23.12,23.27,21.45,19.11,13.01
2026,Maryland Eastern Shore,2026 Maryland Eastern Shore,77.34,-0.04,0.817229,39.33,23.79,27.9,15.18,17.22,15.92,28.38,34.41,16.97,12.83,7.41,21.03,25.8,24.66,18.46,10.05
2026,Massachusetts,2026 Massachusetts,76.78,0.09,1.97242,28.82,24.95,18.22,14.13,26.04,16.64,38.02,28.15,26.95,3.61,3.22,30.14,27.14,18.33,12.9,11.47
2026,McNeese St.,2026 McNeese St.,77.09,-0.67,1.87819,37.22,13.68,13.73,17.33,29.27,25.97,42.9,21.1,11.63,18.63,5.7,24.59,24.48,13.1,24.44,13.35
2026,Memphis,2026 Memphis,77.56,1.63,2.10819,45.33,18.63,15.27,19.21,25.49,21.4,35.37,18.86,21.59,15.82,8.34,19.81,20.59,23.14,21.48,14.96
2026,Mercer,2026 Mercer,77.24,-0.18,1.64518,25.81,19.6,14.26,18.76,27.22,20.15,43.44,24.26,16.98,8.65,6.67,34.55,21.26,20.69,12.57,10.93
2026,Mercyhurst,2026 Mercyhurst,74.94,-2.62,0.740356,31.45,16.41,20.24,13.17,22.21,27.9,29.7,35.97,18.68,6.05,9.51,24.51,26.59,20.68,13.11,15.04
2026,Merrimack,2026 Merrimack,76.43,-1.76,1.13852,13.43,14.01,19.33,19.85,18.39,28.39,49.22,15.34,7.98,5.27,22.12,30.87,19.71,13.96,16.33,19.09
2026,Miami FL,2026 Miami FL,78.41,1.09,1.75768,27.58,14.73,24.16,20.73,17.1,23.23,38.66,20.52,19.06,12.91,8.79,34.06,20.31,15.3,15.92,14.36
2026,Miami OH,2026 Miami OH,77.51,-0.23,1.95831,26.45,21.51,20.89,19.56,19.58,18.4,25.51,15.08,21.57,27.29,10.48,24.98,18.51,24.88,18.41,13.17
2026,Michigan,2026 Michigan,78.66,2.36,2.10165,35.12,23.41,22.52,16.7,18.62,18.71,38.65,31.23,13.95,11.61,4.49,30.3,25.42,15.22,15.92,13.08
2026,Michigan St.,2026 Michigan St.,78.74,1.69,1.39552,31.99,20.36,19.9,18.01,18.57,23.15,28.88,35.74,20.82,9.6,4.95,28.34,30.03,17.64,13.86,10.1
2026,Middle Tennessee,2026 Middle Tennessee,78.45,1.39,1.79659,33.2,13.54,24.59,19.59,20.5,21.78,37.39,25.01,10.45,14.85,12.29,27.23,30.11,14.55,12.72,15.38
2026,Milwaukee,2026 Milwaukee,76.68,-0.59,0.758062,45.95,18.92,25.61,19.48,17.24,18.75,45.12,15.9,21.98,11.27,5.69,27.54,17.07,26.49,20.23,8.67
2026,Minnesota,2026 Minnesota,77.84,-0.62,2.24404,19.01,17.83,19.61,26.71,18.25,17.57,31.19,14.27,25.32,15.84,13.34,26.23,17.01,18.73,19.53,18.47
2026,Mississippi,2026 Mississippi,77.55,-0.27,1.50029,38.08,22.75,13.19,23.43,23.51,17.1,38.15,34.44,13.7,9,4.68,30.32,25.15,12.36,17.23,14.91
2026,Mississippi St.,2026 Mississippi St.,77.48,1.52,2.12488,36.64,13.16,17.59,13.16,22.82,33.22,36.54,41.76,14.54,3.71,3.38,28.91,31.7,14.78,13.54,11.01
2026,Mississippi Valley St.,2026 Mississippi Valley St.,77.08,0.27,0.0737506,29.53,15.71,23.61,14.77,11.22,34.63,20.25,33.02,20.88,13.67,12.07,23.11,27.52,17.35,17.96,13.98
2026,Missouri,2026 Missouri,79.28,2.41,2.19762,35.52,16.39,23.65,21.14,20.74,18.03,31.76,19.96,23.08,13.72,11.43,27.72,17.77,19.69,19.92,14.84
2026,Missouri St.,2026 Missouri St.,77.23,-0.59,0.805719,25.43,21.26,18.03,27.19,17.35,16.17,31.58,20.9,33.18,7.34,7.01,31.58,23.93,23.32,11.45,9.72
2026,Monmouth,2026 Monmouth,78.22,0.63,1.8327,25.61,20.99,20.79,24.3,12.86,21,25.36,29.01,30.78,10.6,4.17,22.83,20.45,27.52,17.81,11.34
2026,Montana,2026 Montana,77.34,-1.07,1.01203,28.17,18.8,17.03,14.84,25.95,23.35,30.28,24.58,7.35,11.75,25.97,23.15,20.08,18.68,18.65,19.41
2026,Montana St.,2026 Montana St.,77.38,-0.31,0.729574,31.06,14.41,19.85,22.29,21.53,21.89,29.41,16.5,12.36,18.31,23.38,21.46,22.68,19.41,16.46,19.95
2026,Morehead St.,2026 Morehead St.,76.68,-0.73,0.721839,33.15,16.73,21.08,19.23,23.87,19.07,33.92,37.09,13.14,12.25,3.56,19.15,30.06,19.86,20.25,10.66
2026,Morgan St.,2026 Morgan St.,76.18,-0.68,1.09779,27.71,15.26,13.43,26.03,24.88,20.35,29.41,38.33,14.51,11.37,6.28,27.13,21.86,16.49,16.19,18.26
2026,Mount St. Mary's,2026 Mount St. Mary's,76.99,0.05,1.71713,35.65,21.6,19.41,21.27,19.38,18.33,28.88,31.07,23.24,7.19,9.59,28.39,23.73,12.2,16.97,18.68
2026,Murray St.,2026 Murray St.,77.94,0.88,1.3411,40.16,13.25,21.48,22.13,26.67,16.44,25.22,42.89,13.08,7.58,11.17,23.01,26.01,24.33,14.07,12.53
2026,N.C. State,2026 N.C. State,77.91,-0.7,2.18514,29.54,19.07,17.21,23.04,22.96,17.68,49.17,18.49,11.64,14.2,6.42,25.08,22.19,19.13,19.34,14.2
2026,Navy,2026 Navy,75.67,-0.7,2.33852,21.53,23.58,16.29,17.44,16.11,26.53,47.47,31.55,13.15,3.53,4.22,34.64,23.92,13.33,14.07,13.98
2026,Nebraska,2026 Nebraska,77.76,0.63,2.35552,25.47,18.27,23.99,26.35,15.44,15.93,38.55,27.42,11.02,9.44,13.52,22.51,22.43,19.97,15.05,20.01
2026,Nebraska Omaha,2026 Nebraska Omaha,77.18,-0.06,1.67481,35.69,17.3,22.33,21.91,20.47,17.97,36.86,35.38,10.61,12.15,4.96,19.92,25.75,18.64,19.43,16.24
2026,Nevada,2026 Nevada,77.03,-0.05,1.75613,38.58,19.47,16.32,25.2,20.37,18.59,35.27,27.04,20.23,11.65,5.74,32.99,18.59,19.05,15.97,13.33
2026,New Hampshire,2026 New Hampshire,76.05,-1.11,0.760748,32.94,20.9,20.06,18.32,23.28,17.44,35.63,40.52,10.18,6.17,7.5,37.05,23.72,12.45,15.09,11.69
2026,New Haven,2026 New Haven,77.18,0.16,0.230722,25.04,16.16,17.52,20.03,20.18,26.1,28.37,32.44,17.77,11.34,10.05,22.65,25,17.09,15.06,20.18
2026,New Mexico,2026 New Mexico,77.59,0.84,0.863884,30.12,18.2,20.25,15.71,25.13,20.71,17.23,49.81,11.76,8.85,12.34,19.64,32.23,17.35,16.48,14.31
2026,New Mexico St.,2026 New Mexico St.,76.72,-0.55,1.57491,37.96,17.98,15.49,19.62,30.44,16.4,37.49,37.19,9.01,12.5,3.72,29.75,21.99,15.16,18.28,14.75
2026,New Orleans,2026 New Orleans,77.86,0.54,1.57252,30.03,17.7,19.09,18.26,20.23,24.71,28.86,37.69,19.24,9.77,4.41,26.9,26.2,16.28,17.04,13.56
2026,Niagara,2026 Niagara,76.09,-0.7,0.66425,42.42,20.56,20.23,20.97,18.27,19.96,39.13,25.21,10.49,15.83,9.32,23.72,20.38,15.34,27.47,13.08
2026,Nicholls,2026 Nicholls,77.63,-0.11,1.84005,32.69,20.1,19.41,24.14,15.76,20.59,21.08,18.81,27.99,22.78,9.34,26.27,19.01,27.26,17.15,10.32
2026,NJIT,2026 NJIT,76.82,-0.39,1.2191,33.46,16.49,20.39,15.25,25,22.81,36.3,26.51,19.17,9,8.94,23.36,28.43,21.99,14.08,12.06
2026,Norfolk St.,2026 Norfolk St.,76.65,-0.95,1.59102,33.51,16.67,19.18,14.97,27.31,21.8,37.14,22.18,14.91,11.37,14.29,23.85,21.83,21.59,18.44,14.2
2026,North Alabama,2026 North Alabama,77.68,-0.41,1.36557,22.3,17.97,15.39,24.17,20.19,22.29,46.65,15.99,23.07,7.64,6.65,32.7,19.97,21.86,12.81,12.65
2026,North Carolina,2026 North Carolina,79.15,2.32,1.29232,36.31,25.57,24.38,17.22,15.8,17.03,34.88,34.12,15.76,7.56,7.7,32.61,26.14,15.38,14.14,11.73
2026,North Carolina A&T,2026 North Carolina A&T,78,0.15,0.576331,30.87,19.04,22.07,25.15,13.98,19.73,47.83,22.68,11.24,7.25,10.95,28.7,27.85,15.81,11.27,16.33
2026,North Carolina Central,2026 North Carolina Central,75.87,-1.71,1.20174,25.73,23.42,18.56,16.74,23.45,17.8,31.95,26.43,17.58,8.65,15.35,22.37,24.49,14.26,20.13,18.73
2026,North Dakota,2026 North Dakota,76.53,-0.53,1.03286,32.04,15.59,17.63,17.74,26.17,22.84,47.46,9.86,12.75,13.49,16.36,22.22,25.99,16.2,20.13,15.43
2026,North Dakota St.,2026 North Dakota St.,76.17,-0.79,1.33816,29.98,25.49,19.23,17.16,16.57,21.54,34.2,21.83,23.48,9.56,10.93,32.57,15.42,22.04,15.48,14.49
2026,North Florida,2026 North Florida,77.18,-0.95,0.690794,26.2,19.44,16.84,12.38,26.5,24.78,32.94,31.49,21.02,7.64,6.81,23.87,28.98,15.24,14.95,16.89
2026,North Texas,2026 North Texas,77.35,-0.26,1.40058,29.89,19.41,16.67,13.23,21.99,28.64,28.45,34.04,18.06,8.4,10.99,26.99,20.36,20.11,17.6,14.89
2026,Northeastern,2026 Northeastern,77.78,0.07,0.936821,41.81,16.54,16.48,24.63,18.65,23.68,40.16,23.07,11.06,9.19,16.49,23.16,28.73,17.78,15.05,15.25
2026,Northern Arizona,2026 Northern Arizona,76.59,-0.83,1.08397,40.05,26.44,19.88,20.91,17.82,14.92,29.04,32.73,21.62,8.86,7.71,21.24,28.11,23.01,17.51,10.12
2026,Northern Colorado,2026 Northern Colorado,77.57,0.37,2.06532,22.88,22.02,18.62,19.31,23.72,16.32,40.6,35.29,14.13,7.41,2.57,24.64,25.78,19.99,17.98,11.62
2026,Northern Illinois,2026 Northern Illinois,76.54,-1.05,0.528756,29.8,19.2,15.43,19.67,24.1,21.52,34.89,21.48,15.84,17.52,10.17,23.1,20.84,19.53,19.73,16.73
2026,Northern Iowa,2026 Northern Iowa,77.56,-0.69,1.94299,26.97,22.34,19.75,22.4,14.16,21.29,33.6,15.89,27.84,12.48,10.1,20.28,22.29,24.35,15.99,17.03
2026,Northern Kentucky,2026 Northern Kentucky,76.78,-1.46,1.2203,23.06,23.79,17.85,19.39,13.41,25.55,31.63,29.3,18.77,10.36,9.94,26.99,20.06,18.96,16.4,17.59
2026,Northwestern,2026 Northwestern,77.31,0.14,1.5618,35.73,19.76,28.12,20.15,14.05,17.9,29.43,32.2,22.38,10.24,5.72,27.66,24.6,22.03,13.95,11.74
2026,Northwestern St.,2026 Northwestern St.,75.93,-2.07,1.44482,36.3,17.66,16.73,15.14,19.18,31.25,41.36,26.32,15.86,9.41,6.97,28.43,26.76,17.95,14.58,12.21
2026,Notre Dame,2026 Notre Dame,78.32,0.61,1.81758,35.32,14.01,18.89,25.55,18.31,23.17,23,45.06,19.63,9.48,2.74,26.24,28.61,14.8,15.36,14.92
2026,Oakland,2026 Oakland,77.13,-0.69,1.19893,27.03,22.47,22.2,16.34,16.35,22.59,34.11,30.52,15.84,15.36,4.11,27.17,23.38,17.53,19.69,12.18
2026,Ohio,2026 Ohio,76.85,-0.67,2.17575,22.75,19.61,27.12,15.15,22.89,15.19,29.76,39.39,16.78,7.96,6.06,28.76,25.13,19.33,13.99,12.73
2026,Ohio St.,2026 Ohio St.,77.86,1.39,2.15695,25.32,18.45,14.92,20.09,18.87,27.66,33.88,22.72,22.97,7.38,13,25.88,21.49,20.47,12.38,19.74
2026,Oklahoma,2026 Oklahoma,77.36,1.02,2.67846,30.19,16.48,21.34,16.91,19.35,25.9,43.37,26.62,17.43,6.3,6.24,24.02,21.33,24.03,15.09,15.49
2026,Oklahoma St.,2026 Oklahoma St.,77.48,0.63,1.7319,36.94,21.52,16.47,18.26,25.52,18.21,43.72,23.08,18.37,8.56,6.25,22.57,24.86,17.45,19.21,15.9
2026,Old Dominion,2026 Old Dominion,77.32,-0.02,1.62724,34.16,17.57,14.6,18.94,24.8,24.06,38.76,21.41,17.14,12.41,10.22,23.55,22.34,14.83,19.33,19.92
2026,Oral Roberts,2026 Oral Roberts,76.71,-1.05,1.077,35.95,20.5,23.24,17.17,16.91,22.13,29.64,20.92,17.34,18.84,13.17,27.87,24.19,16.9,16.13,14.83
2026,Oregon,2026 Oregon,78.98,1.99,1.55358,35.58,26.74,19.94,14.15,19.94,19.21,35.25,34.49,20.07,6.71,3.46,30.81,27.84,16.82,13.13,11.38
2026,Oregon St.,2026 Oregon St.,78.67,2.61,1.30714,36.89,21.99,19.79,19.07,17.71,21.4,32.08,38.36,14.57,9.54,5.38,22.17,23.21,21.59,13.67,19.3
2026,Pacific,2026 Pacific,77.11,0.11,2.1536,26.2,20.54,24.29,20.09,20.35,14.73,39.62,26.12,21.47,7.17,5.63,19.64,21.34,24.95,17.88,16.2
2026,Penn,2026 Penn,77.77,0.42,1.22872,30.08,16.99,23.03,22.83,19.11,18.04,44.71,21.26,16.1,9.15,8.79,22.58,28.85,16.84,14.95,16.79
2026,Penn St.,2026 Penn St.,78.77,1.15,0.766661,33.31,17.58,20.02,17.42,20.64,24.32,41.13,18.39,15.75,13.19,11.51,27.4,18.21,18.11,17.15,19.11
2026,Pepperdine,2026 Pepperdine,78.31,1.61,1.0101,25.64,16.27,15.85,19.98,24.99,22.85,24.38,26.81,11.12,11.89,25.75,24.79,16.81,22.52,14.2,21.62
2026,Pittsburgh,2026 Pittsburgh,77.05,-0.65,1.9269,20.31,22.19,21.37,21.68,18.01,16.7,31.3,36.79,16.76,8.28,6.8,24.52,20.89,21.82,14.95,17.78
2026,Portland,2026 Portland,78.74,1.44,0.628661,35.41,23.79,22.25,13.31,16.64,23.99,26.52,25.99,31.53,8.03,7.92,27.63,19.99,18.15,16.14,18.06
2026,Portland St.,2026 Portland St.,78.03,0.34,1.41603,24.27,17.88,24.61,20.39,20.19,16.92,48.62,20.68,12.73,10.92,6.98,30.29,25.37,17.21,14.2,12.89
2026,Prairie View A&M,2026 Prairie View A&M,76.59,-0.89,1.00902,25.83,10.01,19.13,29.41,27.69,13.69,38.81,17.7,21.87,9.8,11.74,22.37,28.51,21.76,13.69,13.6
2026,Presbyterian,2026 Presbyterian,78.27,0.32,1.04271,19.93,25.57,20.02,17.5,14.71,22.17,38.93,30.6,18.13,7.57,4.75,34.77,28.53,15.71,9.25,11.71
2026,Princeton,2026 Princeton,77.57,-0.37,0.78844,29.72,16.01,14.63,19.23,24.29,25.79,32.37,18.25,21.77,18.38,9.18,20.23,21.71,23.29,19.92,14.81
2026,Providence,2026 Providence,78.11,-0.21,1.85545,32.77,12.54,17,23.13,26.72,20.56,42.08,20.87,13.21,15.31,8.43,29.01,22,14.36,17.64,16.93
2026,Purdue,2026 Purdue,77.75,1.85,2.48602,29.82,21.58,20.8,22.15,15.96,19.45,46.66,34.1,2.62,8.88,7.69,28.72,30.11,12.6,13.61,14.91
2026,Purdue Fort Wayne,2026 Purdue Fort Wayne,76.27,-0.17,1.9125,26.6,13.84,14.03,29,21.49,21.61,43.83,27.91,7.7,8.39,12.08,24.52,19.89,18.71,19.79,17.02
2026,Queens,2026 Queens,78.32,0.67,1.31215,31.66,17.88,20.86,20.59,23.02,17.66,28.67,24.02,15.94,22.08,9.29,24.75,21.58,18.16,21.83,13.68
2026,Quinnipiac,2026 Quinnipiac,78.01,0.56,1.28449,26.59,12.71,21.68,25.21,19.68,20.69,33.44,30.92,17.34,11.79,6.46,26.33,24.17,28.7,9.09,11.65
2026,Radford,2026 Radford,76.94,-0.5,1.52755,27.65,15.23,25.41,17.23,20.38,21.76,30.44,31.25,18.58,9.13,10.61,24.95,27.43,16.37,17.69,13.56
2026,Rhode Island,2026 Rhode Island,76.43,-0.86,2.58553,30.37,14.45,23.72,24.06,19.5,18.25,36.25,27.35,18.53,6.63,11.21,21.75,22.78,26.63,13.4,15.42
2026,Rice,2026 Rice,76.99,-0.7,1.93013,32,13.58,18.8,24.9,25.77,16.92,49,19.62,10.79,11.27,9.27,27.11,19.55,20.07,16.82,16.41
2026,Richmond,2026 Richmond,76.58,-0.02,2.05613,41.56,17.69,19.88,23.93,17.99,20.49,47.26,23.95,15.51,8.02,5.22,35.96,23.5,14.82,14.19,11.49
2026,Rider,2026 Rider,77.68,0.07,0.76467,32.18,20.29,15.98,15.31,26.84,21.53,31.8,26.65,26.02,7.75,7.67,25.08,21.95,26.92,14.21,11.77
2026,Robert Morris,2026 Robert Morris,77.51,0.42,1.10189,32.49,19.96,24.07,16.86,21.27,17.78,35.95,33.66,14.14,10.3,5.89,28.44,29.72,14.11,14.9,12.77
2026,Rutgers,2026 Rutgers,77.55,0.13,1.3567,39.22,11.91,20.32,19.7,19.15,28.87,44.24,24.64,14.01,9.9,7.12,29.42,19.38,19.41,17.07,14.66
2026,Sacramento St.,2026 Sacramento St.,77.25,-0.8,0.975941,32.41,16.34,18.43,16.94,24.3,23.91,31.99,33.43,5.53,12.5,16.45,23.08,21.57,16.09,15.42,23.75
2026,Sacred Heart,2026 Sacred Heart,76.96,-0.59,2.05086,25.63,26.34,18.32,19.21,21.96,14.15,22.97,21.28,18.21,23.82,13.7,22.55,17.67,19.18,20.07,20.52
2026,Saint Francis,2026 Saint Francis,76.79,-1.51,1.25492,32.85,16.53,20.53,23.78,18.7,20.41,35.72,20.19,17.85,16.31,9.88,18.99,20.29,23.8,19.94,16.93
2026,Saint Joseph's,2026 Saint Joseph's,77.61,0.41,1.64907,25.9,14.54,19.28,24.06,19.43,22.64,28.95,22.29,19.55,17.53,11.61,19.79,24.25,17.54,18.86,19.5
2026,Saint Louis,2026 Saint Louis,77.54,-0.24,2.28093,36.59,20.05,21.18,19.97,16.99,21.77,23.78,27.72,14.22,16.18,18.04,21.39,20.47,21.33,18.13,18.63
2026,Saint Mary's,2026 Saint Mary's,78.9,2.58,0.743286,25.26,16.97,26.74,14.65,23.28,18.34,56.03,21.32,14.11,5.43,3.06,30.91,26.47,19.18,13.99,9.42
2026,Saint Peter's,2026 Saint Peter's,76.7,-0.81,1.04302,36.9,17.88,18.93,20.37,19.26,23.52,42.24,25.37,9,13.03,10.29,23.78,24.38,14.05,19.28,18.46
2026,Sam Houston St.,2026 Sam Houston St.,76.64,-0.42,1.26868,33.75,19.39,23.3,16.25,20.55,20.48,35.1,13.1,20.04,26.27,5.46,25.47,13.83,19.56,28.66,12.46
2026,Samford,2026 Samford,75.85,-1.34,1.25956,28.58,25.32,14.43,17.78,26.44,16.01,45.82,26.51,15.13,5.64,6.87,32.71,19.48,17.5,13.21,17.08
2026,San Diego,2026 San Diego,76.56,-0.94,1.97824,38.36,14.16,17.55,20.17,22.88,25.2,34.01,19.88,13.69,21.55,10.84,26.07,24.67,14.45,16.91,17.85
2026,San Diego St.,2026 San Diego St.,77.76,-0.19,1.90018,41.67,18.21,22.07,19.14,20.25,20.33,41.68,31.54,8.53,9.16,9.1,22.82,22.59,19.34,18.49,16.76
2026,San Francisco,2026 San Francisco,78,0.97,1.85016,35.82,19.01,23.11,20.09,17.48,20.28,32.22,32.42,19.78,9.09,6.42,20.67,33.37,20.44,11.61,13.86
2026,San Jose St.,2026 San Jose St.,76.58,-0.35,0.949325,29.79,15.87,19.63,17.57,17.49,29.42,30.86,35.74,18.76,8.07,6.55,26.39,29.06,16.31,12.57,15.65
2026,Santa Clara,2026 Santa Clara,78.51,1.4,0.918933,35.78,21.91,13.51,20.97,24.06,19.5,37.65,24.28,17.73,9.48,10.79,28.51,25.59,21.72,13.53,10.6
2026,Seattle,2026 Seattle,77.35,0.76,1.4619,30.42,21.87,22.35,20.96,10.02,24.76,46.92,15.74,11.87,13.99,11.42,25.15,20.68,18.52,16.94,18.66
2026,Seton Hall,2026 Seton Hall,76.15,-0.69,2.51308,36.7,18.1,17.48,22.66,20.16,21.59,49.72,25.08,8.06,8.41,8.73,31.14,16.14,16.42,19.66,16.64
2026,Siena,2026 Siena,76.73,-0.4,1.16349,24.29,19.41,17.24,20.5,22.64,20.21,41.02,14.44,28.42,13.07,3.05,23.74,22.15,22.93,20.03,11.16
2026,SIUE,2026 SIUE,77.67,1.77,1.16715,39.49,20.48,24.99,16.5,20.13,17.89,40.64,22.35,22.13,8.14,6.68,18.58,23.03,19.99,19.58,18.81
2026,SMU,2026 SMU,77.95,1.69,2.74023,23.96,17.57,16.56,19.78,21.31,24.71,41.5,23.44,15.62,12.21,7.14,24.63,17.2,18.67,22.49,16.95
2026,South Alabama,2026 South Alabama,77.21,-0.89,1.02246,26.5,24.44,30.12,15.08,11.57,18.77,19.92,25.25,21.07,18.72,15,23.66,18.62,20.02,25.19,12.47
2026,South Carolina,2026 South Carolina,77.72,0.35,2.43169,33.09,18.67,21.31,14.6,23.04,22.36,28.59,22.61,24.84,14.2,9.72,26.1,21.86,19.37,16.42,16.2
2026,South Carolina St.,2026 South Carolina St.,77.95,0.86,0.458263,45.44,12.43,19.69,23.41,22.28,22.19,30.48,31.94,18.5,10.94,8.13,21.74,25.77,22.03,12.55,17.91
2026,South Dakota,2026 South Dakota,76.73,-0.39,0.875935,38.45,23.02,21.67,17.41,20.14,17.72,43.07,14.14,25.33,8.17,9.25,36.09,19.39,19.03,12.45,12.99
2026,South Dakota St.,2026 South Dakota St.,76.82,0.22,1.46412,23.55,25.5,14.7,16.42,22.37,20.94,38.39,23.95,20.38,8.09,9.08,25.3,17.58,21.42,17.75,17.87
2026,South Florida,2026 South Florida,77.06,-0.66,1.56288,27.73,22.41,15.15,20.43,19.89,22.07,40.66,21.56,20.22,11.01,6.5,30.31,20.31,16.92,16.58,15.85
2026,Southeast Missouri,2026 Southeast Missouri,76.25,-1.26,1.27003,31.75,18.52,19.12,17.94,26.18,18.16,31.59,25.66,19.45,12.32,10.91,24.69,19.22,20.92,24.08,11.01
2026,Southeastern Louisiana,2026 Southeastern Louisiana,77.07,-0.76,1.28872,40.56,19.63,22.72,19.94,21.38,16.32,36.17,22.88,17.28,12.13,11.52,26.58,21.89,17.36,18.7,15.46
2026,Southern,2026 Southern,76.71,-1.01,0.9782,39.54,24.12,17.63,14.57,19.65,23.95,36.87,30.67,21.21,3.49,7.67,28.33,23.81,20,12.5,15.28
2026,Southern Illinois,2026 Southern Illinois,77.26,0.16,1.64793,35.15,15.78,19.46,18.46,20.53,25.74,36.55,33.06,8.98,11.82,9.54,27.78,27.2,15.64,13.82,15.51
2026,Southern Indiana,2026 Southern Indiana,76.8,-0.34,1.18701,34.53,14.1,18.97,26.81,19.04,21.02,33.86,30.87,15.79,9.66,9.71,22.47,31.29,18.48,14.47,13.2
2026,Southern Miss,2026 Southern Miss,77.76,-0.55,0.926729,29.27,19.26,31.17,18.52,14.27,16.75,44.24,18.77,17.25,13.02,6.66,28.49,23.09,18.85,16.69,12.82
2026,Southern Utah,2026 Southern Utah,78.71,1.65,0.945421,30.51,16.86,22.91,15.69,19.53,24.96,26.36,30.54,16.66,13.49,12.89,30.1,26.89,11.19,15.67,16.09
2026,St. Bonaventure,2026 St. Bonaventure,76.45,-0.03,1.54736,20.52,16.82,22.84,19.41,17.74,23.18,34.09,36.86,16.97,8.19,3.87,24.03,26.74,23.09,17.24,8.89
2026,St. John's,2026 St. John's,78.24,0.22,2.25154,31.22,24.52,17.15,21.86,19.09,17.31,39.65,31.77,14.64,7.72,6.14,20.25,26.49,21.49,15.55,16.16
2026,St. Thomas,2026 St. Thomas,76.97,-1.02,0.926603,31.69,16.86,19.62,25.43,24.12,13.91,15.21,19.68,15.65,21.05,28.36,17.99,24.48,20.45,21.15,15.88
2026,Stanford,2026 Stanford,77.43,0.74,1.07253,36.48,14.4,19.17,15.07,30.99,20.29,37.41,34.13,14.22,8.21,5.94,25.83,23.5,21.85,15.48,13.26
2026,Stephen F. Austin,2026 Stephen F. Austin,75.53,-1.99,1.42112,30.47,10.9,13.44,22.48,24.08,29.04,40.59,30.96,5.37,10.45,12.56,26.16,23.14,17.42,13.81,19.41
2026,Stetson,2026 Stetson,76.73,0.7,0.521429,36.96,15.84,25.43,20.73,22.09,15.87,32.72,32.07,13.75,12.9,8.5,24.05,26.7,18.45,16.52,14.23
2026,Stonehill,2026 Stonehill,77.58,-0.21,1.47201,28.42,17.91,14.17,18.47,22.27,27.18,38.65,23.32,16.45,8.04,13.55,31.6,19.56,20.29,12.72,15.82
2026,Stony Brook,2026 Stony Brook,77.59,-0.27,1.44443,32.46,16.07,14.34,26.49,22.74,20.32,38.93,31.14,11.22,11.23,7.41,30.09,19.92,19.23,16.3,14.39
2026,Syracuse,2026 Syracuse,78.27,0.5,2.02425,28.48,21.53,18.15,21.37,20.46,18.49,27.99,39.35,13.98,10.51,8.17,30.02,27.09,14.35,14.82,13.73
2026,Tarleton St.,2026 Tarleton St.,75.54,-1.89,1.30565,44.25,19.8,22.55,24.4,17.27,15.94,39.11,25.14,8.54,17.64,9.53,28.12,23.92,15.7,18.38,13.84
2026,TCU,2026 TCU,76.43,-1.16,1.77894,27.53,24.22,23.15,20.24,18.42,13.91,34.39,23.42,24.55,12.76,4.81,25.64,26.6,21.39,12.88,13.45
2026,Temple,2026 Temple,77.11,-0.87,1.9161,19.66,13.97,19.28,21.45,18.6,26.64,42.1,12.8,18.77,14.81,11.42,25.67,23.22,18.66,14.99,17.38
2026,Tennessee,2026 Tennessee,78.44,1.86,1.61107,34.95,20.09,24.83,17.55,12.9,24.56,32.3,20.53,31.88,10.8,4.41,22.52,24.2,25.9,17.2,10.11
2026,Tennessee Martin,2026 Tennessee Martin,78.41,-0.3,0.617436,36.37,23.86,17.19,24.43,17.8,16.68,22.05,21.58,25.91,13.49,16.93,20.7,20.11,23.08,20.9,15.18
2026,Tennessee St.,2026 Tennessee St.,76.95,-1.11,1.6757,26.92,18.22,21.11,27.64,16.11,16.88,38.7,25.03,13.18,13.56,9.49,25.45,19.51,22.45,17.91,14.65
2026,Tennessee Tech,2026 Tennessee Tech,76.57,-1.44,0.837032,41.04,31.16,12.78,18.9,21.31,15.77,45.14,20.77,16.49,11.24,6.23,31.58,20.34,14.07,18.53,15.41
2026,Texas,2026 Texas,78.11,1.02,2.74257,30.84,22.35,23.91,17.36,16.46,19.86,39.01,20.68,14.55,13.37,12.33,28.42,29.4,13.7,15.37,13.05
2026,Texas A&M,2026 Texas A&M,77.21,0.29,2.62154,40.9,19.84,23.05,19.24,21.46,16.34,33.55,23.81,14.25,15.59,12.72,27.32,27.7,16.68,15.44,12.78
2026,Texas A&M Corpus Chris,2026 Texas A&M Corpus Chris,76.39,-0.78,0.557657,44.82,20.21,20.72,14.6,19.47,24.95,38.02,31.88,14.58,7.74,7.71,27.63,23.61,19.64,13.17,15.89
2026,Texas Southern,2026 Texas Southern,76.55,-0.59,1.65295,38.12,10.15,24.1,23.05,20.22,22.45,24.34,43.68,16.2,7.32,8.41,18.4,32.58,24.69,12.23,12.06
2026,Texas St.,2026 Texas St.,76.84,-0.71,1.68099,32.62,17.06,26.49,16.48,16.56,23.41,35.16,31.02,12.88,11.39,9.55,23.91,29.06,13.98,17.64,15.41
2026,Texas Tech,2026 Texas Tech,77.07,-0.7,2.1019,19.42,25.77,17.97,17.01,21.81,17.4,41.97,28.21,11.61,10.24,7.9,30.22,23.9,13.29,15.12,17.4
2026,The Citadel,2026 The Citadel,76.89,-1.56,0.812433,29.6,15.88,27.64,23.14,17.5,15.83,37.44,25.95,12.77,13.73,10.11,24.6,13.23,18.18,21.7,22.29
2026,Toledo,2026 Toledo,76.57,-0.05,1.37852,23.05,18.87,18.03,17.2,22.55,23.3,29.12,36.29,10.79,9.83,13.91,26.62,26.65,14.2,18.28,14.17
2026,Towson,2026 Towson,78.15,0.91,1.73821,31.93,12.31,25.92,17.3,21.16,23.3,41.14,15.02,21.61,17.64,4.54,24.46,21.57,22.56,21.65,9.73
2026,Troy,2026 Troy,77.4,0.05,1.28152,24.13,23.87,21.48,21.39,13.94,19.31,20.4,34.62,21.78,10.37,12.83,25.39,32.46,19.97,10.89,11.29
2026,Tulane,2026 Tulane,77.47,-0.82,1.94532,25.33,13.69,17.14,20.26,27.56,21.29,27.51,25.12,18.64,16.05,12.6,19.82,21.95,23.25,19.63,15.28
2026,Tulsa,2026 Tulsa,77.49,-0.37,1.52672,33.06,12.2,21.94,18.43,23.67,23.76,34.96,24.03,14.08,11.79,15.14,24.15,22.42,16.29,20.24,16.9
2026,UAB,2026 UAB,76.69,-0.85,1.45667,33.52,20.05,20.06,23.62,14.98,21.23,39.19,30.66,12.71,9.53,7.83,30.1,24.66,14.85,14.64,15.67
2026,UC Davis,2026 UC Davis,76.57,-0.2,1.43209,32.99,19.57,21.11,19.36,23.19,16.7,24.07,29.94,23.45,5.51,16.96,29.54,24.07,18.28,14.8,13.23
2026,UC Irvine,2026 UC Irvine,77.96,0.85,1.05423,30.67,16.21,20.38,20.6,25.83,16.96,34.81,31.06,17.38,7.79,8.94,26.97,23.61,20.04,14.97,14.38
2026,UC Riverside,2026 UC Riverside,78.11,0.12,0.770922,25.72,18.76,17.22,13.84,28.9,21.28,33.59,24.74,16.97,11.52,13.17,23.56,20.17,18.43,21.39,16.45
2026,UC San Diego,2026 UC San Diego,78.31,0.4,1.06982,32.28,22.09,19.33,22.4,19.65,16.5,34.77,15.21,24.01,10.76,15.2,21.48,20.52,25.14,15.14,17.69
2026,UC Santa Barbara,2026 UC Santa Barbara,78.02,-0.42,1.5555,27.99,16.65,21.34,18.02,21.17,22.76,40.23,25.17,20.66,8.79,5.07,22.82,30.83,20.1,16.81,9.38
2026,UCF,2026 UCF,78.64,1.67,2.3453,31.47,18.54,21.29,15.81,23.08,21.22,31.29,33.7,17.16,10.33,7.44,28.77,26.15,18.81,12.97,13.21
2026,UCLA,2026 UCLA,78,0.88,2.52938,32.28,19.73,25,12.8,21.87,20.57,31.3,22.98,28.83,10.53,6.32,22.79,29.87,19.62,13.92,13.77
2026,UMass Lowell,2026 UMass Lowell,76.28,-1.43,0.557364,27.92,19.84,18.51,25.42,17.96,18.27,38.86,23.7,21,9.2,7.25,28.73,18,20.56,17.48,15.22
2026,UMBC,2026 UMBC,77.15,-0.36,1.16514,29.55,17.79,20.61,21.13,19.45,20.97,43.92,31,17.55,2.09,5.4,29.52,24.32,16.13,17.59,12.38
2026,UNC Asheville,2026 UNC Asheville,78.5,0.48,1.88555,17.65,22.91,9.41,26.68,17.56,23.45,29.13,35.91,18.73,11.01,5.19,25.08,24.63,19.99,17.08,13.2
2026,UNC Greensboro,2026 UNC Greensboro,75.79,-1.29,0.77646,29.51,14.06,25.86,24.09,16.6,19.36,41.06,33.82,16.69,3.43,4.95,16.83,42.98,18.45,12.36,9.36
2026,UNC Wilmington,2026 UNC Wilmington,78.94,0.81,2.38764,24.58,22.16,17.71,23.18,20.1,16.84,43.8,19.65,14.85,15.34,6.35,32.3,20.23,14.84,20.44,12.19
2026,UNLV,2026 UNLV,77.33,0.58,1.44084,31.45,17.24,22.51,13.78,22.18,24.3,38.94,28.99,17.58,10.62,3.87,26.98,18.27,21.69,18.97,14.09
2026,USC,2026 USC,78.99,2.16,2.54236,40.81,16.74,22.94,21.71,21.48,17.08,28.74,33.47,14.95,11.9,10.88,22.78,24.98,18.88,15.31,18
2026,USC Upstate,2026 USC Upstate,76.55,-0.87,0.898369,32.89,14,16.67,24.71,25.42,19.19,46.51,21.15,12.56,12.16,7.58,29.95,20.64,17.36,18.35,13.66
2026,UT Arlington,2026 UT Arlington,76.88,-0.62,0.813727,38.84,14.52,22.89,22.99,20.63,18.9,32.11,28.84,18.17,13.16,7.64,23.66,23.79,20.52,17.27,14.68
2026,UT Rio Grande Valley,2026 UT Rio Grande Valley,75.88,-1.31,1.48126,32.13,23.9,23.34,19.28,15.14,18.3,30.74,19.7,13.08,19.98,16.42,20.99,25.17,24.92,16.36,12.51
2026,Utah,2026 Utah,77.51,0.14,1.85145,27.7,18.07,11.38,16.63,32.46,21.42,34.47,42.18,10.74,6.06,6.49,30.98,24.51,17.24,12.25,14.96
2026,Utah St.,2026 Utah St.,77.68,0.61,2.43419,36.02,15.78,19.55,20.8,25.56,18.27,37.45,28.8,8.07,15.92,9.71,17.89,22.48,14.8,20.34,24.45
2026,Utah Tech,2026 Utah Tech,78.37,-0.5,1.0571,23.03,25.45,21.58,18.67,13.99,20.24,39.37,21.57,17.64,10.08,11.24,28.02,26.83,16.42,13.76,14.91
2026,Utah Valley,2026 Utah Valley,77.9,-0.21,1.24132,32.4,25.57,27.21,17.42,12.58,17.16,37.08,34.33,11.76,6.9,9.84,19.79,23.62,17.58,17.98,20.98
2026,UTEP,2026 UTEP,76.88,-0.18,1.62452,23.12,21,26.76,22.38,18.55,11.27,23.49,31.85,28.43,5,11.17,22.33,25.27,22.51,14.99,14.84
2026,UTSA,2026 UTSA,77.82,-0.69,0.845965,32.64,17.79,18.93,19.94,22.87,20.42,36.1,32.52,15.1,7.74,8.46,28.35,25.46,19.45,13.36,13.29
2026,Valparaiso,2026 Valparaiso,78.13,0.75,0.784632,33.54,14.14,24.49,20.53,21.92,18.88,33.12,21.56,30.73,6.55,7.97,23.01,18.84,25.53,15.83,16.74
2026,Vanderbilt,2026 Vanderbilt,77.17,-0.62,2.44596,30.1,19.54,17.48,18.54,19.3,25.11,39.41,32.48,9.95,11.02,7.07,27.95,21.55,16.52,15.57,18.35
2026,VCU,2026 VCU,77.85,0.83,1.61858,35.86,21.49,14.62,20.85,22.44,20.56,27.3,27.84,16.14,10.35,18.32,23.86,23.14,17.66,16.62,18.68
2026,Vermont,2026 Vermont,77.52,-0.06,1.85307,34.92,22.25,16.51,24.7,18.12,18.42,43.31,30.9,5.86,10.45,9.47,18.19,20.46,19.04,22.9,19.38
2026,Villanova,2026 Villanova,77.57,0.31,1.87195,28.59,18.02,15.67,22.4,22.48,21.39,46.98,16.14,15.98,14.43,6.41,33.97,15.05,18.55,17.29,15.08
2026,Virginia,2026 Virginia,78.21,1.79,2.01352,34.78,17.52,23.58,22.36,15.04,21.48,36.21,25.8,11.12,13.33,13.52,25.06,22.1,19.62,16.25,16.93
2026,Virginia Tech,2026 Virginia Tech,77.91,0.68,1.41747,30.73,17.93,21.49,19.91,18.68,21.93,30.89,24.08,28.72,8.51,7.7,20.01,30.25,24.58,12.84,12.25
2026,VMI,2026 VMI,76.63,-1.84,1.31747,26.63,22.42,20.76,16.06,21.76,18.97,36.54,18.82,22.01,10.14,12.43,29.91,22.15,22.73,15.08,10.09
2026,Wagner,2026 Wagner,76.54,-1.97,0.236344,34.88,19.54,20.63,18.08,16.41,25.32,41.73,27.07,14.23,7.69,9.26,26.98,26.38,14.5,16.65,15.47
2026,Wake Forest,2026 Wake Forest,78.03,-0.24,2.09903,34.56,12.43,19.7,28.59,20.69,18.59,26.9,23.33,16.94,21.59,11.24,14.33,25.17,26.37,21.01,13.12
2026,Washington,2026 Washington,77.79,1.57,1.70599,30.15,21.28,18,22.63,23.04,15.04,44.02,28.25,10.12,10.49,7.09,32.74,23.67,12.77,17.89,12.89
2026,Washington St.,2026 Washington St.,78.22,0.35,0.93444,35.3,21.87,19.12,20.96,13.46,24.55,30.42,25.51,17.04,17.19,9.79,23.48,25.07,22.68,13.46,15.26
2026,Weber St.,2026 Weber St.,76.25,-1.27,1.15921,34.3,16.31,22.04,18.98,17.35,25.28,43.18,39.27,7.77,5.72,3.98,25.81,26.35,19.86,16.44,11.48
2026,West Georgia,2026 West Georgia,77.1,-0.59,1.08317,31.79,16.81,11.66,25.5,30.25,15.73,42.51,14.41,28.84,11.08,3.09,29.27,19.53,25.12,13.97,12.04
2026,West Virginia,2026 West Virginia,77.02,0.78,2.85728,29.25,18.44,25.09,17.61,14.29,24.56,36.81,33.54,17.08,9.13,3.39,19.38,23.52,23.99,21.31,11.78
2026,Western Carolina,2026 Western Carolina,77.28,0.64,1.46693,35.18,15.11,23.14,16.91,23.64,21.13,49.35,15.43,20.1,8.14,6.9,34.05,20.12,13.09,17.02,15.65
2026,Western Illinois,2026 Western Illinois,77.05,-1.49,0.833878,34.58,18.53,21.79,20.6,25.34,13.69,28.47,18.27,32.1,12.23,8.84,17,21.95,23.65,19.7,17.64
2026,Western Kentucky,2026 Western Kentucky,76.99,0.51,1.84396,40.1,13.62,24.11,25.98,17.71,18.53,31.07,24.25,25.22,9.93,9.47,21.61,23.37,25.78,16.43,12.76
2026,Western Michigan,2026 Western Michigan,77.09,-0.11,1.10578,42.28,12.29,20.48,27.04,19.38,20.74,35.15,22.26,19.02,13.19,10.28,22.91,23.16,30.09,13,10.77
2026,Wichita St.,2026 Wichita St.,76.5,0.99,1.83386,30.17,20.36,18.47,18.07,15.91,27.18,44.23,24.81,20.69,6.04,4.18,33.06,21.77,18.16,16.18,10.81
2026,William & Mary,2026 William & Mary,77.55,-1.04,1.5987,39.41,21.93,19.16,18.51,19.76,20.59,20.86,19.04,23.04,24.43,12.57,21.29,18.36,19.58,25.22,15.5
2026,Winthrop,2026 Winthrop,76.6,0.18,1.67849,36.19,28.34,16.33,20.86,15.67,18.81,49.58,24.5,13.59,8.93,3.41,30.07,22.6,19.53,16.38,11.41
2026,Wisconsin,2026 Wisconsin,78.84,2.08,2.35483,30.93,18.82,14.71,10.06,25.63,30.77,30.77,27.81,12.62,16.12,12.65,30.58,22.15,11.72,18.71,16.82
2026,Wofford,2026 Wofford,75.87,-1.68,0.979781,29.04,15.78,21.12,28.21,19.7,15.12,35.54,14.79,17.13,17.54,14.92,21.59,21.43,24.18,16.95,15.78
2026,Wright St.,2026 Wright St.,76.95,-0.85,1.20003,36.16,20.04,18.8,15.68,22.56,22.91,29.1,21.67,27.52,8.29,13.4,33.65,18.72,23.35,13.69,10.56
2026,Wyoming,2026 Wyoming,77.04,-0.44,1.1805,36.41,15.52,17.09,21.5,20.6,25.22,24.83,28.99,17.24,14.88,13.96,21.26,22.96,23.44,17.91,14.35
2026,Xavier,2026 Xavier,78.77,1.23,2.15649,27.47,19.08,19.99,23.03,16.88,20.98,34.66,25.3,22.3,8.36,9.33,20.2,29.6,21.89,12.23,16.04
2026,Yale,2026 Yale,77.72,-0.43,1.41891,26.12,16.6,22.85,24.57,18.03,17.91,32.81,25.69,18.87,15.09,7.47,21.77,24.15,20.11,19.17,14.74
2026,Youngstown St.,2026 Youngstown St.,76.39,-0.72,1.6499,36.14,20.56,21.88,22.77,17.07,17.72,39.98,13.25,14.59,16.01,16.18,19.76,21.34,22.66,18.37,17.87