year,team,torvik_id,off_dunk_fg%,off_dunk_share,def_dunk_fg%,def_dunk_share,off_close2_fg%,off_close2_share,def_close2_fg%,def_close2_share,off_far2_fg%,off_far2_share,def_far2_fg%,def_far2_share,off_3pt_fg%,off_3pt_share,def_3pt_fg%,def_3pt_share
2026,Purdue,2026 Purdue,94.8,7.8,90.4,7.6,72.2,28.2,63.7,28.2,45.3,30.9,41.9,26.8,37.9,40.9,34.2,45
2026,Nebraska,2026 Nebraska,91.4,3.8,88.5,6.4,69.7,32.7,65.4,24.6,35,16.5,36.8,26.1,35.3,50.7,29.9,49.3
2026,St. Thomas,2026 St. Thomas,90.5,4.6,90.9,4.2,68.3,44.3,60.2,40.7,40.8,9.1,38.6,18.1,36.4,46.5,31.4,41.2
2026,Miami OH,2026 Miami OH,96.2,5.6,93,3.8,68.2,39.9,58.2,38.2,44.1,15.4,41.6,25,37.5,44.6,33,36.8
2026,Michigan,2026 Michigan,91.1,15.1,87.9,4.6,68.1,43.2,54.4,28.4,40.4,15,34.7,29.8,36,41.8,30.2,41.8
2026,Illinois,2026 Illinois,85.9,8,87.7,6.2,68,32.7,60,28.3,38.9,16.6,36.5,29.5,34.7,50.7,31.4,42.2
2026,Houston,2026 Houston,95.5,8.8,92.1,7.2,67.7,24.9,56.9,32.8,40.4,34.3,31.3,26.3,34.9,40.8,32.1,40.9
2026,Ohio St.,2026 Ohio St.,90.6,7.7,91.1,8,67.5,31.2,61.4,31.8,48,28.7,41.9,27.8,36,40.1,31.6,40.3
2026,Marshall,2026 Marshall,93.9,12.4,91.7,4.2,67.2,31.7,60.4,36.6,38,24.1,34.7,23.9,36.8,44.3,33.6,39.6
2026,Arkansas,2026 Arkansas,92,15.4,87.1,9.8,67.1,42.8,61.9,39.9,34.8,23.8,38.8,21.9,38.9,33.4,31.7,38.2
2026,Gonzaga,2026 Gonzaga,88.6,8.5,78.6,5.2,66.9,40.4,57.2,29,47,28.6,34.5,27.3,34,31,30.8,43.7
2026,Charleston,2026 Charleston,89.7,10.6,92.1,5.7,66.9,37,59.8,32.7,33.3,24.8,35.3,23.6,30.6,38.1,32.6,43.7
2026,BYU,2026 BYU,84.2,10.4,81.2,8,66.9,33.2,62.1,30,43,27,38.3,30.8,34.9,39.8,35.3,39.2
2026,Belmont,2026 Belmont,89.9,11.2,87.8,5.2,66.9,40.6,58.8,30.2,42.3,13.7,33.6,20.7,41,45.7,34.2,49.1
2026,Iowa,2026 Iowa,90.4,10,87,7.8,66.5,39.3,65.9,37.8,42.6,19.1,34.7,23.1,35.7,41.6,33.7,39.1
2026,Missouri,2026 Missouri,95.7,12,88.2,8,66.3,44.4,56.6,33.2,35.9,19.6,38.1,23.7,35,36,36.5,43.1
2026,Colorado St.,2026 Colorado St.,89.4,5.8,88.4,7.1,66.2,32.7,61.9,34.3,40.1,17.9,43.5,22.6,39,49.4,34.4,43.1
2026,Bellarmine,2026 Bellarmine,88.9,3.8,93,6.6,66.2,47.4,67.5,33.2,39.5,11.4,38.9,16.3,38.1,41.2,40.4,50.5
2026,Indiana,2026 Indiana,92.1,14.2,85.1,4.1,66.1,35.8,56.5,34.1,45.1,13.7,39.3,29.1,34.7,50.5,33.1,36.8
2026,Michigan St.,2026 Michigan St.,90.3,12.9,92.3,5.3,66.1,33.1,59.1,27.7,39.7,30.5,36.2,26.3,35.9,36.4,32.9,46
2026,Vanderbilt,2026 Vanderbilt,88.7,9,81.1,8.6,66,35.8,57.7,37,40.8,20.6,36.3,25.1,35.5,43.6,32.2,37.9
2026,Iowa St.,2026 Iowa St.,91.9,9.9,88.8,9.2,65.9,37.8,63.8,29.5,38.6,23.4,36.4,27.7,38.7,38.8,32.1,42.8
2026,San Diego St.,2026 San Diego St.,85,11.5,79.5,7.6,65.7,35.5,54.2,33.4,38.8,30.7,32.5,19.3,34.5,33.7,33.6,47.3
2026,Illinois St.,2026 Illinois St.,79.5,4.3,87.5,7,65.5,34,60.7,36.8,38.9,23.5,35.9,28.6,34.8,42.4,33.4,34.5
2026,North Carolina,2026 North Carolina,87.9,15.8,90.1,6.4,65.3,36.8,55,33.9,41.4,20.9,35.7,29.1,34.5,42.3,34.5,36.9
2026,Creighton,2026 Creighton,92.8,8.5,85.6,7.1,65.1,31.5,59.7,40.5,37.6,20.3,36.3,27.5,34.5,48.2,35.4,32
2026,Utah St.,2026 Utah St.,85.4,11.4,84.7,5.4,65,45.2,56.4,38.2,41.1,14.1,34.9,21,35.1,40.7,33.9,40.9
2026,Akron,2026 Akron,93.1,7.9,87,4.2,65,39.2,55.6,38.2,44.3,15.7,35.4,18.5,38.5,45.1,35.1,43.2
2026,Baylor,2026 Baylor,87.4,10.4,91.1,8.2,65,27.8,67,24.6,46.9,32.7,43.2,40.8,34.5,39.6,35.5,34.7
2026,Mississippi,2026 Mississippi,93.2,8.7,92.4,10.1,64.9,29,57.8,35.9,39.3,35.5,39,21.5,33.2,35.5,33.4,42.6
2026,Duke,2026 Duke,91.5,14.9,81.4,8.1,64.8,44.8,54.6,31,40.5,10.8,36,23.3,35.1,44.4,30.4,45.7
2026,Miami FL,2026 Miami FL,85.4,12.7,82.2,8,64.8,46.7,59.7,34.1,41,21.6,38.7,25,34.7,31.6,35.4,40.9
2026,Louisville,2026 Louisville,88.1,12.4,92.5,7.8,64.7,36.9,60.3,32.2,41.8,10.3,35.5,28.7,35.7,52.8,32.7,39.1
2026,Minnesota,2026 Minnesota,87.8,4.6,94.1,6.6,64.7,35.6,60.9,32.7,38.1,17.2,40.1,25.6,34.8,47.1,34.7,41.7
2026,Utah Valley,2026 Utah Valley,84.3,10.5,87.2,4.2,64.6,47.3,52.4,43.2,39.2,20,38.8,23.9,33.9,32.7,34.8,32.9
2026,SMU,2026 SMU,82.3,9.8,88.2,8.6,64.5,34.8,61.1,32.3,44.8,29.2,37.6,20.5,37.4,36,33.9,47.2
2026,Liberty,2026 Liberty,85.9,8.9,83.7,4.6,64.5,42.8,55.3,40.6,42.5,8.6,41.7,22.3,39.2,48.6,38.3,37.1
2026,Connecticut,2026 Connecticut,93,9.7,92.1,6.5,64.2,39.3,50.1,39.7,43.2,20.4,38.6,24,35.2,40.3,30.3,36.2
2026,Missouri St.,2026 Missouri St.,90,2,97,5.9,64.2,31.8,68.1,31.4,38,26.9,37.3,32.9,33,41.3,34.4,35.8
2026,Kentucky,2026 Kentucky,90.9,14.1,92.1,9.4,64.1,37.8,57.5,33.8,38.3,23,39.7,26.6,34.1,39.2,31.6,39.5
2026,Mississippi St.,2026 Mississippi St.,91.1,10.2,93.2,9.3,64.1,33.3,60.4,33.6,40,26.5,39.2,26.9,32.4,40.1,33.9,39.5
2026,Northern Colorado,2026 Northern Colorado,86.6,6.7,85.4,3.7,64.1,39.7,57.4,44.3,46,19,42.7,20.8,35.1,41.3,30.5,34.9
2026,Arizona,2026 Arizona,93.4,9,91.4,6.1,64.1,41.9,52.5,28.7,43.8,31.3,36.4,34.1,36,26.8,31.4,37.2
2026,William & Mary,2026 William & Mary,92.7,5.6,91.8,6.1,64.1,44,59.6,39.3,37.3,13.2,38.7,15.2,33,42.8,33.1,45.5
2026,Long Beach St.,2026 Long Beach St.,88.9,4.7,83.3,6.5,64,33.6,63,42.4,38.1,31.6,39.2,22.3,32.7,34.8,34.4,35.3
2026,Washington St.,2026 Washington St.,80.8,5.3,83.9,5.3,64,33.3,58.6,37.8,40.3,21.9,43.1,25.5,36.5,44.8,35.4,36.7
2026,Queens,2026 Queens,94.6,7,88,6.2,64,40.1,59.1,42.4,43.7,13.1,42.4,18,35.9,46.8,35.8,39.5
2026,Florida,2026 Florida,92.2,15.3,83.7,6.4,63.8,45.6,52.4,38.3,42.1,17.2,35.3,28,30.8,37.1,32.4,33.7
2026,Syracuse,2026 Syracuse,90.9,12.1,85.1,9.3,63.7,39.8,59.9,40.4,38.7,23,32.5,23.7,32.9,37.2,34.1,35.9
2026,George Mason,2026 George Mason,84.1,5.9,85.9,7,63.7,40.5,59,35.7,39.5,24,34.5,21.6,33.4,35.4,32.5,42.7
2026,LSU,2026 LSU,93.2,8.3,91.9,7.1,63.5,40.9,56.7,39.1,39.4,24.6,37.3,23,33.1,34.5,35.4,37.9
2026,Grand Canyon,2026 Grand Canyon,82.5,10.8,81.6,7.9,63.4,41.2,51.6,36.6,35.2,19.9,40.8,25.2,31.8,38.9,31.9,38.2
2026,East Tennessee St.,2026 East Tennessee St.,91.5,7.3,87.8,8.1,63.4,42.4,59.9,36.7,44,19.8,35.5,15.6,34.7,37.8,32.9,47.7
2026,Texas Tech,2026 Texas Tech,85.7,6.2,87.5,6.4,63.3,25.7,63.3,31.4,44.1,26.3,38.8,33.5,39.3,48,31.5,35
2026,Georgia,2026 Georgia,88.8,19,81.5,9.2,63.3,41.9,56.2,40.6,39.7,14.2,38.2,21.9,34.1,43.9,33.7,37.6
2026,Portland,2026 Portland,91.1,7.7,87.3,7.5,63.2,40.9,59.7,35.7,40,23.7,35.6,18.7,29.9,35.4,36.1,45.6
2026,Kansas St.,2026 Kansas St.,95.8,6,90.3,9.1,63.2,37.6,60.7,39.3,33.5,21.5,41.3,22.2,36.4,40.9,33.7,38.6
2026,Kansas,2026 Kansas,90.8,14.8,94.6,6.1,63.2,35.7,52.5,32.7,36,28.6,34.6,25.3,35,35.7,30.7,42
2026,Virginia Tech,2026 Virginia Tech,90.4,9.8,85.7,8.9,63.1,35.6,60.8,38.7,34.9,24.8,42.1,21.7,35.5,39.7,30.6,39.6
2026,Cornell,2026 Cornell,83.9,4,93.5,6.3,63.1,38.3,61.5,43.8,46.9,10.1,41.4,17.9,38.3,51.6,37.5,38.3
2026,Indiana St.,2026 Indiana St.,87.1,9.8,90.3,5,63.1,43.2,56.3,39.7,36.3,11.6,45.3,26,31.5,45.2,31.3,34.4
2026,Central Arkansas,2026 Central Arkansas,75.9,2.9,87.1,10.6,63,37.4,64.6,35.3,32.5,13.9,36.5,12.5,35.5,48.7,35.2,52.3
2026,Penn St.,2026 Penn St.,81.3,2.9,94.4,8.6,63,39.7,66.6,38.5,42.9,22.2,41.6,18,32.4,38.1,38.8,43.4
2026,Texas,2026 Texas,87.8,10.8,88,8.3,63,39.9,58.8,39.1,42.4,24,37,27.7,34.9,36.2,36,33.3
2026,IU Indy,2026 IU Indy,87.7,4.9,84.2,8.3,62.9,34.8,64.5,48.7,42.5,23.1,39.3,15.5,32.4,42.1,38.5,35.7
2026,Furman,2026 Furman,83.7,13,83,4.4,62.8,39.2,55.7,37.2,48.6,14.5,42.4,20.9,33.3,46.3,32.6,41.9
2026,High Point,2026 High Point,82.5,7.4,84.4,7.4,62.8,44.8,57.6,41.4,36.3,12.3,37.2,17.2,34.4,42.9,31.9,41.4
2026,UT Rio Grande Valley,2026 UT Rio Grande Valley,84.2,3.9,89.2,6.7,62.8,37,57.2,37.4,38.7,19.3,36.9,24.4,36.8,43.7,30.4,38.2
2026,Notre Dame,2026 Notre Dame,90.9,4.3,91.5,8.7,62.7,32.1,62.7,29,36.4,24.4,42.3,23.6,35.6,43.5,33.2,47.4
2026,Little Rock,2026 Little Rock,89.6,11.1,87.8,9.3,62.7,37.4,61.9,41.5,30.4,31.7,29.1,18.2,35.3,31,34.4,40.3
2026,Montana,2026 Montana,87.9,3.5,91.5,5.1,62.6,37.6,60.2,38.7,45.3,20.5,38,23.2,36.6,41.8,32.3,38
2026,Youngstown St.,2026 Youngstown St.,89.9,9.3,83.6,6.2,62.6,39.4,61,42,35.3,11.2,35.5,23.7,33.8,49.4,35.5,34.3
2026,Saint Louis,2026 Saint Louis,91.7,5.7,88.9,4,62.6,47.1,48.6,37.5,36.5,7.8,37.3,20.9,40.5,45.1,30,41.6
2026,Northwestern,2026 Northwestern,93,6.8,89.9,6.9,62.6,35.4,60.5,37.2,41.7,30.7,36.9,22.7,33,34,33.4,40.2
2026,UCLA,2026 UCLA,88.7,5.6,91.2,6.5,62.4,31.4,62.2,31.9,42.1,32.7,39.7,23.5,38.2,35.9,31.8,44.7
2026,Villanova,2026 Villanova,77.4,6,88.6,7.6,62.4,35.4,60.1,37.9,39.4,19,38.7,25.2,35.3,45.7,33.9,36.9
2026,Washington,2026 Washington,90.6,6.4,79.3,7.1,62.3,33.6,61.9,30.5,44,31.8,38.5,31.4,31.5,34.6,33.6,38.2
2026,Middle Tennessee,2026 Middle Tennessee,86.9,9.1,90.9,8.1,62.2,29.9,59.1,42.6,40.4,24.7,35.2,22.1,33.8,45.4,33.9,35.3
2026,Vermont,2026 Vermont,97.3,3.7,91.1,4.4,62.1,37.1,56.9,34.1,42.7,18.3,37.2,24.6,33.3,44.6,35.3,41.2
2026,Lehigh,2026 Lehigh,89.1,4.2,82.7,4,62.1,34.6,55.9,44.6,40.1,27.2,42.3,23.2,36.5,38.2,32.8,32.2
2026,North Carolina A&T,2026 North Carolina A&T,91.5,4.5,84.4,6.2,61.9,37,60.8,36.7,40.5,30.3,38.6,25.2,31.6,32.7,36.6,38.1
2026,Boston University,2026 Boston University,94.8,5.8,83.3,2.1,61.9,37.4,55.2,39,47.2,18.9,48.2,20.3,38.8,43.7,36.6,40.6
2026,Chattanooga,2026 Chattanooga,81.3,1.9,80,7.9,61.8,28.6,59.3,38,48.1,22.1,36.5,17.8,35,49.2,34.2,44.2
2026,Samford,2026 Samford,89.7,6.2,91.8,4.2,61.8,35.3,58.1,34.2,36,19,41.3,29.9,35.6,45.7,36.5,35.9
2026,Northern Iowa,2026 Northern Iowa,87.5,8.5,77.3,4.1,61.8,39.8,55.9,37.6,43,20.6,39.3,20.9,34.9,39.6,28.9,41.5
2026,Evansville,2026 Evansville,89.1,5.9,87.1,8.5,61.7,29.1,62.5,34.4,37.6,27.7,40.9,22.4,32.2,43.1,37.6,43.2
2026,Providence,2026 Providence,86.6,13.5,87.4,8.2,61.7,41.4,57.1,37.5,40.5,18.1,40,24,36.4,40.5,35.3,38.5
2026,Mercer,2026 Mercer,86.5,7.1,77.8,5.3,61.7,37.7,55.7,38.3,38.7,23.1,42.8,19.7,35.6,39.2,36.2,42.1
2026,Santa Clara,2026 Santa Clara,86.7,8.4,91.6,7.3,61.6,35.1,61.8,43.1,47.5,19.9,33.5,18.8,34.9,45,33,38.2
2026,UMBC,2026 UMBC,87.7,5.5,87,4.9,61.6,37.9,54.8,42.7,41.5,23.3,38.6,19.5,35.9,38.8,32.2,37.8
2026,Wright St.,2026 Wright St.,91.2,5.5,91.1,4.5,61.6,45.9,58.1,42.3,38.6,20.4,43.6,23.5,36.1,33.7,33.6,34.2
2026,Robert Morris,2026 Robert Morris,91.2,3.1,91.2,5.1,61.5,37.7,56.1,42.3,39.4,21.6,38.6,21.7,38,40.7,33.2,36
2026,Murray St.,2026 Murray St.,92.6,10.1,87.8,7.9,61.5,37.4,57.8,45.2,41.5,17.8,41.1,27.4,34.8,44.8,36.3,27.3
2026,Alabama,2026 Alabama,85.9,10.1,92.7,7.6,61.4,34.8,56.2,38,44.9,11.5,38,27,35.8,53.7,33.5,35.1
2026,Oklahoma,2026 Oklahoma,87.2,8.1,93.3,7.2,61.4,36.2,60.2,36.9,43.4,20,36.9,23.4,36.8,43.8,34.2,39.7
2026,Wisconsin,2026 Wisconsin,87,5.4,89.1,5.2,61.4,32.3,58.1,33.9,40.7,15.1,44.7,26,36.1,52.6,33.3,40.2
2026,Cincinnati,2026 Cincinnati,87.3,12,81.6,6.6,61.4,28.7,53.9,32.4,38.6,27.5,40.9,27.6,33.9,43.8,31,39.9
2026,N.C. State,2026 N.C. State,87,8.9,94.3,8.3,61.3,38.7,58.7,38.9,34.7,17.4,38,15.8,38.8,43.9,35.6,45.3
2026,Southern Miss,2026 Southern Miss,82.8,4.8,86.7,6.7,61.2,42.3,58.6,39.4,36.9,29,37.2,21.2,28.9,28.7,34.5,39.4
2026,Wake Forest,2026 Wake Forest,85,12,88.7,10.3,61.2,33.8,61.5,36.5,41.4,22.5,38,16.7,34.4,43.7,33,46.8
2026,Northern Kentucky,2026 Northern Kentucky,89.9,7.6,91.4,5.2,61.2,41.7,59,42.3,37.8,13.4,42.5,19.6,33.6,44.9,36.6,38.1
2026,Florida Gulf Coast,2026 Florida Gulf Coast,84.5,9.6,84.9,5.3,61.1,36.6,60,38.5,42,25,37.7,15.4,33.2,38.4,35.4,46.2
2026,Northeastern,2026 Northeastern,90,6.1,91.6,7.3,61.1,42.4,63.2,43.9,37.5,19.8,46.6,20.9,33.7,37.8,35.8,35.2
2026,James Madison,2026 James Madison,96.5,5.5,87.1,6.1,61.1,40.2,56.3,37.1,34.9,17.3,37.9,24.7,35.4,42.5,32.7,38.2
2026,UTEP,2026 UTEP,94.3,5.7,84.4,8,61.1,28.8,58.9,38,32.8,30.8,41,24.5,33.9,40.3,34,37.5
2026,Lipscomb,2026 Lipscomb,87.8,5.2,91.8,7.8,61,39.7,63.6,36.5,33.6,12.4,39.8,23.4,35.7,47.9,34.3,40.2
2026,Richmond,2026 Richmond,97.8,4.4,92.3,5.3,61,29.4,64.1,33.2,39.6,28.1,39.4,21.1,37.1,42.6,32.7,45.6
2026,Harvard,2026 Harvard,85.2,2.9,91.7,3.7,61,38.5,55.5,42,41.3,21.3,42.2,19.3,34.7,40.2,32.6,38.7
2026,USC,2026 USC,89.2,10.9,82.4,5.9,60.9,38.6,56.5,36.8,39,27.4,44.8,22.8,31.7,34.1,30.9,40.4
2026,Arizona St.,2026 Arizona St.,86.5,9.4,84.6,8.8,60.9,36,59.8,36.7,38.7,25.6,40.4,23,33.4,38.4,35,40.3
2026,New Haven,2026 New Haven,88.9,2.1,96.7,6.5,60.9,38.6,58.3,40.1,33.2,21.6,40.5,21.5,30.2,39.8,34.3,38.4
2026,Eastern Michigan,2026 Eastern Michigan,90.4,7,82.2,6.4,60.9,39.8,57.6,39.6,34.7,28.4,40,24.8,32.4,31.8,32.9,35.6
2026,UAB,2026 UAB,89.1,7.3,75.9,7.1,60.9,44.9,59.8,37.9,33.7,24.6,35.8,22.9,27.8,30.5,32.6,39.2
2026,Bethune Cookman,2026 Bethune Cookman,83.2,8.6,90.7,6.8,60.8,48.1,54.8,47.5,31.4,22.1,37.9,19.4,33,29.7,32.9,33.1
2026,Tennessee,2026 Tennessee,89.3,10.8,88.7,6.7,60.8,43.5,56.9,31.6,37.1,24.7,39,24,33.4,31.7,30.6,44.4
2026,Virginia,2026 Virginia,86.7,9.5,88,6,60.8,36.3,51.8,34.5,43.5,17.2,36.1,28,35.9,46.5,30.9,37.5
2026,UCF,2026 UCF,94.2,6.5,85.7,6.7,60.8,39.2,60,36,39.2,26.4,43.3,24.3,36.2,34.4,34,39.7
2026,Loyola Marymount,2026 Loyola Marymount,82.9,7.1,77.6,4.9,60.7,33.1,53.2,37.6,40.3,26.5,38.5,26.2,34.8,40.4,34.6,36.2
2026,Hawaii,2026 Hawaii,80.5,7.3,85.1,3.9,60.6,45.2,52.4,41.3,38,15.1,37.4,26.3,31.6,39.7,30.7,32.4
2026,Appalachian St.,2026 Appalachian St.,88.4,7.7,94,4.9,60.6,38.2,53.3,35.7,36.6,15.9,37.2,22.9,30.4,45.9,32.2,41.4
2026,Florida St.,2026 Florida St.,84.3,13.2,88.6,10.3,60.6,35.7,60.5,33.9,40.8,13.8,39.7,21.2,33.1,50.6,34.6,44.9
2026,Ohio,2026 Ohio,82.9,6.3,77,5.1,60.5,38.1,58.3,44.2,45,23.8,39.3,22.3,30.1,38.1,36.8,33.6
2026,Southern Utah,2026 Southern Utah,74.1,5,76.5,7.5,60.4,40.9,57,46.6,35.9,23.6,41.4,23.9,33,35.5,38,29.5
2026,Air Force,2026 Air Force,88.1,4.4,87.3,9.1,60.4,39.2,64.1,38.4,31.8,19,43.3,22.8,30.6,41.8,37.6,38.8
2026,North Dakota St.,2026 North Dakota St.,94.8,7.1,88.7,5.4,60.4,36.9,59.7,35,40.1,20.4,40.6,20.6,35.7,42.7,33.5,44.4
2026,Florida Atlantic,2026 Florida Atlantic,85.4,8.3,74.1,7,60.4,39.9,54.3,45.5,41.2,21.9,35.9,19.2,33.3,38.2,33.8,35.2
2026,Charlotte,2026 Charlotte,88.7,11.6,87.3,6.9,60.3,37.1,60.8,38.7,40.1,17.5,33.8,20.6,35.2,45.4,33.5,40.7
2026,Old Dominion,2026 Old Dominion,89,6.7,89.4,7.1,60.3,35.5,62.1,39.6,34.3,28.3,36.3,24,36,36.2,32,36.4
2026,Presbyterian,2026 Presbyterian,88.9,9.2,83.3,5.5,60.3,42.5,55.4,42.2,40.8,29.5,41.3,21.5,31.6,28,34.7,36.3
2026,Colorado,2026 Colorado,84,6.5,89.7,6.3,60.3,40.7,58,38.8,41.5,24.1,41.8,25.3,35.3,35.1,36.8,35.8
2026,UNLV,2026 UNLV,89.9,10.8,86.1,6.8,60.3,42.3,59.4,41.1,40.6,21.8,39.1,22.1,35.3,35.9,35.4,36.8
2026,George Washington,2026 George Washington,85.4,9.3,90.4,7,60.3,43.7,62.8,37.4,39.2,9.6,36.1,19.4,35,46.7,33.6,43.2
2026,UC San Diego,2026 UC San Diego,82.4,4.7,79.2,4.9,60.3,42.7,55.5,36.4,40.1,15,37.8,19.7,32.8,42.3,31.5,43.9
2026,Green Bay,2026 Green Bay,92.6,5.3,93.6,4.8,60.2,46.6,61.1,36.6,40,16.1,38,20.1,36.4,37.3,36.3,43.3
2026,Stetson,2026 Stetson,93.8,5,90.1,6.5,60.2,34.2,64.7,41.9,40,21.1,40.2,17,36,44.7,34.6,41.1
2026,South Carolina,2026 South Carolina,92.4,6.4,92.9,12.5,60.2,33.2,63.7,39.2,43,22.4,37.9,25,31.1,44.4,31.8,35.8
2026,Cleveland St.,2026 Cleveland St.,83.3,2.8,92.7,9.1,60.1,33.6,66.9,38.6,34.6,15.7,43,17.4,37.5,50.8,36.2,44
2026,Arkansas St.,2026 Arkansas St.,84,7.9,83.3,6.9,60.1,40.9,58.9,36.3,35.1,14.3,39.1,24.9,32.9,44.9,32.9,38.8
2026,UC Santa Barbara,2026 UC Santa Barbara,85.7,3,96.5,5.4,60,38.5,61.9,41,39.5,17.4,38.8,23.3,37.4,44.1,33.9,35.7
2026,Montana St.,2026 Montana St.,97.2,3.8,90.9,4.9,60,31.1,55.2,47.2,44.4,24.2,43.1,18.5,36.1,44.7,34.3,34.3
2026,Navy,2026 Navy,95,1.8,90.2,4.3,59.9,41.6,61,29.5,41.3,25.3,37.7,24.6,36,33.1,30.1,45.8
2026,UC Davis,2026 UC Davis,92.7,4.1,88.6,6.4,59.9,35.8,59.1,44.4,38.1,20.8,35.5,17.6,34.4,43.5,33.8,38.1
2026,Colgate,2026 Colgate,96.2,2.2,90.7,4,59.9,37.7,59.5,38.5,43.9,27.3,38,19.8,35.6,35,34.8,41.7
2026,Utah Tech,2026 Utah Tech,87.2,7,82,8,59.9,38.1,61.6,45.2,43.9,23.7,35.5,20.5,35,38.2,30.7,34.4
2026,UNC Wilmington,2026 UNC Wilmington,100,2.7,92.1,3.9,59.8,35.2,59.2,30.8,35.1,25.8,38.3,26.6,35.5,38.9,29.5,42.6
2026,Buffalo,2026 Buffalo,89.1,6.1,94.2,5.2,59.8,38.6,61.6,41.5,40.2,15.9,44.9,16.5,37.9,45.5,35.1,42
2026,LIU,2026 LIU,86.7,12.5,91.2,4.3,59.8,46.6,54.9,44.2,39.9,24.4,42.7,22.6,36.1,29,31.9,33.2
2026,Yale,2026 Yale,96.6,5.7,97.2,4,59.7,42.7,58.9,35.1,42.7,21.4,38.8,19.7,39.9,36,34.9,45.3
2026,South Dakota St.,2026 South Dakota St.,86.5,3.5,85.4,4.6,59.7,38.8,58.7,35.4,40.4,22.3,39.8,17.6,34,38.8,34.1,47
2026,Tennessee St.,2026 Tennessee St.,87.2,9.4,85.4,8.6,59.7,40.4,56.7,44.5,36.3,28.9,40.5,19.5,33.7,30.7,33.5,36
2026,Le Moyne,2026 Le Moyne,96.6,8.8,84.6,5.8,59.7,42.7,55.9,37,37.3,16.4,30.7,23.3,34.3,40.8,36,39.7
2026,California,2026 California,84.3,8.1,87.9,9.9,59.7,33.1,59.1,39.8,38.1,24.2,36.7,18.8,36.3,42.7,30.9,41.4
2026,Duquesne,2026 Duquesne,77.3,8.8,86.4,5.6,59.7,41.9,56.3,39.2,38.7,13.7,41.8,20.5,33.1,44.4,36.2,40.3
2026,Dayton,2026 Dayton,92.1,10.7,85.2,5.5,59.6,43.2,56,37.3,30.6,15.3,37.2,21.7,34.1,41.5,35.6,41
2026,Eastern Washington,2026 Eastern Washington,87.9,2.7,87.5,6.4,59.6,41,61.3,41.7,43.6,24.3,45.3,19.2,35.9,34.7,35.2,39
2026,Tulsa,2026 Tulsa,85,8.3,92.7,4.9,59.6,41.2,58.8,39.3,36.5,12.3,32.2,20.7,39.4,46.4,33.5,40.1
2026,Eastern Kentucky,2026 Eastern Kentucky,92.5,8.8,84.8,6.4,59.6,28.1,63.4,36.5,41,21.1,47.4,22,35,50.8,36.2,41.6
2026,South Alabama,2026 South Alabama,90.6,5,93.8,7.5,59.5,46.2,58.9,24.3,36.5,17.2,33.8,11.3,34.5,36.6,33,64.3
2026,Central Connecticut,2026 Central Connecticut,87.2,8.5,83.1,7,59.5,35.2,53.8,41,40.1,29.9,43,19.7,35.8,34.9,33.4,39.3
2026,Columbia,2026 Columbia,87.1,7.3,80,5.2,59.5,44.3,55.6,40.8,38,18.2,41,23.3,35.9,37.5,35.2,36
2026,Auburn,2026 Auburn,93.2,9.8,90.5,8.9,59.5,42,60.3,38.4,39.7,18.8,39.4,21.7,33.8,39.2,36.5,39.8
2026,Oregon,2026 Oregon,86.9,9.5,93.1,5.4,59.4,33.7,57.8,31.1,37.6,23.5,44.2,26.7,32.1,42.8,33.4,42.1
2026,Davidson,2026 Davidson,85.4,5,92.7,7.8,59.4,31.5,59,39,43,24.5,39.4,24,35.3,44,32.3,37.1
2026,Massachusetts,2026 Massachusetts,91.7,1.9,94.6,7.1,59.4,39.5,62.8,38.2,43.5,25.1,40.5,19.1,35.2,35.4,33,42.7
2026,Tennessee Martin,2026 Tennessee Martin,85.9,7.3,90.6,8.5,59.4,34.4,59.8,32,36.9,18.5,32,28.4,30.3,47.1,30.2,39.5
2026,Tulane,2026 Tulane,85.2,2.8,88,7.4,59.3,36.8,55.5,40.2,32.7,18.2,38.5,19.3,32,45,34.5,40.5
2026,San Diego,2026 San Diego,82.6,4.4,85.5,7.2,59.3,33.2,63.9,39.8,38.6,23.1,47.8,20.1,34.6,43.7,32.7,40.1
2026,Arkansas Pine Bluff,2026 Arkansas Pine Bluff,89.1,5.1,85.9,7.6,59.2,38.4,62.4,41.3,34.9,24.5,38.8,21.3,33.6,37.2,33.2,37.3
2026,Saint Joseph's,2026 Saint Joseph's,90.8,11.8,82.8,5,59.2,39.1,53.8,33.5,33.7,15.6,39.5,26.6,30.8,45.3,31.8,39.9
2026,Southern Illinois,2026 Southern Illinois,87.2,7.1,81.8,6.2,59.2,40.9,58,35.8,42.6,29.9,41,22.6,27.8,29.2,30.4,41.5
2026,TCU,2026 TCU,87.2,7.4,90.2,6.9,59.1,39.1,58.6,38.4,39.5,24.1,39.2,23.5,33.2,36.8,33.7,38.1
2026,Southeast Missouri St.,2026 Southeast Missouri St.,86.7,6.8,84,4.6,59.1,43.2,54.3,41,36.6,20.8,39,25.8,30.9,36,33.1,33.2
2026,Southeastern Louisiana,2026 Southeastern Louisiana,81.3,4.9,88,7.6,59,36.5,59.4,37.7,34.9,24.1,39,24.4,28.4,39.5,36,37.9
2026,Fresno St.,2026 Fresno St.,86,4.1,88.6,6.8,59,36.2,64.6,36.5,41.7,22.9,39,19.5,32.1,40.9,30.7,44
2026,Drake,2026 Drake,81.6,4.8,84.7,6.6,59,32,62.3,32.3,41.2,22.3,36.1,24.4,34,45.7,36.4,43.3
2026,Bradley,2026 Bradley,81.4,6.1,96.6,5.4,59,34.9,59.5,32.7,35.4,24.7,41.5,27.3,35.8,40.4,36.3,40
2026,West Virginia,2026 West Virginia,79.8,8.4,94.2,6.3,58.9,39.4,54.5,37.5,38.4,17.7,32.1,24.4,32.8,42.9,35,38.1
2026,Clemson 8,2026 Clemson,87.6,8.9,93.3,5.7,58.9,36.9,56.7,34,44.4,20.2,37.6,23,34.1,42.9,32.6,42.9
2026,Central Michigan,2026 Central Michigan,95.7,4.3,84.5,8.2,58.9,37.7,60.9,45.4,43.4,28.2,35.9,16.2,33.9,34,35.5,38.4
2026,St. John's,2026 St. John's,93.1,9.5,86.5,7.2,58.9,44.1,53.3,43,37,22.1,36.9,23.3,33.2,33.8,31.3,33.7
2026,American,2026 American,91.7,1.3,88.2,5.2,58.9,35.8,62.7,40.9,42.2,17.7,41,22.1,33,46.5,35.5,37
2026,Lindenwood,2026 Lindenwood,87.9,5.2,84.4,6.3,58.8,45.2,57.9,43.3,32.4,24.1,33.8,23.8,29.4,30.7,32.4,32.9
2026,Austin Peay,2026 Austin Peay,85.5,5.8,82.5,5.7,58.8,43.8,60.4,41.9,39.1,18.2,38.4,17.4,35.3,38,33.2,40.8
2026,Purdue Fort Wayne,2026 Purdue Fort Wayne,93.4,8.2,90.5,4.4,58.8,41,63.5,40,38.4,13.7,35.3,15.9,34.2,45.3,37.9,44.1
2026,Nebraska Omaha,2026 Nebraska Omaha,90.6,6.5,90.5,6.7,58.7,38.6,63.9,35.3,42.2,20.5,40.2,19.2,34,40.9,32.9,45.5
2026,The Citadel,2026 The Citadel,88.7,5.9,83.6,7,58.7,34.2,65.6,41.2,36.5,18,42.7,14.7,32,47.8,36.6,44.1
2026,Xavier,2026 Xavier,85.5,4.4,94.3,9.6,58.6,32.2,63,42,39.3,27.2,40,21.1,36.5,40.6,34.8,36.9
2026,East Texas A&M,2026 East Texas A&M,82.6,7.7,78.3,6.3,58.6,36.6,56.8,43.9,35.5,17.1,37,18.1,31.3,46.2,37.3,38
2026,Delaware,2026 Delaware,86.4,5.3,85.5,7.6,58.5,33.1,59.5,33.7,40.7,20.7,37.6,22.9,36.8,46.2,35.1,43.4
2026,Texas A&M,2026 Texas A&M,85.5,6.9,87.3,9.5,58.5,41.5,61.5,36.7,39,12.2,38.9,21.8,36.2,46.3,31.7,41.5
2026,Nicholls St.,2026 Nicholls St.,84.1,10.4,90.7,7,58.5,39.9,63,42.5,33.3,16.2,40,18.8,33.3,43.9,34.6,38.7
2026,Oklahoma St.,2026 Oklahoma St.,88.6,5.9,88,7.6,58.5,47.6,58,39.7,36.6,16.5,40.5,17.6,33.8,35.9,35.5,42.7
2026,Mount St. Mary's,2026 Mount St. Mary's,84.5,7.3,81,5.9,58.5,42.3,51.4,32.9,33.1,15.1,38.4,22.1,32.7,42.6,32.3,44.9
2026,McNeese St.,2026 McNeese St.,94.7,9.5,83.3,5.6,58.4,45.5,55,35,39.8,19.4,37.6,18.3,31.6,35.1,32.5,46.8
2026,Charleston Southern,2026 Charleston Southern,78.8,9.2,83,3.6,58.4,40.5,52.8,39.3,39.3,10,38.2,29.4,35.6,49.5,31.9,31.3
2026,Siena,2026 Siena,94.9,4.6,84.3,4.4,58.4,40.9,53.3,37.7,44.5,27.2,40,23,30.4,31.9,32.8,39.3
2026,Campbell,2026 Campbell,87.8,3.5,92.9,6.5,58.4,45.6,64.3,44.9,32.3,17.4,36.2,25.2,32.3,36.9,35.5,29.9
2026,Elon,2026 Elon,87,4.5,89.7,6.8,58.4,44.7,61.7,36.1,32.3,12.1,37.8,19.5,34.3,43.2,36.5,44.5
2026,Pittsburgh,2026 Pittsburgh,87.6,10.4,82.1,7.8,58.3,37.3,60.4,39.8,39.5,20.1,40,19.3,33.4,42.6,35.2,41
2026,Loyola Chicago,2026 Loyola Chicago,90.8,9.3,93.2,6.9,58.3,36.6,55.2,34.9,36.9,15.7,39.9,20.8,31.7,47.7,36.8,44.3
2026,Florida A&M,2026 Florida A&M,86.4,6.5,83.5,8.4,58.3,40.2,58.1,43,33.3,22.1,36.3,22.6,32.6,37.7,34.9,34.4
2026,Bucknell,2026 Bucknell,89.7,3.7,94.6,5.6,58.2,39.2,60.8,34.4,33.2,18,42.4,19.9,30.6,42.7,37,45.7
2026,Oakland,2026 Oakland,89.7,7,88.5,8.9,58.2,45,63.1,36.6,41.8,20.9,46.8,21.6,34.7,34,34.3,41.7
2026,Memphis,2026 Memphis,73.2,6.3,86.8,9.8,58.2,38,59.2,35.7,37.6,28.4,37.1,21.1,31.6,33.7,30.5,43.2
2026,Portland St.,2026 Portland St.,87.3,12.2,86.4,4.9,58.2,45.3,55.3,37.9,37.8,20.4,38.2,22.6,32.5,34.4,32.4,39.4
2026,Idaho St.,2026 Idaho St.,85.2,5.5,88.1,7.9,58.2,38.4,61.7,40.5,42.6,19.7,45.9,22.6,33.6,41.9,34.5,37
2026,Butler,2026 Butler,88.1,12.8,86.8,8.9,58.1,45.4,62.8,39,37.4,19.6,36.8,23.4,32.7,34.9,33.3,37.5
2026,Utah,2026 Utah,91.2,9.8,86.9,8.2,58,40.1,60.6,42.3,39.9,22.4,43.9,24,35.3,37.5,35.1,33.8
2026,Saint Mary's,2026 Saint Mary's,76.4,4.8,88.2,4.5,58,38.7,54,36.3,38.2,25.2,36.5,26.8,38.6,36.1,31.2,36.8
2026,San Francisco,2026 San Francisco,83.3,9.2,78.9,6.2,57.9,34.9,58.9,37.7,37.5,19,38.7,26.5,34.6,46.1,34.1,35.8
2026,Cal St. Northridge,2026 Cal St. Northridge,83.3,4,80,4.8,57.9,48.7,58.1,33.6,37.9,17.7,39.8,17.7,32.4,33.6,34.4,48.6
2026,Denver,2026 Denver,81,5.4,85.7,4.4,57.9,35.8,63,43.7,45.2,25.5,42.1,19.2,36.8,38.6,36.7,37
2026,North Texas,2026 North Texas,87.9,4.8,81.4,6.9,57.9,42.8,60,38.6,29.3,24.8,32.5,22.8,28.7,32.3,30.9,38.6
2026,Wyoming,2026 Wyoming,88.2,7.6,81.7,5.9,57.9,42.2,60.6,42.2,44,14.8,39.1,21.5,32.9,43,32.7,36.3
2026,Bowling Green,2026 Bowling Green,83.8,7.1,95.7,4.9,57.9,49.1,56.6,37.2,34.4,16.7,42.9,21.6,34.4,34.2,33.5,41.2
2026,UNC Greensboro,2026 UNC Greensboro,88.4,3.9,94.6,5.4,57.9,35.7,63.9,34,40.9,24.1,41.2,19.4,35.6,40.2,38,46.6
2026,St. Bonaventure,2026 St. Bonaventure,92.1,5.6,87.2,7,57.8,38.4,58.1,40.1,41.8,30.3,41.8,19.2,37.4,31.3,36,40.7
2026,Boise St.,2026 Boise St.,89.7,6.1,87.1,6.5,57.8,37.9,62.1,35.2,42.5,19,42.2,27.9,34.3,43.1,34.4,36.8
2026,UNC Asheville,2026 UNC Asheville,93.3,5.6,80.6,7,57.8,32.5,58.1,44.4,42.8,33.9,39,17.2,35.1,33.6,32.6,38.4
2026,Texas Southern,2026 Texas Southern,90.9,5,83.1,7,57.8,42,60,37.8,36.5,25.5,40.7,19,33.1,32.5,34.1,43.2
2026,Marist,2026 Marist,88.6,3.1,86,4.2,57.8,35.6,55.4,37.1,40.3,29.8,35.4,26.1,32.2,34.6,28.6,36.8
2026,Idaho,2026 Idaho,79.3,2.9,82.2,3.8,57.8,37.2,56.2,36.6,38.5,16,40.1,27.6,34.5,46.8,34.8,35.8
2026,Fordham,2026 Fordham,90.9,3.2,89.3,6.1,57.8,37.9,58,32.8,42.5,23.8,38.9,24.8,28.9,38.3,33.4,42.4
2026,VCU,2026 VCU,85.3,9.8,91,5.1,57.8,39.7,53.4,44.8,42.6,16.5,37.6,20.6,36.7,43.8,33.1,34.7
2026,Houston Christian,2026 Houston Christian,78.7,7.4,92.2,7.4,57.8,42.2,63,43.4,37.4,21.3,37.8,19.2,31.7,36.5,35,37.4
2026,Toledo,2026 Toledo,90.7,4.1,92.3,5.5,57.8,39.9,62,42.3,48.6,27.6,41.9,17.7,37,32.5,34.4,40
2026,Albany,2026 Albany,87.3,9.8,86.8,7,57.7,43,57.9,41.3,42,19.4,40.7,18.1,32.6,37.6,36,40.6
2026,Illinois Chicago,2026 Illinois Chicago,80.2,7.6,82.1,6.9,57.7,40.4,58.5,34.7,40.1,26.6,36.2,19,31.7,33,32.7,46.3
2026,Cal Poly,2026 Cal Poly,88.9,6.9,86.4,5.6,57.7,39.6,61.9,41.1,33.3,7.8,39.5,18.1,33,52.6,34.7,40.8
2026,Radford,2026 Radford,87,4.8,89.6,7.1,57.7,38.4,58.2,42.6,39.6,16.2,41.3,19.5,33.5,45.4,35.5,37.9
2026,Kent St.,2026 Kent St.,82.7,5,85.7,5.8,57.7,36.9,58.5,37.6,37.2,18.1,39.4,19.7,35.3,45,34.9,42.7
2026,Cal St. Fullerton,2026 Cal St. Fullerton,73.1,2.3,93.3,5.7,57.7,37.1,65.3,36.4,39.6,19.7,39.7,17.2,34.2,43.1,34,46.4
2026,Rhode Island,2026 Rhode Island,94.3,7.1,89.8,6,57.7,39.2,55.6,42.5,41.9,17.3,32.6,16,31.1,43.5,34.7,41.5
2026,Army,2026 Army,83.3,1.4,92.3,5.3,57.6,34.3,65.5,39.2,31.7,12.4,37.7,19.1,32,53.3,35.6,41.7
2026,Georgia Tech,2026 Georgia Tech,84.7,9.5,86.7,9.8,57.6,39.9,58,33.7,35.5,26.9,38,22,35.1,33.2,33.1,44.4
2026,Georgetown,2026 Georgetown,82.8,9.5,86.5,8.2,57.6,39.2,56.3,35.3,40.2,25.6,40.5,23.5,31.8,35.2,33.3,41.2
2026,Jacksonville,2026 Jacksonville,89.1,5.2,88.2,7.3,57.6,41.2,62.6,45.7,39.7,21.4,36.7,19,31.7,37.4,36.3,35.2
2026,SIU Edwardsville,2026 SIU Edwardsville,81,8,87.8,4.8,57.5,37.9,53.7,35.9,33.6,25.9,34.8,25.7,35,36.2,30.2,38.4
2026,New Mexico,2026 New Mexico,84.8,8.9,94.2,5.5,57.4,42.8,60.9,30.7,41.8,15.5,42.9,21.1,36.1,41.8,30.3,48.1
2026,North Florida,2026 North Florida,87.5,2.8,91,8.2,57.4,35.4,63.3,44.8,42.5,12.9,46,16.2,35,51.7,35.1,39
2026,Troy,2026 Troy,85.9,7.7,96.2,4.6,57.4,44.2,56,39.9,37.4,10.2,44.6,21.7,33.2,45.6,31.3,38.4
2026,Temple,2026 Temple,82.4,6.1,85.5,5.6,57.4,40.5,59.2,39.5,37.5,23.7,39,24.6,33.6,35.7,32.8,35.9
2026,Sacred Heart,2026 Sacred Heart,85.1,5.1,87.8,6.6,57.3,32.8,60.7,39.5,36.6,16.5,39.8,16.9,35.7,50.7,34.8,43.5
2026,Weber St.,2026 Weber St.,90.4,4.3,95.1,5.7,57.3,50,65.6,40.8,35.1,17.2,40.2,20.3,34.5,32.8,33.5,38.8
2026,Wofford,2026 Wofford,82,4.9,86.7,5.6,57.2,43,57.3,45.9,38,13.9,42.3,16.1,35,43.1,36.4,38
2026,Kennesaw St.,2026 Kennesaw St.,91,6.3,83.5,7.5,57.2,41.6,50.6,42.2,33.4,15.5,39.3,19.6,33.7,42.9,33.9,38.3
2026,DePaul,2026 DePaul,91.3,13.6,83.5,7.3,57.2,38.6,54.2,39.6,38.9,22.4,37,26.5,32.5,39,35.4,33.9
2026,South Dakota,2026 South Dakota,86.6,7.6,86.3,6.4,57.2,44.5,61.9,49,36,19.5,41.2,20.9,32.3,35.9,34.5,30
2026,Southern,2026 Southern,88.5,7.5,85,7.2,57.2,40.6,61.2,37.8,33.6,27.3,38,24.7,34.8,32.1,36.7,37.5
2026,New Orleans,2026 New Orleans,90.9,9,79.1,5.5,57.2,42,54.1,37.7,39.2,24.3,41.1,22.1,31.8,33.7,32.4,40.2
2026,Hofstra,2026 Hofstra,86.1,7.4,89.1,4.2,57.1,31.3,51.3,32.9,38.2,25.5,35.2,26.4,36.8,43.1,32.3,40.6
2026,Texas St.,2026 Texas St.,89.1,3.6,85.2,5.2,57.1,45.2,58.3,42.9,40.6,30.1,35.3,19.6,32.2,24.6,35.7,37.5
2026,Drexel,2026 Drexel,88.4,4.1,84.6,3.3,57.1,36.5,54.7,38.7,36.3,23.5,38.2,27.2,35.5,40,30.3,34.1
2026,Loyola MD,2026 Loyola MD,93.3,3.1,85.4,3.8,56.9,36.6,65.2,37.9,40.4,16.2,46.7,22.5,32.6,47.2,32.8,39.6
2026,Marquette,2026 Marquette,85.2,11.3,90.3,9.7,56.9,46.3,60.1,39.3,35.8,11.6,35.8,21.1,31.7,42.2,32.7,39.6
2026,Maine,2026 Maine,91.4,6,81.1,6.9,56.9,42.4,60.1,41.8,39.6,20.6,43.6,21.4,31.2,37,29.3,36.8
2026,Longwood,2026 Longwood,84.5,7.6,90.2,6.6,56.8,43.1,63.9,40.2,39.8,22.1,37.8,17.2,31.4,34.8,33.8,42.6
2026,Grambling St.,2026 Grambling St.,75.5,10.6,90.1,6.4,56.8,42.2,57.9,42.4,32.1,19.7,36.6,22.4,32.3,38.1,32.7,35.2
2026,Lafayette,2026 Lafayette,93.8,1.5,91.7,5.4,56.8,41.4,62.4,38,35.1,18.8,39.1,24,32.2,39.8,36,38
2026,West Georgia,2026 West Georgia,86.5,4.1,81,7.4,56.7,35.8,60.9,46.2,41.4,31.3,41.2,16.4,33.1,33,33.1,37.4
2026,Tennessee Tech,2026 Tennessee Tech,91.7,7.2,82.4,6.3,56.7,41.9,59.5,39.3,37.4,21.6,35.4,24.6,31.1,36.5,35.8,36.1
2026,New Mexico St.,2026 New Mexico St.,88.6,7.4,88.5,6.3,56.7,33,59,36.7,38.9,28.3,31.9,22,32.4,38.7,32.4,41.3
2026,Stephen F. Austin,2026 Stephen F. Austin,83.7,3.8,76.5,4.5,56.7,35.7,53.2,41,40.8,24.7,42.3,24,36,39.6,30.4,35
2026,Monmouth,2026 Monmouth,89.7,5.4,81.1,6.3,56.7,37.4,56.2,41.2,38.1,28.2,36.2,20.5,34.2,34.4,33.9,38.3
2026,Maryland Eastern Shore,2026 Maryland Eastern Shore,82,4.7,89.5,7.8,56.7,40.1,59.6,40.4,39.6,26.4,33.8,19.9,29,33.5,33.5,39.7
2026,Iona,2026 Iona,80,6.8,94,5.7,56.6,37.3,58.5,38.8,39.1,16.9,36.9,20.5,35.1,45.9,30.6,40.7
2026,Binghamton,2026 Binghamton,90.1,10.2,81,6.4,56.6,45,59.3,42.2,39.4,24.2,44.3,18.6,32.5,30.9,35.8,39.2
2026,Oregon St.,2026 Oregon St.,84.1,6.5,82.3,7,56.5,34.1,56,38.8,36.7,21.7,41.2,19.6,35,44.3,32.9,41.5
2026,Mercyhurst,2026 Mercyhurst,92.9,1.1,91,6,56.5,34.4,57.8,44.4,43.6,34.5,37.2,21.9,32.1,31.1,32.3,33.6
2026,Seattle,2026 Seattle,83.8,6.9,64.1,5.9,56.5,39.4,53.4,37.7,37.4,21.6,40.3,24.8,32.6,39,32.4,37.4
2026,Valparaiso,2026 Valparaiso,93.4,6.5,88,7.2,56.5,31.1,61.8,40.5,35.4,32.1,34.1,22.5,33.9,36.8,32.1,37
2026,San Jose St.,2026 San Jose St.,81.3,2.8,93.3,9.6,56.5,30.9,66.6,43.2,38.8,30.8,40.8,17.6,35.3,38.3,36,39.3
2026,Fairleigh Dickinson,2026 Fairleigh Dickinson,100,1.9,93.4,6.6,56.4,35.2,61.9,36.5,34.5,19.6,41.7,22.9,30.3,45.2,37.8,40.5
2026,Boston College,2026 Boston College,88,9.6,80.7,7.5,56.4,31.3,57.6,38.7,40.5,26.3,35.9,22.3,29.4,42.4,31.9,39
2026,FIU,2026 FIU,93.1,6.1,85.1,9.1,56.4,45.3,55.3,39.5,36.4,22,42.4,15.4,34.7,32.7,36.2,45.1
2026,Northern Arizona,2026 Northern Arizona,95.7,4.6,81.4,7.1,56.4,37.9,62.4,43.3,42.1,25.4,39.7,16.6,35.6,36.7,38.7,40
2026,Hampton,2026 Hampton,85,3.7,90.3,6.8,56.3,36.2,64.3,41.3,34.6,26.8,36.8,25,28.8,37.1,32.1,33.6
2026,Sam Houston St.,2026 Sam Houston St.,85.4,4.1,94.9,5.7,56.3,42.2,61.8,38,39,21.8,36.3,20.4,37.3,36,32.3,41.6
2026,Brown,2026 Brown,85.4,5.2,89.6,8.5,56.2,45.1,56,38.6,36.3,18.5,44.1,18.4,30.3,36.3,33.5,43
2026,Georgia Southern,2026 Georgia Southern,85.3,3.1,87.8,7.8,56.2,38.2,59.9,42.4,42.3,12.9,36.3,18.1,33.4,48.9,34.3,39.5
2026,Milwaukee,2026 Milwaukee,85.2,4.6,92.8,7.7,56.2,40.2,62.1,42.4,40.8,21.7,41.1,17.4,32.3,38.1,36.5,40.2
2026,Wichita St.,2026 Wichita St.,88.1,7.7,76.9,6.2,56.1,38.9,54.9,35.2,38.8,27,39.6,31,33.5,34.1,30.9,33.8
2026,Morehead St.,2026 Morehead St.,85.4,3.5,90.9,8,56.1,40.2,55.9,40.3,40.8,29.2,35.9,20.7,32,30.5,34.5,39
2026,Rice,2026 Rice,86.3,5.3,93.9,6.1,55.9,28.6,63.2,36.2,36.1,27.3,35.4,28.3,34.3,44.1,34,35.5
2026,UC Riverside,2026 UC Riverside,77.5,6.6,84,7.8,55.9,42.5,59.9,45.6,36.7,19.1,41.4,22.7,31.6,38.4,33.5,31.7
2026,Bryant,2026 Bryant,83.1,7.9,86.7,7.9,55.9,38,57.6,45.7,29.3,14.1,37.3,18.4,30,47.9,36.3,35.8
2026,Maryland,2026 Maryland,96.2,5.2,86.3,8.9,55.8,32.7,61.8,37.4,37.1,20.4,40.2,19.5,31.7,46.9,36.3,43.1
2026,UMKC,2026 UMKC,70.9,5.1,84.4,8.4,55.8,35.9,62.9,43.4,36.8,27.3,39.9,17.6,28.4,36.8,37.6,39
2026,Detroit Mercy,2026 Detroit Mercy,87.5,1.3,95.1,8,55.8,33.6,60.1,41.5,40.8,35.6,37.4,15.9,35.1,30.7,33.3,42.6
2026,Winthrop,2026 Winthrop,78,3.8,83.6,5.2,55.7,39.1,59,36.3,35.7,16.8,42.6,20.9,33.2,44.1,32.9,42.8
2026,Prairie View A&M,2026 Prairie View A&M,92.9,2.2,89.9,7.2,55.6,38.4,56.8,44.8,36.3,30.7,34.6,22.5,33.2,30.9,35,32.7
2026,South Florida,2026 South Florida,82,13.6,81,6.6,55.6,46.8,54.1,35.7,33.3,9.4,36,24.8,33.1,43.8,33.9,39.5
2026,Louisiana Tech,2026 Louisiana Tech,84.1,11,77.8,4,55.5,42.7,52,35.8,39.4,23.9,35.9,17.3,28.5,33.4,33.9,46.9
2026,Alcorn St.,2026 Alcorn St.,86.2,5.4,92.5,10,55.5,40.3,66.4,46.1,32.4,26,37.6,18.8,33.3,33.7,33,35.1
2026,Alabama A&M,2026 Alabama A&M,90.5,6.9,92.9,7.9,55.5,39.5,61.6,41.2,35.7,26.6,32.9,22.3,35,34,35.4,36.5
2026,North Dakota,2026 North Dakota,72.7,2.9,94,8.3,55.5,43.4,62.7,44,34.1,15.9,38.8,13.1,32.7,40.6,37.1,42.9
2026,Saint Francis,2026 Saint Francis,78.6,4,87.8,7.5,55.4,39,68.2,42.3,34.3,23.3,39.8,16.8,34.2,37.8,38.1,40.9
2026,Pacific,2026 Pacific,79.7,6.1,78.4,3.8,55.3,41.2,57.4,29.5,44.2,23.4,39.1,27.6,35.8,35.3,34.7,42.8
2026,Rutgers,2026 Rutgers,91.2,5.4,92.9,7.3,55.3,32.5,61.5,36.8,38.1,32.8,39,24.3,32.8,34.6,35.8,39
2026,Norfolk St.,2026 Norfolk St.,82.4,3.1,86.3,8.9,55.3,43,61.1,39.4,37.1,26.3,40.4,19,34.2,30.6,32,41.6
2026,Dartmouth,2026 Dartmouth,96.7,4.2,89.6,5.1,55.3,34.2,58.8,43.8,37.8,17.2,38.9,17,36.1,48.7,34.6,39.2
2026,Oral Roberts,2026 Oral Roberts,78.9,6.1,82.8,5.7,55.3,38.7,55.7,46.6,40.8,15.8,42.7,16.8,32,45.6,37.4,36.6
2026,Pepperdine,2026 Pepperdine,74.3,3.3,87.4,7.9,55.3,36,60.6,41.5,37.4,24.8,42,18.1,31.4,39.2,35.5,40.3
2026,Cal St. Bakersfield,2026 Cal St. Bakersfield,90.2,4.9,81.6,6.9,55.2,38.9,59.6,41.2,36,32.1,42,19.8,29,28.9,36,39
2026,Towson,2026 Towson,81.8,4.5,86.4,5.6,55.2,35,56.6,36.6,39.2,30.1,39.1,22,29.4,34.9,30.9,41.4
2026,Mississippi Valley St.,2026 Mississippi Valley St.,85.2,4.4,87.5,9.3,55.2,31.1,63,38.6,37.9,38.7,39.5,18.9,29.5,30.2,37.2,42.5
2026,Gardner Webb,2026 Gardner Webb,66.7,4.1,85.8,9.6,55.2,42.4,66.6,42.4,32.9,17.8,39.5,16.6,31,39.8,36,41
2026,UC Irvine,2026 UC Irvine,85.5,4.5,71.2,4.1,55.1,43.2,46.6,38.9,40.3,28.5,36.2,23.3,33.9,28.2,33.3,37.8
2026,Western Carolina,2026 Western Carolina,85,3.8,89.2,6.9,55,38.6,60.9,36.5,42.2,20.4,43.6,19.8,33.5,40.9,36.7,43.7
2026,Holy Cross,2026 Holy Cross,92.3,2.4,97.8,4.1,55,32.2,62.8,41.9,45.5,30.5,45,19.1,32.5,37.3,34,39
2026,Niagara,2026 Niagara,81.1,5.8,88,5.3,55,43.6,59.3,38.8,38.3,15.9,40.4,20.7,33.7,40.5,35.3,40.4
2026,Quinnipiac,2026 Quinnipiac,89.3,8.1,85.2,6.7,54.8,43.9,53.4,42.9,30.9,22.4,34.5,21.7,34,33.7,34.9,35.4
2026,North Alabama,2026 North Alabama,83,5.1,90.3,7.8,54.8,46.3,60.7,41.2,35.9,20,45.3,15.5,30.7,33.7,35.7,43.3
2026,USC Upstate,2026 USC Upstate,75.6,4,78.2,5,54.8,41.2,55.3,42.6,38.5,23.1,38,21.3,31.4,35.6,35.6,36.1
2026,Sacramento St.,2026 Sacramento St.,79.5,4.1,86.7,7.8,54.7,38.1,61.2,41.8,34.8,26.3,44.2,14.5,31.9,35.6,35.2,43.7
2026,Alabama St.,2026 Alabama St.,88.5,6.8,89.7,8.2,54.6,39.1,61.9,39.9,33.3,22.4,34.3,19.7,31.8,38.5,34.2,40.4
2026,Eastern Illinois,2026 Eastern Illinois,77.8,3.9,86,10.7,54.5,39.7,61.6,39.8,32.4,30.4,35.3,19.1,31.7,29.9,31.7,41.2
2026,Seton Hall,2026 Seton Hall,85.9,7,81.5,8.1,54.4,47.4,52.5,39.7,37.1,25.8,32.6,18.1,30.5,26.8,32.4,42.2
2026,NJIT,2026 NJIT,85.5,5.7,78,7.4,54.4,33.8,58.3,41.7,38.6,26.1,34,17.7,30.4,40.1,32.3,40.7
2026,Coppin St.,2026 Coppin St.,83.3,5.1,85.2,9.1,54.3,41,61.1,39.6,31.1,23.9,37.2,17.2,30.7,35.2,38.3,43.2
2026,Stanford,2026 Stanford,87.5,4.6,83.1,6.1,54.2,39.7,58.4,41.7,40.9,16.1,39.7,24.7,35.6,44.2,33.7,33.5
2026,UMass Lowell,2026 UMass Lowell,93.1,4.8,89.3,8.7,54.2,48,59.4,46,41.8,20.7,42.4,19,32.2,31.3,34.6,35
2026,East Carolina,2026 East Carolina,91.5,9.6,91.6,7.4,54.2,39.4,59.3,37.3,38.6,29.5,41.1,23.9,29.3,31.1,34.9,38.8
2026,Incarnate Word,2026 Incarnate Word,85.2,2.8,87.2,8,54.2,37.8,62.6,44.4,37.2,23.1,41.5,20.2,36.1,39.1,34.4,35.4
2026,Abilene Christian,2026 Abilene Christian,84.2,5.2,85.1,8.5,54.1,41.2,61,48.8,38.3,26,39.2,21.3,31,32.8,40.9,30
2026,Tarleton St.,2026 Tarleton St.,81.5,4.5,85.2,6.9,54,45,59.6,38.2,39.7,30.8,44.9,21.2,32.5,24.2,34.9,40.7
2026,Howard,2026 Howard,92,8.2,89.2,6.1,53.9,48.9,56.3,43.8,38.1,16.8,32.5,22.2,34.7,34.3,30.4,34
2026,UT Arlington,2026 UT Arlington,77.4,7.5,87.7,5.1,53.9,48.6,58,39.3,36.8,20.8,41,28.3,29.1,30.7,26.9,32.3
2026,Stony Brook,2026 Stony Brook,84.9,5.6,82.2,4.4,53.8,33.7,57.6,36.5,39.8,20.5,35.2,23.6,34.8,45.8,35.7,39.8
2026,Coastal Carolina,2026 Coastal Carolina,79.5,4.1,77.8,2.9,53.8,30.5,50.1,33.5,37.2,26.4,40.5,30.8,33.5,43.1,32.8,35.7
2026,North Carolina Central,2026 North Carolina Central,88.6,7.8,90.9,9.3,53.8,44.2,61.8,40.7,32.5,21.9,38.6,18.7,32.6,33.9,36.4,40.6
2026,Lamar,2026 Lamar,91.5,5.2,93.9,6.8,53.8,33.2,59.1,39.9,40.1,32.9,33.2,22.6,32.9,33.9,35.3,37.5
2026,VMI,2026 VMI,80,3.2,89.6,7.2,53.7,32.3,66.5,34.4,34.6,14.2,45.2,19,31.5,53.6,36.5,46.5
2026,Merrimack,2026 Merrimack,84.1,4.5,88.6,5.5,53.7,41.7,51.8,42.1,33.5,12.2,39.7,25.3,32.7,46.1,30.3,32.6
2026,Penn,2026 Penn,90.6,2.9,77.8,6.2,53.7,37.4,61.4,40.6,36,27.6,40.3,20.2,38.7,35,31.7,39.3
2026,Western Michigan,2026 Western Michigan,87.8,3.7,88.7,6.4,53.6,39.3,61.5,38.4,39.4,24.6,39.4,17.8,35.3,36.1,36.1,43.7
2026,Nevada,2026 Nevada,87,5.3,76.1,6.3,53.6,39.8,54.9,38.7,38.8,27.8,43.2,18.9,36.2,32.3,34.1,42.4
2026,Louisiana Monroe,2026 Louisiana Monroe,78.8,8.4,84.1,7.9,53.6,38.8,65.8,39.8,34.9,19.3,42,17.9,32.2,41.9,36.9,42.3
2026,South Carolina St.,2026 South Carolina St.,76.5,4.6,88.1,10,53.5,33.8,61.7,46.7,35.8,33,38.7,14.4,34,33.3,33.5,38.9
2026,Ball St.,2026 Ball St.,86.2,2.9,89.1,5.9,53.4,41.8,61.1,36.3,32.9,18.9,39.9,22.5,31.4,39.4,34.8,41.2
2026,Princeton,2026 Princeton,73.3,3.6,93.2,6.4,53.3,34.8,61.6,40.2,40.6,20.7,43,18.5,33.9,44.5,31.1,41.4
2026,Texas A&M Corpus Chris,2026 Texas A&M Corpus Chris,83.3,3.9,87.5,5.7,53.2,45.8,58.8,41.4,37.9,22.9,38.7,23.7,35,31.4,31.6,34.9
2026,Northwestern St.,2026 Northwestern St.,78.9,3.7,90.7,8.3,53.1,37.5,60.4,39.8,41.3,28.6,39.5,22.2,33.2,33.9,35.5,37.9
2026,Fairfield,2026 Fairfield,88.2,3.8,87.3,4.5,52.9,41.8,56.1,46.3,39.5,22.8,37.1,17.8,33.2,35.4,34.3,35.9
2026,Northern Illinois,2026 Northern Illinois,84.1,5.2,91.5,7.2,52.9,42,63.1,44.6,34.5,13,39.1,17.7,30.9,45,36.3,37.7
2026,New Hampshire,2026 New Hampshire,76,5.3,89.4,6.5,52.3,41.7,60,44,33.9,15.2,42.3,19.1,30.5,43.1,34.3,36.9
2026,Louisiana,2026 Louisiana,84.8,3,90.5,6.9,52.2,27,59.4,44.4,38.7,32.5,35.6,19.4,33.6,40.5,35.6,36.2
2026,Jacksonville St.,2026 Jacksonville St.,96.6,3,91.3,5.1,52.2,45.7,55.8,38.1,33.9,16.1,36.4,18.9,35.7,38.1,33.3,42.9
2026,La Salle,2026 La Salle,89.7,3.2,88.5,7.6,52.1,40.3,62.2,39.3,36.2,28.2,40.4,18.5,30,31.5,36.5,42.2
2026,Morgan St.,2026 Morgan St.,79.3,2.8,90.1,7.6,52,39,59.5,48.1,34.1,25.8,39.9,20,31.7,35.2,31.5,31.9
2026,Saint Peter's,2026 Saint Peter's,92.4,7.9,84.2,8,51.6,39.4,51.9,44.3,36.7,21.9,39.5,20.2,31,38.7,32.1,35.5
2026,Western Kentucky,2026 Western Kentucky,65.7,6.2,79.5,8.9,51.5,40.3,58.8,33.4,34.6,20.3,40.1,24.3,33.4,39.4,34.3,42.3
2026,UTSA,2026 UTSA,85.7,5.6,82.9,12.8,51.2,37.5,60.9,39.9,35.3,21.2,36.8,16.8,29.2,41.3,35.1,43.3
2026,Jackson St.,2026 Jackson St.,83.8,3.4,83.8,12.2,51.2,32.1,63.3,41,36.1,24.6,32.7,19.3,31.4,43.3,34.8,39.7
2026,Stonehill,2026 Stonehill,89.2,3.5,87.7,5.2,51.2,42.9,53.8,41.8,34.4,16.6,35.1,25.8,31.7,40.5,33.4,32.4
2026,Cal Baptist,2026 Cal Baptist,80.7,8.6,72.1,5.3,51.1,47,51.9,42.2,40,20.8,39.7,26,33.7,32.1,29.7,31.7
2026,Georgia St.,2026 Georgia St.,74.4,4.3,89.8,8,51,29.2,57.9,40.4,34.5,28.4,38.1,20.6,30.6,42.4,33.1,39
2026,Delaware St.,2026 Delaware St.,82.1,2.7,87.5,6,50.9,37.9,63.7,45.6,34.2,33.2,34,19.7,28.4,28.9,33,34.7
2026,Chicago St.,2026 Chicago St.,91.7,1,97.5,9.7,50.8,33.8,67.3,36.4,37.6,35.3,39.3,12.8,32.1,30.9,35.6,50.8
2026,Manhattan,2026 Manhattan,92,2.2,94.8,8,50.6,39,59.5,40.8,43.2,23.9,41.4,21.2,32,37.1,36.6,38
2026,Western Illinois,2026 Western Illinois,96,2.4,94.5,8.4,50.5,39.2,63.4,44.3,33.6,27.6,35.9,21,30.9,33.3,35.6,34.6
2026,Rider,2026 Rider,81.1,3.1,91.8,7.5,49.9,37.3,57.4,45.2,36.2,35.3,43.5,14.8,27.7,27.5,37.9,39.9
2026,Wagner,2026 Wagner,81.8,4.3,86.4,6.6,49.6,40.3,54.8,42.1,41.3,23.6,40.5,22.1,36.6,36.1,34.3,35.8
2026,Southern Indiana,2026 Southern Indiana,79.4,6.3,85.4,6.8,49.5,39.3,56.2,47.8,30.6,20.9,34.4,25,29.9,39.7,34.1,27.1
2026,Canisius,2026 Canisius,78.7,4.8,85.7,7.6,47.3,37.2,60.9,38.1,38.6,23.3,40.3,17.9,33.3,39.5,33,44