year,team,region,seed,tier,overall,offense,defense,pct_round_2,pct_sweet_16,pct_elite_eight,pct_final_four,pct_championship,pct_champion,bracket_value,5man_bpm,3man_bpm,elite_outcome_probability,efg%,def_rim_efficiency
2015,Villanova,Region 2,1,S,8.02,7.07,6.84,0.0,0.0,0.0,0.0,0.0,0.0,0.0,32.4,24.4,3,55.3,16.0195
2015,Virginia,Region 2,2,A,7.88,5.11,8.53,0.0,0.0,0.0,0.0,0.0,0.0,0.0,31.7,23.8,0,51.2,15.5903
2015,Oklahoma,Region 2,3,A,6.6,3.92,7.97,0.0,0.0,0.0,0.0,0.0,0.0,0.0,31.4,22.5,1,49.4,14.6558
2015,Louisville,Region 2,4,B,6.56,4.42,7.99,0.0,0.0,0.0,0.0,0.0,0.0,0.0,23.3,22.5,2,47.8,14.5128
2015,Northern Iowa,Region 2,5,B,6.8,5.57,6.67,0.0,0.0,0.0,0.0,0.0,0.0,0.0,26.6,22.3,2,56.2,11.2189
2015,Providence,Region 2,6,C,5.97,4.98,5.63,0.0,0.0,0.0,0.0,0.0,0.0,0.0,23.4,20.8,1,48.6,15.3271
2015,Michigan St.,Region 2,7,C,6.83,5.59,6.34,0.0,0.0,0.0,0.0,0.0,0.0,0.0,35.1,23.7,2,53.8,14.897000000000002
2015,North Carolina St.,Region 2,8,C,5.14,3.62,5.41,0.0,0.0,0.0,0.0,0.0,0.0,0.0,16.9,15.2,1,49.6,16.2088
2015,LSU,Region 2,9,D,5.09,3.86,6.57,0.0,0.0,0.0,0.0,0.0,0.0,0.0,21.8,13.8,1,50.5,16.1392
2015,Georgia,Region 2,10,C,5.46,3.96,6.04,0.0,0.0,0.0,0.0,0.0,0.0,0.0,17.8,16.7,0,48.9,11.7258
2015,Dayton,Region 2,11,B,4.66,3.99,5.17,0.0,0.0,0.0,0.0,0.0,0.0,0.0,17.3,14.0,0,52.8,12.9827
2015,Wyoming,Region 2,12,D,4.11,4.58,5.56,0.0,0.0,0.0,0.0,0.0,0.0,0.0,12.0,13.4,0,52.1,8.150599999999999
2015,UC Irvine,Region 2,13,D,4.36,3.05,5.85,0.0,0.0,0.0,0.0,0.0,0.0,0.0,12.9,11.3,2,50.7,15.7216
2015,Albany,Region 2,14,F,2.76,2.01,3.14,0.0,0.0,0.0,0.0,0.0,0.0,0.0,8.8,8.5,0,50.1,15.6371
2015,Belmont,Region 2,15,F,3.15,3.8,3.08,0.0,0.0,0.0,0.0,0.0,0.0,0.0,10.7,9.5,2,56.5,11.6225
2015,Lafayette,Region 2,16,F,1.73,2.95,1.69,0.0,0.0,0.0,0.0,0.0,0.0,0.0,3.6,3.8,3,56.3,14.1548
2015,Kentucky,Region 1,1,S,9.92,8.42,10.0,0.0,0.0,0.0,0.0,0.0,0.0,0.0,45.0,32.1,2,51.8,17.4757
2015,Kansas,Region 1,2,A,6.98,4.48,6.66,0.0,0.0,0.0,0.0,0.0,0.0,0.0,25.8,20.3,3,49.3,16.33
2015,Notre Dame,Region 1,3,A,6.89,6.94,5.67,0.0,0.0,0.0,0.0,0.0,0.0,0.0,30.0,22.7,4,58.6,13.3297
2015,Maryland,Region 1,4,C,6.31,4.63,6.53,0.0,0.0,0.0,0.0,0.0,0.0,0.0,23.9,19.0,2,50.9,13.4197
2015,West Virginia,Region 1,5,B,5.76,4.09,4.39,0.0,0.0,0.0,0.0,0.0,0.0,0.0,20.0,13.6,2,46.6,15.588400000000002
2015,Butler,Region 1,6,B,5.76,3.99,6.14,0.0,0.0,0.0,0.0,0.0,0.0,0.0,28.5,20.2,1,49.1,13.666899999999998
2015,Wichita St.,Region 1,7,B,7.15,5.07,7.1,0.0,0.0,0.0,0.0,0.0,0.0,0.0,34.9,27.1,2,50.7,14.3926
2015,Cincinnati,Region 1,8,C,5.73,4.02,6.61,0.0,0.0,0.0,0.0,0.0,0.0,0.0,24.3,19.9,2,50.4,19.8996
2015,Purdue,Region 1,9,D,5.67,5.01,5.97,0.0,0.0,0.0,0.0,0.0,0.0,0.0,22.6,18.2,2,50.7,13.4966
2015,Indiana,Region 1,10,C,5.04,4.76,4.01,0.0,0.0,0.0,0.0,0.0,0.0,0.0,17.6,16.2,4,54.6,14.6385
2015,Texas,Region 1,11,C,6.09,4.04,6.82,0.0,0.0,0.0,0.0,0.0,0.0,0.0,21.0,15.9,1,49.4,14.6894
2015,Buffalo,Region 1,12,D,4.34,3.47,4.57,0.0,0.0,0.0,0.0,0.0,0.0,0.0,15.6,12.7,2,48.6,17.1451
2015,Valparaiso,Region 1,13,D,5.01,3.55,5.77,0.0,0.0,0.0,0.0,0.0,0.0,0.0,15.0,14.3,2,51.4,12.549
2015,Northeastern,Region 1,14,F,3.13,3.65,3.22,0.0,0.0,0.0,0.0,0.0,0.0,0.0,9.1,9.8,2,54.6,18.0688
2015,New Mexico St.,Region 1,15,D,4.52,4.75,5.38,0.0,0.0,0.0,0.0,0.0,0.0,0.0,16.6,15.7,2,51.0,16.709600000000002
2015,Hampton,Region 1,16,F,0.64,0.0,3.11,0.0,0.0,0.0,0.0,0.0,0.0,0.0,-9.1,-1.9,1,45.8,16.7215
2015,Duke,Region 3,1,S,8.0,7.84,6.78,0.0,0.0,0.0,0.0,0.0,0.0,0.0,38.2,25.8,4,56.9,15.1202
2015,Gonzaga,Region 3,2,A,7.86,7.5,7.86,0.0,0.0,0.0,0.0,0.0,0.0,0.0,34.7,26.1,2,58.4,13.3752
2015,Iowa St.,Region 3,3,B,6.66,5.69,5.83,0.0,0.0,0.0,0.0,0.0,0.0,0.0,27.7,20.2,2,54.7,10.2457
2015,Georgetown,Region 3,4,C,6.37,5.46,5.86,0.0,0.0,0.0,0.0,0.0,0.0,0.0,23.2,20.9,2,50.9,16.8483
2015,Utah,Region 3,5,A,8.11,6.86,8.06,0.0,0.0,0.0,0.0,0.0,0.0,0.0,39.3,29.5,2,55.6,15.850899999999998
2015,SMU,Region 3,6,C,6.21,5.86,6.11,0.0,0.0,0.0,0.0,0.0,0.0,0.0,26.2,20.4,1,52.4,11.8823
2015,Iowa,Region 3,7,C,6.61,5.29,7.27,0.0,0.0,0.0,0.0,0.0,0.0,0.0,25.9,24.2,2,47.8,11.2164
2015,San Diego St.,Region 3,8,C,5.95,2.6,7.99,0.0,0.0,0.0,0.0,0.0,0.0,0.0,22.3,16.9,2,46.7,13.7106
2015,St. John's,Region 3,9,C,5.0,3.24,6.37,0.0,0.0,0.0,0.0,0.0,0.0,0.0,14.3,17.8,2,49.3,14.468999999999998
2015,Davidson,Region 3,10,C,5.72,5.07,4.83,0.0,0.0,0.0,0.0,0.0,0.0,0.0,27.8,22.0,4,56.0,15.2831
2015,UCLA,Region 3,11,C,4.77,4.29,5.07,0.0,0.0,0.0,0.0,0.0,0.0,0.0,19.6,16.7,0,49.4,14.5093
2015,Stephen F. Austin,Region 3,12,C,5.56,6.4,4.05,0.0,0.0,0.0,0.0,0.0,0.0,0.0,18.2,20.2,4,56.2,21.5594
2015,Eastern Washington,Region 3,13,F,3.24,4.06,2.35,0.0,0.0,0.0,0.0,0.0,0.0,0.0,7.3,11.6,3,55.4,16.6426
2015,UAB,Region 3,14,F,3.04,2.25,4.28,0.0,0.0,0.0,0.0,0.0,0.0,0.0,6.0,8.7,1,47.8,18.4232
2015,North Dakota St.,Region 3,15,F,2.26,1.23,3.48,0.0,0.0,0.0,0.0,0.0,0.0,0.0,2.0,5.3,1,49.2,14.127
2015,Robert Morris,Region 3,16,F,2.46,2.17,3.87,0.0,0.0,0.0,0.0,0.0,0.0,0.0,4.7,10.9,2,50.5,16.037000000000003
2015,Wisconsin,Region 4,1,S,8.46,7.46,7.88,0.0,0.0,0.0,0.0,0.0,0.0,0.0,44.9,33.8,2,54.6,13.77
2015,Arizona,Region 4,2,S,8.13,7.13,7.69,0.0,0.0,0.0,0.0,0.0,0.0,0.0,36.2,28.2,0,53.6,11.693600000000002
2015,Baylor,Region 4,3,A,6.84,5.33,6.45,0.0,0.0,0.0,0.0,0.0,0.0,0.0,33.6,25.7,3,49.8,12.7314
2015,North Carolina,Region 4,4,A,7.43,6.32,6.76,0.0,0.0,0.0,0.0,0.0,0.0,0.0,37.1,24.5,2,51.4,13.453200000000002
2015,Arkansas,Region 4,5,C,6.13,5.18,5.64,0.0,0.0,0.0,0.0,0.0,0.0,0.0,25.9,19.3,2,50.2,16.356
2015,Xavier,Region 4,6,C,5.43,4.92,4.79,0.0,0.0,0.0,0.0,0.0,0.0,0.0,20.7,16.2,0,53.0,12.875799999999998
2015,VCU,Region 4,7,C,5.69,3.46,5.22,0.0,0.0,0.0,0.0,0.0,0.0,0.0,18.9,17.8,2,48.8,16.8604
2015,Oregon,Region 4,8,F,4.94,3.84,4.53,0.0,0.0,0.0,0.0,0.0,0.0,0.0,16.4,13.9,1,52.1,14.450400000000002
2015,Oklahoma St.,Region 4,9,C,5.23,4.07,5.77,0.0,0.0,0.0,0.0,0.0,0.0,0.0,22.9,16.6,1,50.1,15.737400000000004
2015,Ohio St.,Region 4,10,B,6.44,5.86,6.48,0.0,0.0,0.0,0.0,0.0,0.0,0.0,28.7,21.1,2,54.5,16.650000000000002
2015,Mississippi,Region 4,11,C,5.04,4.04,4.77,0.0,0.0,0.0,0.0,0.0,0.0,0.0,17.0,15.8,2,48.2,14.426400000000005
2015,Wofford,Region 4,12,F,4.17,2.9,5.0,0.0,0.0,0.0,0.0,0.0,0.0,0.0,12.1,11.9,0,51.6,12.1033
2015,Harvard,Region 4,13,D,4.07,2.32,5.23,0.0,0.0,0.0,0.0,0.0,0.0,0.0,15.4,14.1,0,47.3,19.3758
2015,Georgia St.,Region 4,14,D,4.13,4.08,4.86,0.0,0.0,0.0,0.0,0.0,0.0,0.0,11.4,11.1,1,51.9,17.6196
2015,Texas Southern,Region 4,15,F,1.95,1.42,2.83,0.0,0.0,0.0,0.0,0.0,0.0,0.0,-0.6,2.3,1,49.4,16.3152
2015,Coastal Carolina,Region 4,16,F,2.56,2.01,3.43,0.0,0.0,0.0,0.0,0.0,0.0,0.0,5.4,7.8,1,49.9,12.8477
2016,North Carolina,Region 2,1,S,7.98,6.82,6.97,0.0,0.0,0.0,0.0,0.0,0.0,0.0,39.8,27.2,3,52.1,12.450400000000002
2016,Xavier,Region 2,2,C,6.52,5.69,5.29,0.0,0.0,0.0,0.0,0.0,0.0,0.0,23.7,19.5,1,51.5,12.4108
2016,West Virginia,Region 2,3,B,6.79,5.86,5.19,0.0,0.0,0.0,0.0,0.0,0.0,0.0,24.3,16.5,1,50.2,17.8408
2016,Kentucky,Region 2,4,A,7.62,7.53,6.98,0.0,0.0,0.0,0.0,0.0,0.0,0.0,35.4,29.0,2,53.7,17.9626
2016,Indiana,Region 2,5,B,6.46,6.6,4.83,0.0,0.0,0.0,0.0,0.0,0.0,0.0,25.7,18.5,3,58.6,16.382800000000003
2016,Notre Dame,Region 2,6,C,4.65,4.71,4.18,0.0,0.0,0.0,0.0,0.0,0.0,0.0,12.2,12.7,2,53.5,14.377
2016,Wisconsin,Region 2,7,C,4.82,3.47,5.09,0.0,0.0,0.0,0.0,0.0,0.0,0.0,21.3,15.4,0,49.0,15.253299999999998
2016,USC,Region 2,8,C,5.32,4.57,5.33,0.0,0.0,0.0,0.0,0.0,0.0,0.0,18.2,13.9,2,52.0,17.624499999999998
2016,Providence,Region 2,9,C,5.13,3.84,5.48,0.0,0.0,0.0,0.0,0.0,0.0,0.0,20.2,18.5,1,48.1,13.522
2016,Pittsburgh,Region 2,10,C,5.51,4.81,4.36,0.0,0.0,0.0,0.0,0.0,0.0,0.0,23.6,16.7,1,51.3,15.476
2016,Michigan,Region 2,11,B,4.99,4.37,4.38,0.0,0.0,0.0,0.0,0.0,0.0,0.0,16.6,13.7,3,55.0,10.298600000000002
2016,Chattanooga,Region 2,12,D,3.87,3.55,3.71,0.0,0.0,0.0,0.0,0.0,0.0,0.0,7.7,8.2,0,51.8,14.2745
2016,Stony Brook,Region 2,13,D,4.02,3.64,4.61,0.0,0.0,0.0,0.0,0.0,0.0,0.0,13.4,15.0,2,53.2,17.9848
2016,Stephen F. Austin,Region 2,14,F,5.25,5.28,4.79,0.0,0.0,0.0,0.0,0.0,0.0,0.0,22.1,21.1,2,55.5,19.3674
2016,Weber St.,Region 2,15,F,3.31,3.53,3.86,0.0,0.0,0.0,0.0,0.0,0.0,0.0,4.2,7.7,1,54.9,18.2742
2016,Florida Gulf Coast,Region 2,16,F,2.41,2.37,3.34,0.0,0.0,0.0,0.0,0.0,0.0,0.0,3.9,7.0,0,51.2,19.4426
2016,Virginia,Region 3,1,S,7.84,6.86,6.67,0.0,0.0,0.0,0.0,0.0,0.0,0.0,36.9,26.4,2,54.4,12.5799
2016,Michigan St.,Region 3,2,S,8.5,7.5,7.03,0.0,0.0,0.0,0.0,0.0,0.0,0.0,40.8,31.0,3,56.0,14.887199999999998
2016,Utah,Region 3,3,C,5.99,5.46,5.57,0.0,0.0,0.0,0.0,0.0,0.0,0.0,24.2,20.0,1,55.2,16.3339
2016,Iowa St.,Region 3,4,C,5.79,5.41,5.57,0.0,0.0,0.0,0.0,0.0,0.0,0.0,25.0,18.5,3,56.8,11.857900000000004
2016,Purdue,Region 3,5,B,6.97,6.42,6.85,0.0,0.0,0.0,0.0,0.0,0.0,0.0,27.7,23.8,1,53.7,12.799300000000002
2016,Seton Hall,Region 3,6,C,5.95,4.26,5.88,0.0,0.0,0.0,0.0,0.0,0.0,0.0,28.1,21.4,2,50.2,20.2556
2016,Dayton,Region 3,7,B,5.59,3.89,5.62,0.0,0.0,0.0,0.0,0.0,0.0,0.0,22.2,18.2,0,52.0,12.1442
2016,Texas Tech,Region 3,8,C,5.42,4.81,4.95,0.0,0.0,0.0,0.0,0.0,0.0,0.0,19.0,18.4,1,49.9,14.692100000000002
2016,Butler,Region 3,9,C,5.29,4.97,4.33,0.0,0.0,0.0,0.0,0.0,0.0,0.0,25.0,15.8,2,52.5,12.8159
2016,Syracuse,Region 3,10,C,4.92,4.12,5.78,0.0,0.0,0.0,0.0,0.0,0.0,0.0,22.0,17.3,1,50.4,14.348600000000005
2016,Gonzaga,Region 3,11,C,5.91,5.57,6.32,0.0,0.0,0.0,0.0,0.0,0.0,0.0,28.8,20.9,2,55.3,16.0054
2016,Little Rock,Region 3,12,C,5.26,3.34,5.8,0.0,0.0,0.0,0.0,0.0,0.0,0.0,15.3,15.8,2,52.4,16.1479
2016,Iona,Region 3,13,F,3.72,3.94,4.02,0.0,0.0,0.0,0.0,0.0,0.0,0.0,8.7,13.8,2,53.8,19.2251
2016,Fresno St.,Region 3,14,D,4.09,3.25,4.48,0.0,0.0,0.0,0.0,0.0,0.0,0.0,12.2,11.6,1,48.2,13.515
2016,Middle Tennessee,Region 3,15,F,4.04,2.98,4.48,0.0,0.0,0.0,0.0,0.0,0.0,0.0,16.0,15.6,1,51.8,13.789
2016,Hampton,Region 3,16,F,1.23,0.8,2.5,0.0,0.0,0.0,0.0,0.0,0.0,0.0,-2.2,1.5,1,47.2,16.903700000000004
2016,Kansas,Region 1,1,S,7.93,6.74,6.9,0.0,0.0,0.0,0.0,0.0,0.0,0.0,36.3,24.2,2,55.9,15.3628
2016,Villanova,Region 1,2,S,7.8,6.75,6.92,0.0,0.0,0.0,0.0,0.0,0.0,0.0,37.3,26.6,0,54.3,13.668
2016,Miami FL,Region 1,3,B,6.43,5.93,5.79,0.0,0.0,0.0,0.0,0.0,0.0,0.0,24.2,19.5,0,53.9,14.6824
2016,California,Region 1,4,C,5.75,4.8,6.19,0.0,0.0,0.0,0.0,0.0,0.0,0.0,18.5,15.9,0,52.5,14.991200000000005
2016,Maryland,Region 1,5,C,6.52,6.19,6.24,0.0,0.0,0.0,0.0,0.0,0.0,0.0,29.4,19.9,2,55.6,13.5808
2016,Arizona,Region 1,6,B,6.57,6.31,5.89,0.0,0.0,0.0,0.0,0.0,0.0,0.0,26.9,17.4,2,53.8,12.6038
2016,Iowa,Region 1,7,C,6.32,5.05,6.8,0.0,0.0,0.0,0.0,0.0,0.0,0.0,25.3,21.6,3,51.8,12.317400000000005
2016,Colorado,Region 1,8,C,5.34,4.01,5.25,0.0,0.0,0.0,0.0,0.0,0.0,0.0,19.7,19.1,2,48.4,19.0248
2016,Connecticut,Region 1,9,B,6.07,4.61,6.86,0.0,0.0,0.0,0.0,0.0,0.0,0.0,27.2,20.8,0,52.0,15.4781
2016,Temple,Region 1,10,D,4.02,1.84,5.28,0.0,0.0,0.0,0.0,0.0,0.0,0.0,10.9,10.9,1,46.9,15.094799999999998
2016,Wichita St.,Region 1,11,B,7.0,5.02,7.01,0.0,0.0,0.0,0.0,0.0,0.0,0.0,30.8,25.3,1,49.6,14.0434
2016,South Dakota St.,Region 1,12,F,4.32,3.67,4.1,0.0,0.0,0.0,0.0,0.0,0.0,0.0,16.7,14.8,0,51.4,13.3352
2016,Hawaii,Region 1,13,D,5.54,5.24,6.08,0.0,0.0,0.0,0.0,0.0,0.0,0.0,20.3,19.5,0,52.5,11.1813
2016,Buffalo,Region 1,14,F,3.07,2.72,3.11,0.0,0.0,0.0,0.0,0.0,0.0,0.0,9.3,11.1,0,49.6,16.830399999999997
2016,UNC Asheville,Region 1,15,F,2.54,1.88,3.31,0.0,0.0,0.0,0.0,0.0,0.0,0.0,7.0,6.5,0,49.9,16.5243
2016,Austin Peay,Region 1,16,F,1.07,2.63,1.57,0.0,0.0,0.0,0.0,0.0,0.0,0.0,1.0,5.3,0,51.5,13.304100000000002
2016,Oregon,Region 4,1,B,6.29,5.8,5.42,0.0,0.0,0.0,0.0,0.0,0.0,0.0,26.8,20.2,2,52.3,17.8019
2016,Oklahoma,Region 4,2,A,6.83,5.31,6.61,0.0,0.0,0.0,0.0,0.0,0.0,0.0,34.4,23.6,1,54.5,17.1759
2016,Texas A&M,Region 4,3,C,6.54,5.13,6.52,0.0,0.0,0.0,0.0,0.0,0.0,0.0,26.1,19.7,2,51.4,11.777
2016,Duke,Region 4,4,C,6.37,6.6,5.8,0.0,0.0,0.0,0.0,0.0,0.0,0.0,30.5,21.9,3,53.7,15.4762
2016,Baylor,Region 4,5,C,5.21,5.32,3.43,0.0,0.0,0.0,0.0,0.0,0.0,0.0,22.0,14.5,2,51.7,12.7627
2016,Texas,Region 4,6,C,5.79,3.75,5.93,0.0,0.0,0.0,0.0,0.0,0.0,0.0,18.7,15.8,2,49.3,14.3661
2016,Oregon St.,Region 4,7,C,5.08,4.31,4.97,0.0,0.0,0.0,0.0,0.0,0.0,0.0,15.1,16.9,2,49.9,15.317
2016,Saint Joseph's,Region 4,8,B,5.41,4.09,5.03,0.0,0.0,0.0,0.0,0.0,0.0,0.0,21.3,19.7,1,51.3,14.813399999999998
2016,Cincinnati,Region 4,9,C,5.92,4.28,6.61,0.0,0.0,0.0,0.0,0.0,0.0,0.0,21.9,18.7,2,49.0,18.1493
2016,VCU,Region 4,10,C,5.51,4.0,5.25,0.0,0.0,0.0,0.0,0.0,0.0,0.0,22.1,18.0,0,50.9,17.3244
2016,Northern Iowa,Region 4,11,B,4.53,3.3,5.12,0.0,0.0,0.0,0.0,0.0,0.0,0.0,16.2,17.0,2,53.3,12.0178
2016,Yale,Region 4,12,C,5.07,4.38,4.83,0.0,0.0,0.0,0.0,0.0,0.0,0.0,20.5,17.4,1,52.5,17.007300000000004
2016,UNC Wilmington,Region 4,13,F,4.15,3.54,4.39,0.0,0.0,0.0,0.0,0.0,0.0,0.0,10.6,11.0,1,51.2,12.491599999999998
2016,Green Bay,Region 4,14,F,3.14,2.88,3.11,0.0,0.0,0.0,0.0,0.0,0.0,0.0,7.6,9.0,2,49.9,16.4602
2016,Cal St. Bakersfield,Region 4,15,D,3.81,2.57,4.92,0.0,0.0,0.0,0.0,0.0,0.0,0.0,10.7,10.9,0,49.3,21.450700000000005
2016,Holy Cross,Region 4,16,F,0.05,0.74,1.49,0.0,0.0,0.0,0.0,0.0,0.0,0.0,-5.6,1.2,0,47.9,15.861900000000002
2017,Villanova,Region 1,1,S,7.32,7.14,6.0,0.0,0.0,0.0,0.0,0.0,0.0,0.0,30.2,24.0,1,57.9,13.765999999999998
2017,Duke,Region 1,2,A,7.05,6.22,6.24,0.0,0.0,0.0,0.0,0.0,0.0,0.0,32.7,24.5,2,54.8,15.1214
2017,Baylor,Region 1,3,B,6.84,5.92,6.23,0.0,0.0,0.0,0.0,0.0,0.0,0.0,30.0,21.0,1,52.7,13.9293
2017,Florida,Region 1,4,A,7.39,5.59,7.26,0.0,0.0,0.0,0.0,0.0,0.0,0.0,31.0,24.7,0,51.5,16.2864
2017,Virginia,Region 1,5,A,6.83,4.42,6.9,0.0,0.0,0.0,0.0,0.0,0.0,0.0,25.4,19.4,2,52.9,15.767000000000005
2017,SMU,Region 1,6,A,6.91,6.31,6.73,0.0,0.0,0.0,0.0,0.0,0.0,0.0,37.0,23.8,3,54.7,9.5437
2017,South Carolina,Region 1,7,C,6.21,4.08,7.32,0.0,0.0,0.0,0.0,0.0,0.0,0.0,30.3,26.1,1,46.7,15.904899999999998
2017,Wisconsin,Region 1,8,C,6.88,4.99,6.83,0.0,0.0,0.0,0.0,0.0,0.0,0.0,32.0,24.7,1,51.7,13.0618
2017,Virginia Tech,Region 1,9,C,5.27,5.4,4.07,0.0,0.0,0.0,0.0,0.0,0.0,0.0,21.7,16.4,3,57.0,14.4016
2017,Marquette,Region 1,10,C,6.08,6.18,4.41,0.0,0.0,0.0,0.0,0.0,0.0,0.0,29.0,22.7,2,57.6,10.835
2017,USC,Region 1,11,D,5.08,4.65,4.6,0.0,0.0,0.0,0.0,0.0,0.0,0.0,21.4,15.3,2,51.9,15.9593
2017,UNC Wilmington,Region 1,12,D,4.75,5.35,3.42,0.0,0.0,0.0,0.0,0.0,0.0,0.0,20.5,14.8,2,55.2,12.209999999999996
2017,East Tennessee St.,Region 1,13,D,4.59,4.71,4.25,0.0,0.0,0.0,0.0,0.0,0.0,0.0,15.4,11.2,2,56.1,16.8939
2017,New Mexico St.,Region 1,14,F,4.16,4.34,4.09,0.0,0.0,0.0,0.0,0.0,0.0,0.0,12.2,10.7,1,52.8,14.6689
2017,Troy,Region 1,15,F,2.32,2.67,2.39,0.0,0.0,0.0,0.0,0.0,0.0,0.0,7.2,7.5,0,51.8,18.7878
2017,Mount St. Mary's,Region 1,16,F,1.71,0.94,3.71,0.0,0.0,0.0,0.0,0.0,0.0,0.0,2.3,3.7,1,50.9,21.302100000000003
2017,Kansas,Region 2,1,A,7.42,7.0,6.2,0.0,0.0,0.0,0.0,0.0,0.0,0.0,33.5,25.3,4,55.9,14.233600000000004
2017,Louisville,Region 2,2,A,7.28,5.17,7.01,0.0,0.0,0.0,0.0,0.0,0.0,0.0,30.4,20.9,1,51.4,15.3032
2017,Oregon,Region 2,3,C,6.92,6.46,6.48,0.0,0.0,0.0,0.0,0.0,0.0,0.0,31.7,23.7,2,55.6,18.425700000000003
2017,Purdue,Region 2,4,C,6.76,6.09,6.56,0.0,0.0,0.0,0.0,0.0,0.0,0.0,32.8,22.5,2,55.7,10.7318
2017,Iowa St.,Region 2,5,B,6.73,4.98,6.54,0.0,0.0,0.0,0.0,0.0,0.0,0.0,28.1,22.2,4,54.8,11.026200000000005
2017,Creighton,Region 2,6,B,6.38,5.88,5.88,0.0,0.0,0.0,0.0,0.0,0.0,0.0,22.5,20.6,2,58.0,11.7782
2017,Michigan,Region 2,7,B,6.44,6.4,5.54,0.0,0.0,0.0,0.0,0.0,0.0,0.0,29.3,22.4,3,56.9,11.699199999999998
2017,Miami FL,Region 2,8,C,5.65,4.66,5.72,0.0,0.0,0.0,0.0,0.0,0.0,0.0,22.7,20.3,0,51.2,14.929800000000004
2017,Michigan St.,Region 2,9,C,5.71,4.72,5.31,0.0,0.0,0.0,0.0,0.0,0.0,0.0,24.4,20.5,1,53.9,16.1113
2017,Oklahoma St.,Region 2,10,C,6.32,6.88,3.82,0.0,0.0,0.0,0.0,0.0,0.0,0.0,29.4,25.0,3,53.8,15.5753
2017,Rhode Island,Region 2,11,C,5.47,4.1,5.57,0.0,0.0,0.0,0.0,0.0,0.0,0.0,20.2,16.8,0,50.7,20.094
2017,Nevada,Region 2,12,D,4.45,4.35,4.16,0.0,0.0,0.0,0.0,0.0,0.0,0.0,18.8,14.4,2,52.7,14.5826
2017,Vermont,Region 2,13,F,4.63,3.84,4.42,0.0,0.0,0.0,0.0,0.0,0.0,0.0,16.4,11.4,1,55.4,18.899
2017,Iona,Region 2,14,F,2.81,2.19,2.88,0.0,0.0,0.0,0.0,0.0,0.0,0.0,7.6,6.9,2,53.4,18.4193
2017,Jacksonville St.,Region 2,15,F,2.14,2.9,2.94,0.0,0.0,0.0,0.0,0.0,0.0,0.0,2.6,5.8,0,52.4,14.4409
2017,UC Davis,Region 2,16,F,1.71,1.18,3.14,0.0,0.0,0.0,0.0,0.0,0.0,0.0,2.2,5.7,0,48.7,17.170400000000004
2017,North Carolina,Region 3,1,S,7.59,6.35,6.32,0.0,0.0,0.0,0.0,0.0,0.0,0.0,37.4,24.6,1,52.3,11.3022
2017,Kentucky,Region 3,2,S,7.38,6.52,6.39,0.0,0.0,0.0,0.0,0.0,0.0,0.0,35.1,23.5,0,53.2,14.703399999999997
2017,UCLA,Region 3,3,C,6.95,7.46,5.76,0.0,0.0,0.0,0.0,0.0,0.0,0.0,30.1,24.5,3,59.5,15.8458
2017,Butler,Region 3,4,B,6.11,5.14,4.79,0.0,0.0,0.0,0.0,0.0,0.0,0.0,25.1,17.1,2,54.6,12.3845
2017,Minnesota,Region 3,5,C,5.7,3.83,6.55,0.0,0.0,0.0,0.0,0.0,0.0,0.0,21.1,14.7,1,48.6,12.1336
2017,Cincinnati,Region 3,6,B,6.92,5.55,7.07,0.0,0.0,0.0,0.0,0.0,0.0,0.0,31.0,24.4,2,51.7,16.704
2017,Dayton,Region 3,7,B,5.93,4.91,5.35,0.0,0.0,0.0,0.0,0.0,0.0,0.0,27.9,18.4,1,54.2,11.4272
2017,Arkansas,Region 3,8,C,5.29,4.67,4.75,0.0,0.0,0.0,0.0,0.0,0.0,0.0,15.5,13.4,1,51.5,13.386
2017,Seton Hall,Region 3,9,C,4.48,3.06,4.56,0.0,0.0,0.0,0.0,0.0,0.0,0.0,16.6,14.7,1,50.2,14.9378
2017,Wichita St.,Region 3,10,A,7.59,6.5,6.66,0.0,0.0,0.0,0.0,0.0,0.0,0.0,34.6,25.5,2,54.7,15.9445
2017,Kansas St.,Region 3,11,C,5.45,4.81,5.35,0.0,0.0,0.0,0.0,0.0,0.0,0.0,21.5,16.5,1,52.4,16.339900000000004
2017,Middle Tennessee,Region 3,12,B,5.52,4.53,5.69,0.0,0.0,0.0,0.0,0.0,0.0,0.0,23.5,19.9,1,54.3,10.282
2017,Winthrop,Region 3,13,F,3.67,3.32,4.47,0.0,0.0,0.0,0.0,0.0,0.0,0.0,9.0,10.3,1,53.7,14.0703
2017,Kent St.,Region 3,14,F,3.0,1.79,3.57,0.0,0.0,0.0,0.0,0.0,0.0,0.0,9.4,10.8,2,48.1,16.003
2017,Northern Kentucky,Region 3,15,F,2.61,2.49,3.05,0.0,0.0,0.0,0.0,0.0,0.0,0.0,8.2,6.4,0,52.9,14.431500000000002
2017,Texas Southern,Region 3,16,F,2.07,2.21,3.06,0.0,0.0,0.0,0.0,0.0,0.0,0.0,-1.7,2.8,1,48.2,14.9643
2017,Gonzaga,Region 4,1,S,8.21,6.87,8.52,0.0,0.0,0.0,0.0,0.0,0.0,0.0,37.4,26.8,2,58.0,16.2255
2017,Arizona,Region 4,2,C,6.94,6.13,5.74,0.0,0.0,0.0,0.0,0.0,0.0,0.0,30.9,22.0,1,53.7,15.820400000000005
2017,Florida St.,Region 4,3,C,6.93,6.18,5.83,0.0,0.0,0.0,0.0,0.0,0.0,0.0,27.9,19.5,1,53.9,17.535
2017,West Virginia,Region 4,4,A,7.52,6.13,6.44,0.0,0.0,0.0,0.0,0.0,0.0,0.0,32.9,24.9,2,51.8,20.9084
2017,Notre Dame,Region 4,5,B,6.13,4.9,5.77,0.0,0.0,0.0,0.0,0.0,0.0,0.0,27.8,18.9,3,54.0,13.9659
2017,Maryland,Region 4,6,D,5.9,4.97,5.7,0.0,0.0,0.0,0.0,0.0,0.0,0.0,24.6,19.9,1,52.6,12.6588
2017,Saint Mary's,Region 4,7,C,6.42,5.85,6.19,0.0,0.0,0.0,0.0,0.0,0.0,0.0,30.9,22.0,2,57.9,17.0736
2017,Northwestern,Region 4,8,C,5.21,3.58,5.8,0.0,0.0,0.0,0.0,0.0,0.0,0.0,19.9,15.2,1,49.7,14.1604
2017,Vanderbilt,Region 4,9,B,5.33,4.2,5.27,0.0,0.0,0.0,0.0,0.0,0.0,0.0,22.4,17.3,1,52.3,14.8159
2017,VCU,Region 4,10,C,5.28,4.1,5.11,0.0,0.0,0.0,0.0,0.0,0.0,0.0,21.0,16.6,0,51.1,19.6758
2017,Xavier,Region 4,11,C,5.0,4.81,3.72,0.0,0.0,0.0,0.0,0.0,0.0,0.0,16.7,15.9,1,51.6,11.8104
2017,Princeton,Region 4,12,B,4.49,3.0,4.82,0.0,0.0,0.0,0.0,0.0,0.0,0.0,18.4,14.3,2,53.5,17.272299999999998
2017,Bucknell,Region 4,13,F,4.49,4.26,4.52,0.0,0.0,0.0,0.0,0.0,0.0,0.0,17.5,15.4,2,55.4,18.6856
2017,Florida Gulf Coast,Region 4,14,F,3.95,4.31,3.49,0.0,0.0,0.0,0.0,0.0,0.0,0.0,13.1,12.9,1,54.1,17.107999999999997
2017,North Dakota,Region 4,15,F,2.49,2.86,3.31,0.0,0.0,0.0,0.0,0.0,0.0,0.0,5.5,7.8,1,53.4,13.935599999999996
2017,South Dakota St.,Region 4,16,F,1.34,3.15,1.17,0.0,0.0,0.0,0.0,0.0,0.0,0.0,-3.5,4.1,0,53.8,11.5084
2018,Villanova,Region 2,1,S,7.97,7.92,5.77,0.0,0.0,0.0,0.0,0.0,0.0,0.0,40.6,28.7,3,59.7,17.2472
2018,Purdue,Region 2,2,S,7.54,6.79,6.81,0.0,0.0,0.0,0.0,0.0,0.0,0.0,36.9,24.9,3,58.1,14.954999999999998
2018,Texas Tech,Region 2,3,A,7.2,6.02,6.61,0.0,0.0,0.0,0.0,0.0,0.0,0.0,34.4,27.1,0,52.7,17.084
2018,Wichita St.,Region 2,4,C,6.34,6.47,4.38,0.0,0.0,0.0,0.0,0.0,0.0,0.0,27.8,21.2,3,55.3,14.5155
2018,West Virginia,Region 2,5,B,6.61,5.5,5.19,0.0,0.0,0.0,0.0,0.0,0.0,0.0,30.3,24.6,2,50.3,22.1363
2018,Florida,Region 2,6,C,5.72,4.11,5.68,0.0,0.0,0.0,0.0,0.0,0.0,0.0,26.9,19.3,3,51.1,17.792099999999998
2018,Arkansas,Region 2,7,C,5.94,5.86,4.95,0.0,0.0,0.0,0.0,0.0,0.0,0.0,27.0,20.4,3,54.2,13.098300000000002
2018,Virginia Tech,Region 2,8,B,5.34,5.05,4.51,0.0,0.0,0.0,0.0,0.0,0.0,0.0,19.6,14.7,2,57.5,13.336
2018,Alabama,Region 2,9,C,5.26,4.59,5.37,0.0,0.0,0.0,0.0,0.0,0.0,0.0,20.6,18.2,1,51.6,16.545
2018,Butler,Region 2,10,B,5.29,4.36,4.51,0.0,0.0,0.0,0.0,0.0,0.0,0.0,22.6,18.0,1,53.8,13.163
2018,St. Bonaventure,Region 2,11,F,4.05,4.03,3.76,0.0,0.0,0.0,0.0,0.0,0.0,0.0,10.7,12.2,1,52.3,15.817899999999998
2018,Murray St.,Region 2,12,F,4.67,4.99,5.01,0.0,0.0,0.0,0.0,0.0,0.0,0.0,17.5,15.8,2,55.2,12.7264
2018,Marshall,Region 2,13,F,3.54,3.82,3.91,0.0,0.0,0.0,0.0,0.0,0.0,0.0,13.0,12.9,2,54.9,19.2147
2018,Stephen F. Austin,Region 2,14,F,3.82,3.93,3.39,0.0,0.0,0.0,0.0,0.0,0.0,0.0,11.2,10.2,1,53.4,19.264000000000003
2018,Cal St. Fullerton,Region 2,15,F,2.32,3.04,3.03,0.0,0.0,0.0,0.0,0.0,0.0,0.0,5.5,7.6,0,52.0,15.429799999999998
2018,Radford,Region 2,16,F,2.29,1.9,3.02,0.0,0.0,0.0,0.0,0.0,0.0,0.0,0.4,7.5,0,49.4,16.5327
2018,Kansas,Region 3,1,A,6.93,6.77,6.11,0.0,0.0,0.0,0.0,0.0,0.0,0.0,32.3,22.3,3,58.1,14.8365
2018,Duke,Region 3,2,S,7.55,8.12,6.57,0.0,0.0,0.0,0.0,0.0,0.0,0.0,35.7,27.5,3,56.0,16.3818
2018,Michigan St.,Region 3,3,S,7.82,7.64,6.45,0.0,0.0,0.0,0.0,0.0,0.0,0.0,35.3,28.0,3,57.8,20.247
2018,Auburn,Region 3,4,C,5.67,4.93,4.22,0.0,0.0,0.0,0.0,0.0,0.0,0.0,22.9,14.9,0,51.8,16.4868
2018,Clemson,Region 3,5,B,5.83,4.39,5.56,0.0,0.0,0.0,0.0,0.0,0.0,0.0,24.8,17.4,0,52.7,16.6482
2018,TCU,Region 3,6,C,5.73,6.35,3.57,0.0,0.0,0.0,0.0,0.0,0.0,0.0,26.2,20.6,3,56.9,17.010199999999998
2018,Rhode Island,Region 3,7,F,4.85,3.46,4.32,0.0,0.0,0.0,0.0,0.0,0.0,0.0,17.1,14.7,1,51.5,19.6301
2018,Seton Hall,Region 3,8,C,5.11,4.44,4.48,0.0,0.0,0.0,0.0,0.0,0.0,0.0,18.1,15.0,1,52.8,15.143399999999998
2018,North Carolina St.,Region 3,9,C,4.97,4.84,4.21,0.0,0.0,0.0,0.0,0.0,0.0,0.0,19.9,15.0,2,53.3,17.2536
2018,Oklahoma,Region 3,10,C,5.0,4.77,4.26,0.0,0.0,0.0,0.0,0.0,0.0,0.0,17.9,15.8,1,53.8,17.8365
2018,Syracuse,Region 3,11,D,4.01,3.19,4.88,0.0,0.0,0.0,0.0,0.0,0.0,0.0,18.2,12.4,1,47.2,17.127
2018,New Mexico St.,Region 3,12,C,4.98,3.25,5.58,0.0,0.0,0.0,0.0,0.0,0.0,0.0,17.0,15.0,1,51.8,16.580299999999998
2018,College of Charleston,Region 3,13,F,3.37,3.55,3.53,0.0,0.0,0.0,0.0,0.0,0.0,0.0,15.2,13.1,1,52.8,14.1626
2018,Bucknell,Region 3,14,F,4.06,4.33,4.13,0.0,0.0,0.0,0.0,0.0,0.0,0.0,12.5,14.7,0,54.0,17.7308
2018,Iona,Region 3,15,F,2.32,2.29,2.19,0.0,0.0,0.0,0.0,0.0,0.0,0.0,3.7,3.6,2,54.1,18.562400000000004
2018,Penn,Region 3,16,F,3.33,2.12,4.59,0.0,0.0,0.0,0.0,0.0,0.0,0.0,7.7,9.8,0,53.0,14.375699999999998
2018,Virginia,Region 1,1,A,7.89,5.13,8.15,0.0,0.0,0.0,0.0,0.0,0.0,0.0,32.4,24.0,2,52.9,17.010400000000004
2018,Cincinnati,Region 1,2,A,7.9,5.78,8.17,0.0,0.0,0.0,0.0,0.0,0.0,0.0,35.9,28.1,1,51.6,18.531
2018,Tennessee,Region 1,3,A,6.49,4.9,5.87,0.0,0.0,0.0,0.0,0.0,0.0,0.0,27.2,18.6,2,50.7,17.3847
2018,Arizona,Region 1,4,C,5.85,6.78,4.42,0.0,0.0,0.0,0.0,0.0,0.0,0.0,26.7,20.4,2,56.6,17.8775
2018,Kentucky,Region 1,5,B,6.01,5.34,5.13,0.0,0.0,0.0,0.0,0.0,0.0,0.0,24.3,17.7,2,51.7,16.1986
2018,Miami FL,Region 1,6,C,5.36,4.22,4.99,0.0,0.0,0.0,0.0,0.0,0.0,0.0,15.8,14.8,0,53.0,16.4508
2018,Nevada,Region 1,7,C,5.3,5.42,4.45,0.0,0.0,0.0,0.0,0.0,0.0,0.0,21.2,18.1,3,54.9,15.003900000000002
2018,Creighton,Region 1,8,B,5.71,5.37,4.69,0.0,0.0,0.0,0.0,0.0,0.0,0.0,22.3,17.0,3,58.0,12.9198
2018,Kansas St.,Region 1,9,C,4.82,4.08,4.48,0.0,0.0,0.0,0.0,0.0,0.0,0.0,14.7,11.3,1,53.5,15.9525
2018,Texas,Region 1,10,C,4.86,3.2,5.5,0.0,0.0,0.0,0.0,0.0,0.0,0.0,13.0,10.0,0,49.8,14.7124
2018,Loyola Chicago,Region 1,11,B,5.33,3.76,5.4,0.0,0.0,0.0,0.0,0.0,0.0,0.0,22.4,16.4,2,57.8,13.304000000000004
2018,Davidson,Region 1,12,B,4.48,4.68,3.99,0.0,0.0,0.0,0.0,0.0,0.0,0.0,20.0,15.9,3,57.7,13.069800000000004
2018,Buffalo,Region 1,13,D,4.83,4.85,4.17,0.0,0.0,0.0,0.0,0.0,0.0,0.0,20.0,17.9,2,54.8,17.838099999999997
2018,Wright St.,Region 1,14,F,3.09,1.52,4.43,0.0,0.0,0.0,0.0,0.0,0.0,0.0,6.6,6.0,0,49.0,11.0388
2018,Georgia St.,Region 1,15,F,3.36,3.3,4.31,0.0,0.0,0.0,0.0,0.0,0.0,0.0,12.9,10.5,2,54.1,17.982599999999998
2018,UMBC,Region 1,16,F,2.32,2.15,3.18,0.0,0.0,0.0,0.0,0.0,0.0,0.0,5.1,9.5,1,52.2,15.3214
2018,Xavier,Region 4,1,C,6.58,6.36,4.38,0.0,0.0,0.0,0.0,0.0,0.0,0.0,29.3,22.3,1,55.7,14.396
2018,North Carolina,Region 4,2,B,6.55,5.22,5.11,0.0,0.0,0.0,0.0,0.0,0.0,0.0,32.7,21.7,1,52.3,14.4542
2018,Michigan,Region 4,3,A,6.57,5.22,6.41,0.0,0.0,0.0,0.0,0.0,0.0,0.0,28.7,20.0,1,54.4,14.6566
2018,Gonzaga,Region 4,4,A,6.69,6.48,5.67,0.0,0.0,0.0,0.0,0.0,0.0,0.0,29.5,21.6,2,57.7,17.3373
2018,Ohio St.,Region 4,5,B,6.51,4.99,5.66,0.0,0.0,0.0,0.0,0.0,0.0,0.0,32.3,23.0,0,54.4,15.0248
2018,Houston,Region 4,6,B,5.95,4.99,5.79,0.0,0.0,0.0,0.0,0.0,0.0,0.0,19.6,20.8,2,53.9,14.8006
2018,Texas A&M,Region 4,7,C,6.12,4.56,6.04,0.0,0.0,0.0,0.0,0.0,0.0,0.0,24.6,21.9,1,51.1,15.1097
2018,Missouri,Region 4,8,C,5.25,5.01,5.32,0.0,0.0,0.0,0.0,0.0,0.0,0.0,14.1,16.9,1,54.5,13.5298
2018,Florida St.,Region 4,9,C,5.65,5.57,4.68,0.0,0.0,0.0,0.0,0.0,0.0,0.0,22.4,16.7,1,53.9,19.393600000000003
2018,Providence,Region 4,10,D,4.63,2.96,4.36,0.0,0.0,0.0,0.0,0.0,0.0,0.0,17.8,12.1,0,49.6,15.942
2018,San Diego St.,Region 4,11,D,5.17,4.27,5.03,0.0,0.0,0.0,0.0,0.0,0.0,0.0,22.5,15.5,0,52.0,11.2437
2018,South Dakota St.,Region 4,12,B,4.37,4.03,3.86,0.0,0.0,0.0,0.0,0.0,0.0,0.0,17.0,14.5,2,54.5,13.0996
2018,UNC Greensboro,Region 4,13,D,3.88,3.08,4.33,0.0,0.0,0.0,0.0,0.0,0.0,0.0,10.6,8.9,0,52.0,17.2701
2018,Montana,Region 4,14,F,4.2,3.81,4.32,0.0,0.0,0.0,0.0,0.0,0.0,0.0,17.1,13.0,0,51.7,15.53
2018,Lipscomb,Region 4,15,F,2.69,2.95,2.73,0.0,0.0,0.0,0.0,0.0,0.0,0.0,6.5,9.7,0,51.9,14.431400000000002
2018,Texas Southern,Region 4,16,F,1.03,2.19,1.75,0.0,0.0,0.0,0.0,0.0,0.0,0.0,-2.5,2.8,1,50.8,13.196000000000002
2019,Duke,Region 1,1,S,8.36,7.17,8.17,0.0,0.0,0.0,0.0,0.0,0.0,0.0,41.4,33.5,1,53.4,18.142
2019,Michigan St.,Region 1,2,S,7.95,6.67,7.01,0.0,0.0,0.0,0.0,0.0,0.0,0.0,37.7,29.0,2,55.8,17.275000000000002
2019,LSU,Region 1,3,C,6.54,5.89,5.35,0.0,0.0,0.0,0.0,0.0,0.0,0.0,25.3,21.5,2,51.7,11.9523
2019,Virginia Tech,Region 1,4,A,6.33,5.67,5.84,0.0,0.0,0.0,0.0,0.0,0.0,0.0,27.7,21.4,2,56.4,12.138700000000002
2019,Mississippi St.,Region 1,5,C,5.87,5.39,5.19,0.0,0.0,0.0,0.0,0.0,0.0,0.0,20.8,15.8,3,54.6,13.502
2019,Maryland,Region 1,6,B,5.78,4.54,5.66,0.0,0.0,0.0,0.0,0.0,0.0,0.0,24.6,18.9,0,51.9,14.0923
2019,Louisville,Region 1,7,B,5.94,4.3,6.05,0.0,0.0,0.0,0.0,0.0,0.0,0.0,23.5,19.3,0,50.9,13.822200000000002
2019,VCU,Region 1,8,C,6.19,3.65,7.16,0.0,0.0,0.0,0.0,0.0,0.0,0.0,25.3,19.7,1,50.6,20.524199999999997
2019,UCF,Region 1,9,D,5.61,5.41,6.18,0.0,0.0,0.0,0.0,0.0,0.0,0.0,21.4,17.6,0,52.7,16.540399999999998
2019,Minnesota,Region 1,10,C,4.79,3.56,4.64,0.0,0.0,0.0,0.0,0.0,0.0,0.0,19.7,15.1,0,48.3,16.9158
2019,Belmont,Region 1,11,B,5.25,5.76,4.93,0.0,0.0,0.0,0.0,0.0,0.0,0.0,20.8,20.8,2,57.8,14.172
2019,Liberty,Region 1,12,F,4.46,3.63,4.51,0.0,0.0,0.0,0.0,0.0,0.0,0.0,16.8,12.5,1,56.1,16.9776
2019,Saint Louis,Region 1,13,D,3.23,1.71,4.64,0.0,0.0,0.0,0.0,0.0,0.0,0.0,7.7,10.3,1,46.8,16.430500000000002
2019,Yale,Region 1,14,F,4.37,4.64,4.25,0.0,0.0,0.0,0.0,0.0,0.0,0.0,15.0,14.1,2,56.1,15.6478
2019,Bradley,Region 1,15,F,2.08,1.3,3.71,0.0,0.0,0.0,0.0,0.0,0.0,0.0,5.2,4.1,0,49.7,11.7548
2019,North Dakota St.,Region 1,16,F,1.49,1.75,1.4,0.0,0.0,0.0,0.0,0.0,0.0,0.0,-1.8,1.8,1,53.8,15.8794
2019,North Carolina,Region 3,1,S,7.35,5.97,6.5,0.0,0.0,0.0,0.0,0.0,0.0,0.0,34.0,24.6,1,52.9,10.2982
2019,Kentucky,Region 3,2,A,7.18,6.24,6.13,0.0,0.0,0.0,0.0,0.0,0.0,0.0,33.6,23.4,1,53.3,15.553800000000004
2019,Houston,Region 3,3,B,6.9,4.88,7.16,0.0,0.0,0.0,0.0,0.0,0.0,0.0,24.5,20.8,1,52.1,13.0045
2019,Kansas,Region 3,4,B,6.19,4.19,6.0,0.0,0.0,0.0,0.0,0.0,0.0,0.0,22.0,18.3,0,52.3,13.762
2019,Auburn,Region 3,5,B,6.4,5.72,5.21,0.0,0.0,0.0,0.0,0.0,0.0,0.0,25.3,17.9,2,54.2,13.873799999999996
2019,Iowa St.,Region 3,6,B,5.91,5.29,5.88,0.0,0.0,0.0,0.0,0.0,0.0,0.0,26.7,18.5,2,54.9,10.7377
2019,Wofford,Region 3,7,C,6.21,5.9,5.13,0.0,0.0,0.0,0.0,0.0,0.0,0.0,30.1,23.1,2,57.8,14.8676
2019,Utah St.,Region 3,8,C,5.31,5.02,4.9,0.0,0.0,0.0,0.0,0.0,0.0,0.0,18.0,17.6,0,54.3,16.2161
2019,Washington,Region 3,9,C,5.27,4.09,6.15,0.0,0.0,0.0,0.0,0.0,0.0,0.0,16.6,16.8,1,52.1,12.6589
2019,Seton Hall,Region 3,10,D,4.13,3.16,4.59,0.0,0.0,0.0,0.0,0.0,0.0,0.0,16.2,14.2,0,49.9,16.614600000000003
2019,Ohio St.,Region 3,11,C,4.95,3.74,5.04,0.0,0.0,0.0,0.0,0.0,0.0,0.0,17.8,14.9,0,50.5,13.228300000000004
2019,New Mexico St.,Region 3,12,F,5.68,4.83,4.61,0.0,0.0,0.0,0.0,0.0,0.0,0.0,18.9,15.2,1,54.0,12.011400000000002
2019,Northeastern,Region 3,13,F,3.97,4.6,3.26,0.0,0.0,0.0,0.0,0.0,0.0,0.0,14.6,12.9,2,57.2,14.205799999999998
2019,Georgia St.,Region 3,14,F,3.17,2.35,3.66,0.0,0.0,0.0,0.0,0.0,0.0,0.0,7.8,7.8,2,54.4,14.3915
2019,Abilene Christian,Region 3,15,F,2.94,2.95,3.73,0.0,0.0,0.0,0.0,0.0,0.0,0.0,4.2,6.6,1,52.4,12.9864
2019,Iona,Region 3,16,F,1.31,2.05,1.96,0.0,0.0,0.0,0.0,0.0,0.0,0.0,0.6,4.1,1,53.0,15.011
2019,Virginia,Region 2,1,S,8.38,6.72,8.41,0.0,0.0,0.0,0.0,0.0,0.0,0.0,37.9,30.4,3,55.7,12.7252
2019,Tennessee,Region 2,2,A,7.19,6.42,6.03,0.0,0.0,0.0,0.0,0.0,0.0,0.0,32.2,22.9,2,55.3,17.8532
2019,Purdue,Region 2,3,A,6.66,5.88,5.77,0.0,0.0,0.0,0.0,0.0,0.0,0.0,34.6,24.0,1,52.7,12.8205
2019,Kansas St.,Region 2,4,B,6.1,3.18,6.68,0.0,0.0,0.0,0.0,0.0,0.0,0.0,21.9,18.3,0,49.5,12.4508
2019,Wisconsin,Region 2,5,A,6.57,3.14,7.64,0.0,0.0,0.0,0.0,0.0,0.0,0.0,28.2,21.9,1,51.5,15.8439
2019,Villanova,Region 2,6,C,5.15,5.05,4.26,0.0,0.0,0.0,0.0,0.0,0.0,0.0,21.4,14.3,0,53.4,15.191400000000003
2019,Cincinnati,Region 2,7,C,5.91,4.16,5.72,0.0,0.0,0.0,0.0,0.0,0.0,0.0,25.8,18.2,1,49.0,15.9918
2019,Mississippi,Region 2,8,B,5.27,4.57,5.06,0.0,0.0,0.0,0.0,0.0,0.0,0.0,20.8,16.7,0,53.0,11.082999999999998
2019,Oklahoma,Region 2,9,C,5.56,2.85,6.06,0.0,0.0,0.0,0.0,0.0,0.0,0.0,24.9,16.9,0,50.2,16.4451
2019,Iowa,Region 2,10,C,4.98,4.73,3.57,0.0,0.0,0.0,0.0,0.0,0.0,0.0,17.2,12.7,0,52.6,14.78
2019,Saint Mary's,Region 2,11,B,5.03,4.25,4.98,0.0,0.0,0.0,0.0,0.0,0.0,0.0,24.1,20.3,1,54.0,17.395799999999998
2019,Oregon,Region 2,12,C,4.98,3.31,5.57,0.0,0.0,0.0,0.0,0.0,0.0,0.0,17.0,12.9,0,51.7,16.0827
2019,UC Irvine,Region 2,13,D,5.06,3.06,5.86,0.0,0.0,0.0,0.0,0.0,0.0,0.0,16.3,16.0,0,51.4,17.7639
2019,Old Dominion,Region 2,14,D,3.06,1.24,5.15,0.0,0.0,0.0,0.0,0.0,0.0,0.0,2.2,7.0,0,47.7,14.6554
2019,Colgate,Region 2,15,F,2.66,3.4,2.57,0.0,0.0,0.0,0.0,0.0,0.0,0.0,5.2,4.2,2,55.9,15.9084
2019,Gardner Webb,Region 2,16,F,2.14,2.74,2.8,0.0,0.0,0.0,0.0,0.0,0.0,0.0,3.5,5.8,3,54.8,12.5056
2019,Gonzaga,Region 4,1,S,8.22,8.46,7.76,0.0,0.0,0.0,0.0,0.0,0.0,0.0,43.5,32.4,2,59.6,20.0144
2019,Michigan,Region 4,2,A,7.3,4.73,8.39,0.0,0.0,0.0,0.0,0.0,0.0,0.0,34.2,24.2,1,52.1,15.9154
2019,Texas Tech,Region 4,3,A,7.56,5.78,8.51,0.0,0.0,0.0,0.0,0.0,0.0,0.0,35.7,28.4,0,53.7,14.442
2019,Florida St.,Region 4,4,B,6.57,5.31,5.95,0.0,0.0,0.0,0.0,0.0,0.0,0.0,23.1,18.5,0,50.7,16.8744
2019,Marquette,Region 4,5,C,5.3,4.41,5.36,0.0,0.0,0.0,0.0,0.0,0.0,0.0,21.6,18.6,1,54.1,17.328300000000002
2019,Buffalo,Region 4,6,C,6.44,5.13,6.13,0.0,0.0,0.0,0.0,0.0,0.0,0.0,27.3,22.0,1,53.4,17.2749
2019,Nevada,Region 4,7,B,5.75,5.4,5.55,0.0,0.0,0.0,0.0,0.0,0.0,0.0,26.0,19.2,1,54.1,16.939799999999998
2019,Syracuse,Region 4,8,C,4.82,3.96,5.38,0.0,0.0,0.0,0.0,0.0,0.0,0.0,15.3,13.8,1,49.5,13.439
2019,Baylor,Region 4,9,C,4.8,3.89,4.42,0.0,0.0,0.0,0.0,0.0,0.0,0.0,13.2,10.2,1,50.9,11.2294
2019,Florida,Region 4,10,C,5.77,3.58,6.17,0.0,0.0,0.0,0.0,0.0,0.0,0.0,24.5,18.9,1,49.9,16.582200000000004
2019,Arizona St.,Region 4,11,D,4.3,4.02,4.1,0.0,0.0,0.0,0.0,0.0,0.0,0.0,13.8,11.1,0,50.8,16.5942
2019,Murray St.,Region 4,12,C,5.12,5.25,5.34,0.0,0.0,0.0,0.0,0.0,0.0,0.0,21.2,16.1,2,55.2,17.2298
2019,Vermont,Region 4,13,F,4.4,3.0,4.42,0.0,0.0,0.0,0.0,0.0,0.0,0.0,18.5,17.7,0,52.4,16.632
2019,Northern Kentucky,Region 4,14,F,4.1,4.04,4.02,0.0,0.0,0.0,0.0,0.0,0.0,0.0,16.4,14.9,1,55.0,14.6678
2019,Montana,Region 4,15,F,3.1,3.74,3.31,0.0,0.0,0.0,0.0,0.0,0.0,0.0,3.5,8.3,2,56.7,15.591699999999998
2019,Fairleigh Dickinson,Region 4,16,F,1.22,3.08,1.74,0.0,0.0,0.0,0.0,0.0,0.0,0.0,-0.9,2.0,2,54.5,19.2882
2020,Dayton,Region 4,1,S,7.22,7.32,6.86,0.0,0.0,0.0,0.0,0.0,0.0,0.0,32.9,26.0,1,59.7,13.280800000000005
2020,Florida St.,Region 4,2,B,6.84,4.94,6.39,0.0,0.0,0.0,0.0,0.0,0.0,0.0,26.1,20.3,1,51.9,18.9206
2020,Villanova,Region 4,3,B,5.82,3.98,5.71,0.0,0.0,0.0,0.0,0.0,0.0,0.0,25.8,19.0,0,52.6,18.599400000000003
2020,Maryland,Region 4,4,A,5.91,4.19,6.25,0.0,0.0,0.0,0.0,0.0,0.0,0.0,24.2,21.1,0,48.6,13.191
2020,Butler,Region 4,5,B,5.91,3.91,6.44,0.0,0.0,0.0,0.0,0.0,0.0,0.0,23.8,20.1,0,52.3,14.663400000000005
2020,Penn St.,Region 4,6,C,5.47,3.08,5.91,0.0,0.0,0.0,0.0,0.0,0.0,0.0,19.5,13.6,1,49.5,18.5746
2020,West Virginia,Region 4,7,A,6.93,3.82,7.15,0.0,0.0,0.0,0.0,0.0,0.0,0.0,29.4,23.2,1,46.5,18.2226
2020,Colorado,Region 4,8,C,5.31,3.62,5.51,0.0,0.0,0.0,0.0,0.0,0.0,0.0,22.1,18.1,0,50.5,22.7298
2020,Florida,Region 4,9,C,5.46,4.4,5.35,0.0,0.0,0.0,0.0,0.0,0.0,0.0,26.4,19.1,0,52.1,15.3476
2020,Utah St.,Region 4,10,C,5.7,4.57,5.84,0.0,0.0,0.0,0.0,0.0,0.0,0.0,24.9,22.2,0,51.8,16.9437
2020,UCLA,Region 4,11,D,4.21,2.93,3.79,0.0,0.0,0.0,0.0,0.0,0.0,0.0,14.2,12.7,1,48.4,15.1382
2020,Texas,Region 4,12,C,4.66,2.3,6.17,0.0,0.0,0.0,0.0,0.0,0.0,0.0,11.0,11.8,1,49.9,18.1242
2020,Akron,Region 4,13,D,4.25,3.25,5.36,0.0,0.0,0.0,0.0,0.0,0.0,0.0,17.2,15.4,0,51.7,22.1514
2020,Hofstra,Region 4,14,F,2.98,2.6,3.8,0.0,0.0,0.0,0.0,0.0,0.0,0.0,11.0,10.6,1,51.7,13.0903
2020,Northern Kentucky,Region 4,15,F,3.31,2.2,4.98,0.0,0.0,0.0,0.0,0.0,0.0,0.0,8.6,12.7,1,49.5,14.4333
2020,Robert Morris,Region 4,16,F,1.78,1.74,3.28,0.0,0.0,0.0,0.0,0.0,0.0,0.0,2.7,6.1,0,51.4,18.0231
2020,Kansas,Region 1,1,S,7.73,5.98,8.03,0.0,0.0,0.0,0.0,0.0,0.0,0.0,35.1,27.5,0,53.7,14.9835
2020,Kentucky,Region 1,2,C,5.84,4.9,6.09,0.0,0.0,0.0,0.0,0.0,0.0,0.0,22.6,16.4,0,50.7,14.3
2020,Duke,Region 1,3,A,6.81,5.39,6.76,0.0,0.0,0.0,0.0,0.0,0.0,0.0,26.5,21.9,1,52.6,20.0056
2020,Wisconsin,Region 1,4,B,5.39,2.62,6.27,0.0,0.0,0.0,0.0,0.0,0.0,0.0,21.7,14.0,1,50.3,16.675400000000003
2020,Auburn,Region 1,5,C,5.74,4.52,5.32,0.0,0.0,0.0,0.0,0.0,0.0,0.0,23.4,16.8,1,50.0,18.417
2020,Iowa,Region 1,6,C,5.29,4.9,4.81,0.0,0.0,0.0,0.0,0.0,0.0,0.0,19.9,19.1,0,51.6,15.651299999999996
2020,Providence,Region 1,7,C,5.3,3.05,5.69,0.0,0.0,0.0,0.0,0.0,0.0,0.0,21.5,15.3,0,47.3,16.773600000000002
2020,Houston,Region 1,8,A,6.07,3.66,6.13,0.0,0.0,0.0,0.0,0.0,0.0,0.0,25.1,20.4,1,48.0,15.743100000000002
2020,Marquette,Region 1,9,C,5.08,4.14,5.07,0.0,0.0,0.0,0.0,0.0,0.0,0.0,21.3,18.9,1,51.6,17.883
2020,Arizona St.,Region 1,10,C,4.22,1.68,5.08,0.0,0.0,0.0,0.0,0.0,0.0,0.0,11.2,11.1,0,48.8,17.616300000000003
2020,East Tennessee St.,Region 1,11,F,4.79,4.12,4.65,0.0,0.0,0.0,0.0,0.0,0.0,0.0,15.9,13.1,0,53.5,13.904799999999998
2020,Liberty,Region 1,12,B,4.45,3.12,5.74,0.0,0.0,0.0,0.0,0.0,0.0,0.0,15.5,13.5,1,54.4,15.6478
2020,North Texas,Region 1,13,F,4.17,4.23,4.33,0.0,0.0,0.0,0.0,0.0,0.0,0.0,15.1,10.8,2,55.3,10.9855
2020,Belmont,Region 1,14,B,4.38,3.26,5.8,0.0,0.0,0.0,0.0,0.0,0.0,0.0,16.0,16.8,1,54.8,13.266
2020,North Dakota St.,Region 1,15,F,3.27,2.05,3.84,0.0,0.0,0.0,0.0,0.0,0.0,0.0,9.6,11.1,1,51.9,14.4248
2020,Siena,Region 1,16,F,2.85,2.96,3.57,0.0,0.0,0.0,0.0,0.0,0.0,0.0,8.1,12.5,0,51.8,17.8679
2020,Baylor,Region 3,1,A,7.28,4.34,8.01,0.0,0.0,0.0,0.0,0.0,0.0,0.0,34.6,24.5,1,49.4,12.141
2020,Creighton,Region 3,2,B,6.14,4.41,5.77,0.0,0.0,0.0,0.0,0.0,0.0,0.0,28.3,20.5,3,55.2,13.4823
2020,Michigan St.,Region 3,3,A,6.8,5.14,6.91,0.0,0.0,0.0,0.0,0.0,0.0,0.0,28.1,23.9,0,52.6,14.5452
2020,Louisville,Region 3,4,A,6.78,4.9,6.78,0.0,0.0,0.0,0.0,0.0,0.0,0.0,35.2,22.5,1,52.5,12.688000000000002
2020,Ohio St.,Region 3,5,A,6.18,4.25,6.08,0.0,0.0,0.0,0.0,0.0,0.0,0.0,25.8,17.6,1,52.3,12.6762
2020,Virginia,Region 3,6,D,5.58,2.18,7.83,0.0,0.0,0.0,0.0,0.0,0.0,0.0,24.0,19.4,0,46.9,16.318499999999997
2020,Illinois,Region 3,7,C,5.36,3.22,6.0,0.0,0.0,0.0,0.0,0.0,0.0,0.0,21.4,16.6,1,48.3,12.073399999999998
2020,Saint Mary's,Region 3,8,B,4.66,3.62,4.45,0.0,0.0,0.0,0.0,0.0,0.0,0.0,17.3,15.3,2,54.2,15.486
2020,Rutgers,Region 3,9,C,5.8,3.0,6.69,0.0,0.0,0.0,0.0,0.0,0.0,0.0,20.7,18.3,0,48.9,14.9958
2020,USC,Region 3,10,D,5.32,3.23,6.57,0.0,0.0,0.0,0.0,0.0,0.0,0.0,19.2,18.8,0,49.5,16.6004
2020,Cincinnati,Region 3,11,D,5.28,4.25,5.87,0.0,0.0,0.0,0.0,0.0,0.0,0.0,20.9,16.0,0,50.3,18.039
2020,Stephen F. Austin,Region 3,12,D,4.49,4.48,3.75,0.0,0.0,0.0,0.0,0.0,0.0,0.0,16.9,13.1,2,53.3,18.8526
2020,Vermont,Region 3,13,D,4.45,2.94,5.41,0.0,0.0,0.0,0.0,0.0,0.0,0.0,13.9,14.3,0,51.7,18.0632
2020,Bradley,Region 3,14,D,3.61,2.84,4.81,0.0,0.0,0.0,0.0,0.0,0.0,0.0,9.4,10.8,0,49.5,10.6105
2020,Little Rock,Region 3,15,F,3.16,4.09,3.53,0.0,0.0,0.0,0.0,0.0,0.0,0.0,8.0,10.4,0,52.8,16.2391
2020,Winthrop,Region 3,16,F,2.75,3.18,2.98,0.0,0.0,0.0,0.0,0.0,0.0,0.0,4.0,4.4,1,53.0,9.745
2020,Gonzaga,Region 2,1,S,7.11,6.62,6.25,0.0,0.0,0.0,0.0,0.0,0.0,0.0,35.6,24.4,3,57.5,16.153
2020,San Diego St.,Region 2,2,A,6.75,5.24,7.11,0.0,0.0,0.0,0.0,0.0,0.0,0.0,29.5,23.2,2,54.6,9.7315
2020,Seton Hall,Region 2,3,C,6.19,4.82,6.61,0.0,0.0,0.0,0.0,0.0,0.0,0.0,25.2,17.9,1,51.4,18.3375
2020,Oregon,Region 2,4,C,6.03,4.9,5.43,0.0,0.0,0.0,0.0,0.0,0.0,0.0,26.3,19.9,2,54.3,19.4479
2020,Michigan,Region 2,5,B,6.05,4.05,6.54,0.0,0.0,0.0,0.0,0.0,0.0,0.0,24.7,16.7,1,52.8,14.030099999999996
2020,BYU,Region 2,6,B,6.1,4.84,6.18,0.0,0.0,0.0,0.0,0.0,0.0,0.0,27.4,20.8,3,58.1,9.1819
2020,Arizona,Region 2,7,C,5.87,4.71,6.45,0.0,0.0,0.0,0.0,0.0,0.0,0.0,23.6,16.8,0,50.7,14.1468
2020,LSU,Region 2,8,C,4.76,4.42,4.53,0.0,0.0,0.0,0.0,0.0,0.0,0.0,17.5,15.2,1,52.7,11.2254
2020,Oklahoma,Region 2,9,C,5.07,2.44,6.29,0.0,0.0,0.0,0.0,0.0,0.0,0.0,18.4,17.6,0,48.2,16.0289
2020,Texas Tech,Region 2,10,B,5.41,3.47,6.21,0.0,0.0,0.0,0.0,0.0,0.0,0.0,21.3,14.4,0,51.8,13.878800000000002
2020,Indiana,Region 2,11,C,5.38,3.45,5.16,0.0,0.0,0.0,0.0,0.0,0.0,0.0,18.1,14.9,0,49.3,16.8646
2020,Yale,Region 2,12,B,4.3,3.55,5.2,0.0,0.0,0.0,0.0,0.0,0.0,0.0,17.0,14.7,0,53.8,14.853599999999998
2020,New Mexico St.,Region 2,13,B,4.96,4.56,4.89,0.0,0.0,0.0,0.0,0.0,0.0,0.0,19.6,21.2,1,52.7,10.779
2020,Eastern Washington,Region 2,14,F,2.9,2.51,3.72,0.0,0.0,0.0,0.0,0.0,0.0,0.0,6.0,10.3,0,52.0,17.3993
2020,UC Irvine,Region 2,15,D,3.42,2.43,4.65,0.0,0.0,0.0,0.0,0.0,0.0,0.0,10.1,9.5,0,51.6,17.948
2020,North Carolina Central,Region 2,16,F,1.01,0.83,3.27,0.0,0.0,0.0,0.0,0.0,0.0,0.0,-9.8,-0.6,1,50.5,15.5672
2021,Michigan,Region 4,1,S,7.23,6.01,7.36,0.0,0.0,0.0,0.0,0.0,0.0,0.0,30.8,23.2,2,54.9,13.3296
2021,Alabama,Region 4,2,A,7.22,4.32,7.62,0.0,0.0,0.0,0.0,0.0,0.0,0.0,34.2,24.0,0,51.3,14.3072
2021,Texas,Region 4,3,C,5.9,4.96,5.78,0.0,0.0,0.0,0.0,0.0,0.0,0.0,20.8,16.0,0,52.9,17.1793
2021,Florida St.,Region 4,4,C,7.13,6.51,6.27,0.0,0.0,0.0,0.0,0.0,0.0,0.0,32.0,22.7,3,54.4,18.2118
2021,Colorado,Region 4,5,B,6.07,4.24,5.94,0.0,0.0,0.0,0.0,0.0,0.0,0.0,24.7,19.3,0,52.0,15.51
2021,BYU,Region 4,6,B,6.32,4.53,6.44,0.0,0.0,0.0,0.0,0.0,0.0,0.0,21.6,19.7,2,55.0,8.4544
2021,Connecticut,Region 4,7,B,6.4,4.37,6.1,0.0,0.0,0.0,0.0,0.0,0.0,0.0,28.8,20.8,1,49.5,19.292700000000004
2021,LSU,Region 4,8,C,5.42,4.69,5.14,0.0,0.0,0.0,0.0,0.0,0.0,0.0,23.5,16.5,1,52.8,12.5017
2021,St. Bonaventure,Region 4,9,C,5.3,3.81,6.33,0.0,0.0,0.0,0.0,0.0,0.0,0.0,24.3,17.8,0,50.5,17.016199999999998
2021,Maryland,Region 4,10,B,5.39,3.82,5.62,0.0,0.0,0.0,0.0,0.0,0.0,0.0,25.4,19.2,0,52.6,13.5456
2021,UCLA,Region 4,11,B,5.27,3.92,4.51,0.0,0.0,0.0,0.0,0.0,0.0,0.0,22.9,17.8,0,52.0,13.5927
2021,Georgetown,Region 4,12,C,4.14,2.28,4.99,0.0,0.0,0.0,0.0,0.0,0.0,0.0,15.1,11.8,0,49.6,15.011400000000002
2021,UNC Greensboro,Region 4,13,D,3.42,1.57,4.7,0.0,0.0,0.0,0.0,0.0,0.0,0.0,7.5,8.8,1,48.2,16.2024
2021,Abilene Christian,Region 4,14,D,4.57,3.59,5.85,0.0,0.0,0.0,0.0,0.0,0.0,0.0,12.9,11.8,1,52.9,15.6827
2021,Iona,Region 4,15,D,2.84,2.6,4.01,0.0,0.0,0.0,0.0,0.0,0.0,0.0,9.5,8.9,0,51.2,18.3333
2021,Texas Southern,Region 4,16,F,2.04,1.45,3.44,0.0,0.0,0.0,0.0,0.0,0.0,0.0,-1.0,6.7,0,48.3,17.7744
2021,Illinois,Region 3,1,S,7.43,6.54,6.56,0.0,0.0,0.0,0.0,0.0,0.0,0.0,31.8,25.0,2,55.6,12.9018
2021,Houston,Region 3,2,A,7.16,5.38,7.46,0.0,0.0,0.0,0.0,0.0,0.0,0.0,36.8,24.2,1,51.3,15.838499999999998
2021,West Virginia,Region 3,3,C,5.68,4.31,5.1,0.0,0.0,0.0,0.0,0.0,0.0,0.0,23.0,17.7,2,48.7,15.524399999999998
2021,Oklahoma St.,Region 3,4,C,5.54,3.63,5.48,0.0,0.0,0.0,0.0,0.0,0.0,0.0,18.1,14.4,1,52.2,17.193
2021,Tennessee,Region 3,5,B,6.03,4.0,6.52,0.0,0.0,0.0,0.0,0.0,0.0,0.0,24.9,18.1,0,50.1,18.216100000000004
2021,San Diego St.,Region 3,6,B,6.49,4.7,6.6,0.0,0.0,0.0,0.0,0.0,0.0,0.0,28.1,21.4,1,52.7,9.702
2021,Clemson,Region 3,7,C,5.77,2.95,6.28,0.0,0.0,0.0,0.0,0.0,0.0,0.0,23.0,19.4,0,50.4,13.450800000000005
2021,Loyola Chicago,Region 3,8,A,6.3,4.7,6.82,0.0,0.0,0.0,0.0,0.0,0.0,0.0,28.4,21.7,1,56.3,13.966
2021,Georgia Tech,Region 3,9,B,5.01,4.73,4.94,0.0,0.0,0.0,0.0,0.0,0.0,0.0,17.0,15.8,1,53.9,14.535600000000002
2021,Rutgers,Region 3,10,C,5.27,2.99,6.23,0.0,0.0,0.0,0.0,0.0,0.0,0.0,22.7,17.0,0,50.2,15.147100000000002
2021,Syracuse,Region 3,11,C,4.73,4.13,5.18,0.0,0.0,0.0,0.0,0.0,0.0,0.0,18.5,14.1,1,50.7,13.2037
2021,Oregon St.,Region 3,12,D,4.67,3.46,4.47,0.0,0.0,0.0,0.0,0.0,0.0,0.0,20.3,15.1,0,48.7,13.959600000000002
2021,Liberty,Region 3,13,F,4.32,3.82,4.46,0.0,0.0,0.0,0.0,0.0,0.0,0.0,17.6,15.5,3,57.4,16.384800000000002
2021,Morehead St.,Region 3,14,D,3.08,1.94,4.45,0.0,0.0,0.0,0.0,0.0,0.0,0.0,6.9,7.7,0,51.9,15.007600000000002
2021,Cleveland St.,Region 3,15,F,2.48,1.54,3.55,0.0,0.0,0.0,0.0,0.0,0.0,0.0,0.9,4.0,1,50.6,13.810200000000002
2021,Drexel,Region 3,16,F,2.79,2.97,2.99,0.0,0.0,0.0,0.0,0.0,0.0,0.0,5.7,7.3,1,54.3,16.555500000000002
2021,Baylor,Region 2,1,S,7.63,6.89,6.82,0.0,0.0,0.0,0.0,0.0,0.0,0.0,34.4,28.3,4,57.5,13.1061
2021,Ohio St.,Region 2,2,A,6.09,4.84,4.86,0.0,0.0,0.0,0.0,0.0,0.0,0.0,23.9,17.2,1,53.1,11.9562
2021,Arkansas,Region 2,3,B,5.94,4.04,6.02,0.0,0.0,0.0,0.0,0.0,0.0,0.0,22.6,16.6,0,51.5,16.1553
2021,Purdue,Region 2,4,B,5.73,4.0,5.37,0.0,0.0,0.0,0.0,0.0,0.0,0.0,22.4,18.3,0,51.4,9.9237
2021,Villanova,Region 2,5,B,5.84,4.98,5.03,0.0,0.0,0.0,0.0,0.0,0.0,0.0,23.9,20.3,1,52.8,13.7591
2021,Texas Tech,Region 2,6,B,6.2,4.39,6.51,0.0,0.0,0.0,0.0,0.0,0.0,0.0,29.7,20.1,1,49.7,10.3638
2021,Florida,Region 2,7,C,5.43,4.42,5.56,0.0,0.0,0.0,0.0,0.0,0.0,0.0,19.2,16.6,1,52.5,18.230199999999996
2021,North Carolina,Region 2,8,C,5.71,4.03,5.69,0.0,0.0,0.0,0.0,0.0,0.0,0.0,20.3,18.4,1,48.5,15.958500000000004
2021,Wisconsin,Region 2,9,A,6.02,3.4,6.6,0.0,0.0,0.0,0.0,0.0,0.0,0.0,28.0,20.3,1,49.4,14.1794
2021,Virginia Tech,Region 2,10,C,5.03,3.67,5.05,0.0,0.0,0.0,0.0,0.0,0.0,0.0,18.7,16.8,0,52.5,14.7789
2021,Utah St.,Region 2,11,C,5.55,3.83,6.31,0.0,0.0,0.0,0.0,0.0,0.0,0.0,23.3,21.3,1,49.8,16.772000000000002
2021,Winthrop,Region 2,12,F,4.63,3.3,4.63,0.0,0.0,0.0,0.0,0.0,0.0,0.0,9.4,11.4,1,53.0,11.481
2021,North Texas,Region 2,13,D,4.15,2.97,5.82,0.0,0.0,0.0,0.0,0.0,0.0,0.0,14.3,9.7,1,54.0,12.724
2021,Colgate,Region 2,14,F,4.66,3.77,5.04,0.0,0.0,0.0,0.0,0.0,0.0,0.0,12.8,10.4,3,57.0,16.4808
2021,Oral Roberts,Region 2,15,F,2.52,2.31,3.3,0.0,0.0,0.0,0.0,0.0,0.0,0.0,7.6,9.0,3,53.6,19.2917
2021,Hartford,Region 2,16,F,2.1,0.5,4.38,0.0,0.0,0.0,0.0,0.0,0.0,0.0,2.2,4.9,0,50.4,16.4666
2021,Gonzaga,Region 1,1,S,8.34,8.18,7.12,0.0,0.0,0.0,0.0,0.0,0.0,0.0,44.3,30.2,1,61.0,14.5446
2021,Iowa,Region 1,2,S,6.94,6.13,6.15,0.0,0.0,0.0,0.0,0.0,0.0,0.0,30.2,25.8,3,54.6,15.3252
2021,Kansas,Region 1,3,B,5.57,2.93,6.39,0.0,0.0,0.0,0.0,0.0,0.0,0.0,18.1,17.5,0,49.7,14.555799999999998
2021,Virginia,Region 1,4,A,6.35,5.78,6.27,0.0,0.0,0.0,0.0,0.0,0.0,0.0,29.0,27.1,3,56.1,17.225600000000004
2021,Creighton,Region 1,5,B,6.03,4.6,6.27,0.0,0.0,0.0,0.0,0.0,0.0,0.0,25.7,19.0,2,55.7,13.4263
2021,USC,Region 1,6,B,6.99,5.51,6.95,0.0,0.0,0.0,0.0,0.0,0.0,0.0,33.9,23.6,1,52.1,15.2002
2021,Oregon,Region 1,7,C,5.89,4.97,5.15,0.0,0.0,0.0,0.0,0.0,0.0,0.0,26.4,23.5,1,54.4,16.778499999999998
2021,Oklahoma,Region 1,8,B,5.26,3.38,5.63,0.0,0.0,0.0,0.0,0.0,0.0,0.0,21.1,15.7,1,50.8,14.650400000000005
2021,Missouri,Region 1,9,C,5.15,3.65,5.3,0.0,0.0,0.0,0.0,0.0,0.0,0.0,17.6,14.0,0,50.9,12.995
2021,VCU,Region 1,10,C,5.64,3.65,6.37,0.0,0.0,0.0,0.0,0.0,0.0,0.0,20.1,17.9,1,50.9,18.704199999999997
2021,Drake,Region 1,11,B,4.86,3.64,4.72,0.0,0.0,0.0,0.0,0.0,0.0,0.0,16.9,14.2,1,54.5,13.3632
2021,UC Santa Barbara,Region 1,12,B,4.96,4.45,5.14,0.0,0.0,0.0,0.0,0.0,0.0,0.0,19.4,16.9,0,53.0,16.757700000000003
2021,Ohio,Region 1,13,F,4.34,4.24,3.98,0.0,0.0,0.0,0.0,0.0,0.0,0.0,17.1,15.0,1,55.8,15.15
2021,Eastern Washington,Region 1,14,F,3.94,3.07,4.45,0.0,0.0,0.0,0.0,0.0,0.0,0.0,13.5,13.0,0,54.1,15.4394
2021,Grand Canyon,Region 1,15,D,3.96,3.09,5.29,0.0,0.0,0.0,0.0,0.0,0.0,0.0,13.7,12.6,0,52.8,16.791999999999998
2021,Norfolk St.,Region 1,16,F,2.16,1.29,3.21,0.0,0.0,0.0,0.0,0.0,0.0,0.0,0.1,3.6,1,49.7,15.8032
2022,Baylor,Region 4,1,S,7.35,5.74,6.76,0.0,0.0,0.0,0.0,0.0,0.0,0.0,29.0,21.0,1,52.9,12.1736
2022,Kentucky,Region 4,2,S,6.67,5.92,6.49,0.0,0.0,0.0,0.0,0.0,0.0,0.0,24.6,17.6,1,53.3,14.213900000000002
2022,Purdue,Region 4,3,C,6.24,6.36,4.62,0.0,0.0,0.0,0.0,0.0,0.0,0.0,20.6,15.8,3,57.0,11.5575
2022,UCLA,Region 4,4,A,6.36,3.76,6.3,0.0,0.0,0.0,0.0,0.0,0.0,0.0,26.3,19.8,1,50.6,14.6568
2022,Saint Mary's,Region 4,5,B,5.43,2.92,6.02,0.0,0.0,0.0,0.0,0.0,0.0,0.0,22.4,15.6,0,52.6,17.540699999999998
2022,Texas,Region 4,6,B,6.02,3.62,6.65,0.0,0.0,0.0,0.0,0.0,0.0,0.0,22.6,17.9,1,50.1,14.9373
2022,Murray St.,Region 4,7,C,5.31,4.0,5.8,0.0,0.0,0.0,0.0,0.0,0.0,0.0,22.1,15.4,1,52.9,12.6745
2022,North Carolina,Region 4,8,B,5.07,3.96,4.88,0.0,0.0,0.0,0.0,0.0,0.0,0.0,23.8,17.0,0,52.1,13.8573
2022,Marquette,Region 4,9,C,4.53,3.38,5.35,0.0,0.0,0.0,0.0,0.0,0.0,0.0,9.3,8.9,1,52.6,20.9092
2022,San Francisco,Region 4,10,B,5.45,4.09,5.72,0.0,0.0,0.0,0.0,0.0,0.0,0.0,20.2,16.4,0,53.1,18.5625
2022,Virginia Tech,Region 4,11,B,5.38,4.79,5.61,0.0,0.0,0.0,0.0,0.0,0.0,0.0,18.4,16.3,2,55.2,13.9343
2022,Indiana,Region 4,12,C,5.33,4.53,6.37,0.0,0.0,0.0,0.0,0.0,0.0,0.0,17.1,16.3,0,51.3,15.1476
2022,Akron,Region 4,13,F,2.83,2.89,3.57,0.0,0.0,0.0,0.0,0.0,0.0,0.0,5.4,7.3,0,52.8,16.957500000000003
2022,Yale,Region 4,14,F,2.66,0.73,3.77,0.0,0.0,0.0,0.0,0.0,0.0,0.0,10.1,7.1,0,50.1,13.72
2022,Saint Peter's,Region 4,15,D,3.62,1.69,5.1,0.0,0.0,0.0,0.0,0.0,0.0,0.0,9.2,9.8,0,47.8,18.730200000000004
2022,Norfolk St.,Region 4,16,F,2.81,2.33,4.25,0.0,0.0,0.0,0.0,0.0,0.0,0.0,6.6,6.8,0,51.5,14.4903
2022,Kansas,Region 3,1,S,7.15,5.86,6.6,0.0,0.0,0.0,0.0,0.0,0.0,0.0,30.4,23.8,0,54.1,15.060200000000002
2022,Auburn,Region 3,2,A,6.67,5.86,7.51,0.0,0.0,0.0,0.0,0.0,0.0,0.0,15.7,17.4,0,50.3,20.4923
2022,Wisconsin,Region 3,3,B,5.42,2.96,5.75,0.0,0.0,0.0,0.0,0.0,0.0,0.0,22.5,18.2,1,48.2,13.3202
2022,Providence,Region 3,4,C,5.01,3.6,5.11,0.0,0.0,0.0,0.0,0.0,0.0,0.0,17.0,13.7,0,50.3,18.2102
2022,Iowa,Region 3,5,B,6.72,5.88,5.53,0.0,0.0,0.0,0.0,0.0,0.0,0.0,29.3,23.5,2,53.6,17.460000000000004
2022,LSU,Region 3,6,B,6.27,4.69,7.54,0.0,0.0,0.0,0.0,0.0,0.0,0.0,25.9,22.3,1,49.5,15.144000000000002
2022,USC,Region 3,7,C,5.15,3.55,5.73,0.0,0.0,0.0,0.0,0.0,0.0,0.0,14.7,11.9,0,51.1,17.626400000000004
2022,San Diego St.,Region 3,8,B,5.79,2.78,7.56,0.0,0.0,0.0,0.0,0.0,0.0,0.0,20.0,17.2,0,48.8,15.1818
2022,Creighton,Region 3,9,C,4.79,3.28,6.58,0.0,0.0,0.0,0.0,0.0,0.0,0.0,13.6,12.0,0,50.9,17.0337
2022,Miami FL,Region 3,10,D,4.43,3.84,4.13,0.0,0.0,0.0,0.0,0.0,0.0,0.0,18.1,13.7,2,54.2,14.563799999999995
2022,Iowa St.,Region 3,11,C,5.03,2.83,6.3,0.0,0.0,0.0,0.0,0.0,0.0,0.0,13.5,14.3,0,49.9,10.372
2022,Richmond,Region 3,12,B,4.14,3.21,4.96,0.0,0.0,0.0,0.0,0.0,0.0,0.0,12.8,13.5,1,51.5,13.5196
2022,South Dakota St.,Region 3,13,F,4.42,4.87,3.26,0.0,0.0,0.0,0.0,0.0,0.0,0.0,14.7,12.9,3,59.7,13.506399999999996
2022,Colgate,Region 3,14,F,2.97,3.25,3.8,0.0,0.0,0.0,0.0,0.0,0.0,0.0,7.2,8.4,2,55.9,14.9968
2022,Jacksonville St.,Region 3,15,F,2.77,2.77,3.31,0.0,0.0,0.0,0.0,0.0,0.0,0.0,6.0,6.3,1,54.2,16.3524
2022,Texas Southern,Region 3,16,F,2.61,1.0,4.52,0.0,0.0,0.0,0.0,0.0,0.0,0.0,-1.2,4.0,0,48.7,17.7196
2022,Arizona,Region 2,1,S,7.42,6.97,7.26,0.0,0.0,0.0,0.0,0.0,0.0,0.0,28.1,21.0,2,55.9,14.2724
2022,Villanova,Region 2,2,A,6.26,4.32,6.03,0.0,0.0,0.0,0.0,0.0,0.0,0.0,27.6,19.9,1,52.0,13.8507
2022,Tennessee,Region 2,3,A,7.38,4.85,7.26,0.0,0.0,0.0,0.0,0.0,0.0,0.0,34.1,24.7,0,50.3,16.1964
2022,Illinois,Region 2,4,C,5.65,4.68,6.35,0.0,0.0,0.0,0.0,0.0,0.0,0.0,21.3,14.2,0,53.1,11.848200000000002
2022,Houston,Region 2,5,S,7.29,6.15,7.68,0.0,0.0,0.0,0.0,0.0,0.0,0.0,31.9,23.3,1,53.6,14.2006
2022,Colorado St.,Region 2,6,B,5.43,4.13,4.96,0.0,0.0,0.0,0.0,0.0,0.0,0.0,20.5,17.9,2,55.2,10.6325
2022,Ohio St.,Region 2,7,C,5.25,5.07,5.1,0.0,0.0,0.0,0.0,0.0,0.0,0.0,17.5,13.9,2,54.8,15.859000000000002
2022,Seton Hall,Region 2,8,C,4.74,2.52,5.55,0.0,0.0,0.0,0.0,0.0,0.0,0.0,12.6,10.1,0,47.6,20.7332
2022,TCU,Region 2,9,C,5.16,2.8,5.29,0.0,0.0,0.0,0.0,0.0,0.0,0.0,18.9,13.4,1,48.9,15.6734
2022,Loyola Chicago,Region 2,10,B,5.52,4.16,5.64,0.0,0.0,0.0,0.0,0.0,0.0,0.0,20.0,14.3,2,56.3,14.204199999999998
2022,Michigan,Region 2,11,C,4.46,4.26,5.02,0.0,0.0,0.0,0.0,0.0,0.0,0.0,11.5,11.2,0,52.3,11.529899999999998
2022,UAB,Region 2,12,C,4.73,3.92,5.33,0.0,0.0,0.0,0.0,0.0,0.0,0.0,17.0,13.5,1,52.9,13.0914
2022,Chattanooga,Region 2,13,F,4.27,2.78,4.63,0.0,0.0,0.0,0.0,0.0,0.0,0.0,19.1,15.4,0,52.8,15.059399999999998
2022,Longwood,Region 2,14,F,3.18,2.92,2.97,0.0,0.0,0.0,0.0,0.0,0.0,0.0,9.4,10.7,1,51.1,12.526
2022,Delaware,Region 2,15,F,2.83,3.23,3.29,0.0,0.0,0.0,0.0,0.0,0.0,0.0,8.1,6.8,1,53.5,19.0434
2022,Bryant,Region 2,16,F,2.71,2.22,3.83,0.0,0.0,0.0,0.0,0.0,0.0,0.0,5.7,10.6,1,49.7,18.7994
2022,Gonzaga,Region 1,1,S,7.47,6.77,7.69,0.0,0.0,0.0,0.0,0.0,0.0,0.0,32.1,21.6,2,59.4,17.8595
2022,Duke,Region 1,2,A,6.73,6.09,6.43,0.0,0.0,0.0,0.0,0.0,0.0,0.0,26.2,22.5,2,55.6,17.314
2022,Texas Tech,Region 1,3,A,6.95,4.8,7.32,0.0,0.0,0.0,0.0,0.0,0.0,0.0,27.7,19.5,0,52.4,12.7988
2022,Arkansas,Region 1,4,B,5.46,3.95,5.84,0.0,0.0,0.0,0.0,0.0,0.0,0.0,20.9,16.0,0,49.2,12.8238
2022,Connecticut,Region 1,5,B,5.76,3.8,5.96,0.0,0.0,0.0,0.0,0.0,0.0,0.0,25.5,17.4,1,49.6,19.666
2022,Alabama,Region 1,6,C,5.28,5.05,4.7,0.0,0.0,0.0,0.0,0.0,0.0,0.0,15.9,13.9,2,51.5,16.011899999999997
2022,Michigan St.,Region 1,7,C,4.96,3.29,4.81,0.0,0.0,0.0,0.0,0.0,0.0,0.0,14.3,10.5,1,52.0,14.394099999999998
2022,Boise St.,Region 1,8,B,5.45,3.37,5.9,0.0,0.0,0.0,0.0,0.0,0.0,0.0,21.9,16.6,0,51.1,13.2704
2022,Memphis,Region 1,9,C,5.98,5.38,5.7,0.0,0.0,0.0,0.0,0.0,0.0,0.0,20.5,15.4,2,52.6,18.182100000000005
2022,Davidson,Region 1,10,B,4.99,4.95,4.15,0.0,0.0,0.0,0.0,0.0,0.0,0.0,20.8,16.0,3,55.6,12.4413
2022,Notre Dame,Region 1,11,B,4.66,3.31,5.03,0.0,0.0,0.0,0.0,0.0,0.0,0.0,15.7,12.6,2,54.0,12.996
2022,New Mexico St.,Region 1,12,D,4.39,3.65,4.82,0.0,0.0,0.0,0.0,0.0,0.0,0.0,15.1,11.6,0,52.2,15.0665
2022,Vermont,Region 1,13,B,4.65,4.1,5.32,0.0,0.0,0.0,0.0,0.0,0.0,0.0,15.9,13.1,2,57.3,14.734
2022,Montana St.,Region 1,14,F,2.99,3.22,3.17,0.0,0.0,0.0,0.0,0.0,0.0,0.0,4.8,5.2,1,54.1,15.272799999999998
2022,Cal St. Fullerton,Region 1,15,F,2.26,1.33,3.26,0.0,0.0,0.0,0.0,0.0,0.0,0.0,4.6,8.4,0,49.2,13.9105
2022,Georgia St.,Region 1,16,F,2.89,0.26,3.84,0.0,0.0,0.0,0.0,0.0,0.0,0.0,13.2,10.1,1,45.1,17.1275
2023,Purdue,Region 4,1,A,7.29,6.69,6.49,0.0,0.0,0.0,0.0,0.0,0.0,0.0,31.7,27.2,1,52.2,11.309399999999998
2023,Marquette,Region 4,2,B,6.82,6.37,5.54,0.0,0.0,0.0,0.0,0.0,0.0,0.0,28.9,23.4,3,56.0,16.392
2023,Kansas St.,Region 4,3,B,5.65,4.94,5.66,0.0,0.0,0.0,0.0,0.0,0.0,0.0,20.4,18.4,0,51.5,14.1295
2023,Tennessee,Region 4,4,A,7.2,5.06,7.71,0.0,0.0,0.0,0.0,0.0,0.0,0.0,31.2,20.4,1,50.3,16.8446
2023,Duke,Region 4,5,C,6.28,5.11,5.89,0.0,0.0,0.0,0.0,0.0,0.0,0.0,24.7,20.3,1,51.1,16.413800000000002
2023,Kentucky,Region 4,6,C,5.65,5.22,5.01,0.0,0.0,0.0,0.0,0.0,0.0,0.0,25.1,20.3,1,51.2,14.543
2023,Michigan St.,Region 4,7,B,5.4,3.54,5.4,0.0,0.0,0.0,0.0,0.0,0.0,0.0,23.7,17.5,1,51.6,13.5086
2023,Memphis,Region 4,8,B,6.08,5.12,5.68,0.0,0.0,0.0,0.0,0.0,0.0,0.0,21.7,19.4,1,53.2,16.269
2023,Florida Atlantic,Region 4,9,B,6.34,4.31,6.04,0.0,0.0,0.0,0.0,0.0,0.0,0.0,26.6,20.4,2,55.0,15.9511
2023,USC,Region 4,10,C,5.41,4.16,6.07,0.0,0.0,0.0,0.0,0.0,0.0,0.0,23.0,19.3,1,51.3,15.7508
2023,Providence,Region 4,11,C,4.87,4.57,3.87,0.0,0.0,0.0,0.0,0.0,0.0,0.0,19.0,15.5,1,51.5,19.163
2023,Oral Roberts,Region 4,12,C,4.71,4.53,5.09,0.0,0.0,0.0,0.0,0.0,0.0,0.0,17.1,16.2,2,56.1,15.7936
2023,Louisiana Lafayette,Region 4,13,F,4.04,3.89,3.78,0.0,0.0,0.0,0.0,0.0,0.0,0.0,12.9,14.6,0,53.0,16.2036
2023,Montana St.,Region 4,14,F,3.6,3.6,3.76,0.0,0.0,0.0,0.0,0.0,0.0,0.0,9.9,11.0,0,50.9,16.967299999999998
2023,Vermont,Region 4,15,F,3.72,3.11,3.62,0.0,0.0,0.0,0.0,0.0,0.0,0.0,14.5,12.5,2,54.9,14.8858
2023,Fairleigh Dickinson,Region 4,16,F,0.17,1.17,0.0,0.0,0.0,0.0,0.0,0.0,0.0,0.0,-4.0,0.3,0,51.5,13.7034
2023,Houston,Region 2,1,A,7.92,6.15,8.08,0.0,0.0,0.0,0.0,0.0,0.0,0.0,38.2,27.5,2,52.7,15.4582
2023,Texas,Region 2,2,A,6.91,5.3,6.43,0.0,0.0,0.0,0.0,0.0,0.0,0.0,27.6,21.9,0,52.7,14.828800000000005
2023,Xavier,Region 2,3,C,6.03,5.71,4.65,0.0,0.0,0.0,0.0,0.0,0.0,0.0,26.2,20.5,2,55.6,16.277900000000002
2023,Indiana,Region 2,4,C,5.84,4.96,5.62,0.0,0.0,0.0,0.0,0.0,0.0,0.0,24.5,22.1,0,53.8,17.695
2023,Miami FL,Region 2,5,C,5.32,5.13,3.9,0.0,0.0,0.0,0.0,0.0,0.0,0.0,24.1,17.7,1,55.0,14.4718
2023,Iowa St.,Region 2,6,B,5.16,3.63,5.55,0.0,0.0,0.0,0.0,0.0,0.0,0.0,14.2,12.2,0,50.7,9.069
2023,Texas A&M,Region 2,7,C,5.86,4.78,5.35,0.0,0.0,0.0,0.0,0.0,0.0,0.0,25.7,20.4,2,49.0,12.923
2023,Iowa,Region 2,8,C,4.67,4.55,3.58,0.0,0.0,0.0,0.0,0.0,0.0,0.0,17.4,15.8,1,51.9,14.4716
2023,Auburn,Region 2,9,C,6.01,4.87,6.35,0.0,0.0,0.0,0.0,0.0,0.0,0.0,22.9,21.5,1,49.6,18.736199999999997
2023,Penn St.,Region 2,10,B,5.11,3.49,5.02,0.0,0.0,0.0,0.0,0.0,0.0,0.0,19.9,21.1,3,55.5,11.1449
2023,Pittsburgh,Region 2,11,D,4.31,3.85,4.05,0.0,0.0,0.0,0.0,0.0,0.0,0.0,16.8,12.7,0,53.2,15.9918
2023,Drake,Region 2,12,B,4.54,2.49,5.47,0.0,0.0,0.0,0.0,0.0,0.0,0.0,17.2,15.9,1,53.1,13.322399999999996
2023,Kent St.,Region 2,13,D,4.77,3.27,5.17,0.0,0.0,0.0,0.0,0.0,0.0,0.0,17.0,12.6,1,51.3,16.3704
2023,Kennesaw St.,Region 2,14,F,3.33,2.73,3.07,0.0,0.0,0.0,0.0,0.0,0.0,0.0,10.7,8.8,0,52.9,15.964200000000002
2023,Colgate,Region 2,15,F,3.61,4.24,3.32,0.0,0.0,0.0,0.0,0.0,0.0,0.0,14.4,11.7,3,58.6,12.4254
2023,Northern Kentucky,Region 2,16,F,2.31,1.5,3.45,0.0,0.0,0.0,0.0,0.0,0.0,0.0,7.4,7.3,1,49.8,16.249499999999998
2023,Alabama,Region 1,1,S,8.16,6.18,7.94,0.0,0.0,0.0,0.0,0.0,0.0,0.0,36.8,27.5,0,52.7,16.8804
2023,Arizona,Region 1,2,A,6.69,6.76,6.07,0.0,0.0,0.0,0.0,0.0,0.0,0.0,26.9,21.3,2,56.8,11.3655
2023,Baylor,Region 1,3,C,6.02,5.68,4.49,0.0,0.0,0.0,0.0,0.0,0.0,0.0,24.4,19.4,3,53.1,8.746100000000002
2023,Virginia,Region 1,4,B,5.81,4.44,5.7,0.0,0.0,0.0,0.0,0.0,0.0,0.0,24.7,17.8,1,51.3,14.2031
2023,San Diego St.,Region 1,5,A,6.18,3.75,5.94,0.0,0.0,0.0,0.0,0.0,0.0,0.0,21.8,15.9,0,50.1,16.340400000000002
2023,Creighton,Region 1,6,B,6.1,5.33,6.27,0.0,0.0,0.0,0.0,0.0,0.0,0.0,28.7,23.6,0,54.3,15.0991
2023,Missouri,Region 1,7,C,5.73,5.99,4.51,0.0,0.0,0.0,0.0,0.0,0.0,0.0,21.8,21.0,2,55.1,12.8252
2023,Maryland,Region 1,8,B,5.29,3.74,5.59,0.0,0.0,0.0,0.0,0.0,0.0,0.0,24.0,19.2,0,51.1,17.0884
2023,West Virginia,Region 1,9,C,5.41,4.96,4.32,0.0,0.0,0.0,0.0,0.0,0.0,0.0,21.7,16.4,0,51.7,16.8893
2023,Utah St.,Region 1,10,B,5.78,5.88,4.99,0.0,0.0,0.0,0.0,0.0,0.0,0.0,26.0,19.6,2,55.6,16.6704
2023,North Carolina St.,Region 1,11,C,4.99,3.35,4.9,0.0,0.0,0.0,0.0,0.0,0.0,0.0,23.8,16.2,1,51.8,17.3868
2023,College of Charleston,Region 1,12,F,5.04,3.24,5.07,0.0,0.0,0.0,0.0,0.0,0.0,0.0,18.5,13.5,1,51.5,13.625
2023,Furman,Region 1,13,F,4.03,4.88,3.36,0.0,0.0,0.0,0.0,0.0,0.0,0.0,13.9,13.0,2,55.6,16.363200000000003
2023,UC Santa Barbara,Region 1,14,F,3.36,3.74,3.42,0.0,0.0,0.0,0.0,0.0,0.0,0.0,10.0,9.9,0,54.2,15.9605
2023,Princeton,Region 1,15,F,3.17,2.64,3.49,0.0,0.0,0.0,0.0,0.0,0.0,0.0,9.6,9.4,0,52.5,17.9911
2023,Southeast Missouri St.,Region 1,16,F,0.59,1.12,1.68,0.0,0.0,0.0,0.0,0.0,0.0,0.0,-6.0,-1.4,0,50.0,15.879699999999996
2023,Kansas,Region 3,1,A,6.28,4.66,6.39,0.0,0.0,0.0,0.0,0.0,0.0,0.0,29.8,18.8,0,52.4,15.7613
2023,UCLA,Region 3,2,A,6.89,4.6,7.28,0.0,0.0,0.0,0.0,0.0,0.0,0.0,26.7,22.1,1,50.9,16.8816
2023,Gonzaga,Region 3,3,B,6.4,6.68,4.87,0.0,0.0,0.0,0.0,0.0,0.0,0.0,27.3,21.7,3,58.5,14.684599999999998
2023,Connecticut,Region 3,4,S,6.93,6.47,6.46,0.0,0.0,0.0,0.0,0.0,0.0,0.0,35.6,23.2,1,53.5,18.2686
2023,Saint Mary's,Region 3,5,A,5.7,4.29,6.13,0.0,0.0,0.0,0.0,0.0,0.0,0.0,27.9,19.3,0,52.5,17.985200000000003
2023,TCU,Region 3,6,C,6.08,4.05,5.74,0.0,0.0,0.0,0.0,0.0,0.0,0.0,27.7,18.4,1,50.2,17.243599999999997
2023,Northwestern,Region 3,7,C,4.74,2.63,5.69,0.0,0.0,0.0,0.0,0.0,0.0,0.0,16.7,13.3,1,47.2,14.2161
2023,Arkansas,Region 3,8,B,5.53,4.86,5.72,0.0,0.0,0.0,0.0,0.0,0.0,0.0,23.4,18.0,0,52.0,18.2946
2023,Illinois,Region 3,9,C,5.52,4.26,5.86,0.0,0.0,0.0,0.0,0.0,0.0,0.0,23.8,17.9,0,51.6,16.1178
2023,Boise St.,Region 3,10,B,5.1,2.8,5.7,0.0,0.0,0.0,0.0,0.0,0.0,0.0,22.3,15.6,0,51.9,14.640799999999995
2023,Arizona St.,Region 3,11,D,5.22,3.14,5.91,0.0,0.0,0.0,0.0,0.0,0.0,0.0,22.4,16.5,1,47.5,19.4262
2023,VCU,Region 3,12,C,4.86,3.79,5.29,0.0,0.0,0.0,0.0,0.0,0.0,0.0,15.9,11.4,0,52.2,21.6238
2023,Iona,Region 3,13,D,4.78,3.69,5.64,0.0,0.0,0.0,0.0,0.0,0.0,0.0,21.5,15.8,2,51.8,20.039199999999997
2023,Grand Canyon,Region 3,14,F,3.27,2.72,3.39,0.0,0.0,0.0,0.0,0.0,0.0,0.0,10.9,8.7,2,52.9,19.728
2023,UNC Asheville,Region 3,15,F,2.77,3.33,3.98,0.0,0.0,0.0,0.0,0.0,0.0,0.0,0.7,10.6,1,53.9,15.984
2023,Howard,Region 3,16,F,2.13,2.08,2.77,0.0,0.0,0.0,0.0,0.0,0.0,0.0,2.3,4.2,2,52.0,14.842099999999997
2024,Connecticut,Region 1,1,S,8.91,8.78,7.13,0.0,0.0,0.0,0.0,0.0,0.0,0.0,47.1,33.3,3,57.1,20.0588
2024,Iowa St.,Region 1,2,A,7.13,5.63,7.19,0.0,0.0,0.0,0.0,0.0,0.0,0.0,30.2,23.1,1,51.9,9.1826
2024,Illinois,Region 1,3,A,6.63,6.1,5.23,0.0,0.0,0.0,0.0,0.0,0.0,0.0,31.3,24.0,2,53.8,15.328299999999995
2024,Auburn,Region 1,4,S,8.33,7.73,7.24,0.0,0.0,0.0,0.0,0.0,0.0,0.0,37.7,31.6,2,54.1,22.3338
2024,San Diego St.,Region 1,5,B,5.54,3.95,5.55,0.0,0.0,0.0,0.0,0.0,0.0,0.0,22.1,17.0,0,49.8,14.7871
2024,BYU,Region 1,6,B,6.35,5.84,5.65,0.0,0.0,0.0,0.0,0.0,0.0,0.0,28.2,21.5,2,55.1,10.8447
2024,Washington St.,Region 1,7,C,5.08,4.2,4.91,0.0,0.0,0.0,0.0,0.0,0.0,0.0,20.9,15.8,0,52.1,18.6899
2024,Florida Atlantic,Region 1,8,C,5.46,5.28,4.47,0.0,0.0,0.0,0.0,0.0,0.0,0.0,24.9,18.5,2,55.0,15.7776
2024,Northwestern,Region 1,9,C,4.67,4.3,3.96,0.0,0.0,0.0,0.0,0.0,0.0,0.0,14.7,15.8,2,53.2,15.949199999999998
2024,Drake,Region 1,10,B,4.82,4.05,4.11,0.0,0.0,0.0,0.0,0.0,0.0,0.0,19.7,15.3,2,54.9,11.3586
2024,Duquesne,Region 1,11,D,4.25,2.72,4.6,0.0,0.0,0.0,0.0,0.0,0.0,0.0,15.6,12.9,1,50.1,17.4243
2024,UAB,Region 1,12,F,3.46,3.82,2.81,0.0,0.0,0.0,0.0,0.0,0.0,0.0,10.5,11.1,2,50.1,16.8793
2024,Yale,Region 1,13,F,3.73,2.93,3.7,0.0,0.0,0.0,0.0,0.0,0.0,0.0,16.8,11.7,1,52.3,13.8393
2024,Morehead St.,Region 1,14,F,3.23,3.82,4.25,0.0,0.0,0.0,0.0,0.0,0.0,0.0,12.1,12.3,0,54.4,17.6725
2024,South Dakota St.,Region 1,15,F,2.6,3.46,3.27,0.0,0.0,0.0,0.0,0.0,0.0,0.0,4.8,9.8,1,55.3,11.015800000000002
2024,Stetson,Region 1,16,F,0.89,2.42,1.06,0.0,0.0,0.0,0.0,0.0,0.0,0.0,-3.7,1.4,2,53.4,17.9868
2024,Purdue,Region 3,1,S,7.71,8.3,6.21,0.0,0.0,0.0,0.0,0.0,0.0,0.0,35.6,27.8,3,56.0,10.8482
2024,Tennessee,Region 3,2,A,6.85,5.26,6.79,0.0,0.0,0.0,0.0,0.0,0.0,0.0,33.1,22.9,1,51.5,17.2193
2024,Creighton,Region 3,3,A,6.52,6.42,6.34,0.0,0.0,0.0,0.0,0.0,0.0,0.0,31.1,23.9,2,57.5,16.196599999999997
2024,Kansas,Region 3,4,C,5.75,5.13,6.12,0.0,0.0,0.0,0.0,0.0,0.0,0.0,22.5,18.7,0,53.4,12.5152
2024,Gonzaga,Region 3,5,C,6.28,6.5,5.9,0.0,0.0,0.0,0.0,0.0,0.0,0.0,31.3,23.5,2,56.7,15.184200000000002
2024,South Carolina,Region 3,6,C,5.85,4.18,5.01,0.0,0.0,0.0,0.0,0.0,0.0,0.0,26.2,20.4,1,50.8,17.2526
2024,Texas,Region 3,7,C,5.68,5.59,5.16,0.0,0.0,0.0,0.0,0.0,0.0,0.0,25.2,19.5,1,53.7,18.7844
2024,Utah St.,Region 3,8,C,5.06,5.09,3.93,0.0,0.0,0.0,0.0,0.0,0.0,0.0,21.5,16.6,1,54.1,16.5956
2024,TCU,Region 3,9,C,5.44,4.8,4.38,0.0,0.0,0.0,0.0,0.0,0.0,0.0,23.0,16.3,1,51.9,18.0546
2024,Colorado St.,Region 3,10,B,5.56,5.17,5.02,0.0,0.0,0.0,0.0,0.0,0.0,0.0,23.9,20.4,2,54.6,13.672
2024,Oregon,Region 3,11,C,5.38,4.69,4.3,0.0,0.0,0.0,0.0,0.0,0.0,0.0,24.0,21.4,1,51.8,13.8789
2024,McNeese St.,Region 3,12,D,4.91,5.4,4.46,0.0,0.0,0.0,0.0,0.0,0.0,0.0,17.6,16.9,4,54.9,17.5082
2024,Samford,Region 3,13,D,5.21,4.99,3.96,0.0,0.0,0.0,0.0,0.0,0.0,0.0,22.1,17.7,3,56.9,17.2055
2024,Akron,Region 3,14,F,3.15,3.0,3.77,0.0,0.0,0.0,0.0,0.0,0.0,0.0,9.7,10.0,0,52.0,16.1846
2024,Saint Peter's,Region 3,15,F,1.79,0.56,3.46,0.0,0.0,0.0,0.0,0.0,0.0,0.0,-0.4,5.0,1,45.0,18.4044
2024,Montana St.,Region 3,16,F,1.02,1.95,2.16,0.0,0.0,0.0,0.0,0.0,0.0,0.0,-1.8,3.1,0,53.9,15.9988
2024,Houston,Region 2,1,A,8.55,5.8,8.59,0.0,0.0,0.0,0.0,0.0,0.0,0.0,44.7,30.8,3,49.7,14.5509
2024,Marquette,Region 2,2,A,7.17,5.98,5.96,0.0,0.0,0.0,0.0,0.0,0.0,0.0,33.6,25.4,3,55.1,16.07
2024,Kentucky,Region 2,3,C,6.48,6.57,4.9,0.0,0.0,0.0,0.0,0.0,0.0,0.0,30.8,23.2,4,57.4,16.3957
2024,Duke,Region 2,4,A,6.65,6.2,5.56,0.0,0.0,0.0,0.0,0.0,0.0,0.0,33.5,22.9,3,55.2,16.2384
2024,Wisconsin,Region 2,5,B,5.45,4.68,4.32,0.0,0.0,0.0,0.0,0.0,0.0,0.0,25.9,18.1,1,52.4,11.4972
2024,Texas Tech,Region 2,6,B,5.22,4.71,4.76,0.0,0.0,0.0,0.0,0.0,0.0,0.0,16.4,14.9,1,52.8,13.1028
2024,Florida,Region 2,7,C,5.88,5.65,4.59,0.0,0.0,0.0,0.0,0.0,0.0,0.0,27.4,18.9,2,51.5,20.0032
2024,Nebraska,Region 2,8,B,6.2,4.28,6.0,0.0,0.0,0.0,0.0,0.0,0.0,0.0,27.9,19.3,1,53.2,13.147799999999998
2024,Texas A&M,Region 2,9,C,4.81,3.19,4.15,0.0,0.0,0.0,0.0,0.0,0.0,0.0,22.8,18.2,2,45.4,13.9905
2024,Boise St.,Region 2,10,B,5.0,4.25,4.62,0.0,0.0,0.0,0.0,0.0,0.0,0.0,20.7,19.7,0,51.6,14.0712
2024,North Carolina St.,Region 2,11,C,4.7,3.77,4.68,0.0,0.0,0.0,0.0,0.0,0.0,0.0,20.7,16.7,1,50.7,15.3913
2024,James Madison,Region 2,12,D,4.94,4.52,4.79,0.0,0.0,0.0,0.0,0.0,0.0,0.0,18.3,13.5,1,54.4,18.015
2024,Vermont,Region 2,13,F,3.94,2.14,4.34,0.0,0.0,0.0,0.0,0.0,0.0,0.0,11.9,9.7,1,51.8,17.5667
2024,Oakland,Region 2,14,F,2.89,2.83,2.65,0.0,0.0,0.0,0.0,0.0,0.0,0.0,9.8,7.5,0,52.1,13.2958
2024,Western Kentucky,Region 2,15,F,3.2,2.2,3.77,0.0,0.0,0.0,0.0,0.0,0.0,0.0,7.5,8.1,0,51.9,16.3476
2024,Longwood,Region 2,16,F,1.64,1.97,2.43,0.0,0.0,0.0,0.0,0.0,0.0,0.0,-2.3,1.4,1,49.4,10.6424
2024,North Carolina,Region 4,1,A,6.65,5.25,6.4,0.0,0.0,0.0,0.0,0.0,0.0,0.0,29.8,25.5,1,51.3,15.1965
2024,Arizona,Region 4,2,S,6.98,6.86,5.86,0.0,0.0,0.0,0.0,0.0,0.0,0.0,34.2,23.1,2,55.0,13.8122
2024,Baylor,Region 4,3,C,6.25,6.97,4.3,0.0,0.0,0.0,0.0,0.0,0.0,0.0,28.3,20.3,3,55.6,10.888000000000002
2024,Alabama,Region 4,4,B,6.43,6.99,4.5,0.0,0.0,0.0,0.0,0.0,0.0,0.0,28.5,22.2,3,56.3,16.1917
2024,Saint Mary's,Region 4,5,C,5.95,4.8,5.9,0.0,0.0,0.0,0.0,0.0,0.0,0.0,26.0,19.3,1,53.1,19.4146
2024,Clemson,Region 4,6,C,5.81,5.58,5.0,0.0,0.0,0.0,0.0,0.0,0.0,0.0,29.6,23.0,1,53.9,17.1416
2024,Dayton,Region 4,7,B,5.52,6.31,5.2,0.0,0.0,0.0,0.0,0.0,0.0,0.0,22.0,20.8,3,56.6,11.3916
2024,Mississippi St.,Region 4,8,C,5.59,4.88,5.33,0.0,0.0,0.0,0.0,0.0,0.0,0.0,24.3,17.8,1,51.7,13.5336
2024,Michigan St.,Region 4,9,B,5.79,4.64,6.06,0.0,0.0,0.0,0.0,0.0,0.0,0.0,25.8,19.7,1,51.5,13.6087
2024,Nevada,Region 4,10,C,5.23,5.19,4.3,0.0,0.0,0.0,0.0,0.0,0.0,0.0,24.4,16.1,1,53.3,16.5795
2024,New Mexico,Region 4,11,B,5.9,4.58,5.57,0.0,0.0,0.0,0.0,0.0,0.0,0.0,24.8,21.7,1,51.0,17.693099999999998
2024,Grand Canyon,Region 4,12,C,4.7,4.73,4.43,0.0,0.0,0.0,0.0,0.0,0.0,0.0,17.2,15.6,1,52.0,23.8729
2024,College of Charleston,Region 4,13,F,4.44,3.94,3.94,0.0,0.0,0.0,0.0,0.0,0.0,0.0,16.5,12.4,1,52.4,11.9354
2024,Colgate,Region 4,14,F,3.11,2.31,4.1,0.0,0.0,0.0,0.0,0.0,0.0,0.0,3.8,7.8,0,53.4,14.1684
2024,Long Beach St.,Region 4,15,F,2.28,2.88,2.47,0.0,0.0,0.0,0.0,0.0,0.0,0.0,9.6,10.2,0,48.9,15.2166
2024,Howard,Region 4,16,F,0.91,2.75,1.29,0.0,0.0,0.0,0.0,0.0,0.0,0.0,-3.4,2.7,2,52.0,15.3463
2025,Duke,Region 2,1,S,9.04,8.8,7.94,0.0,0.0,0.0,0.0,0.0,0.0,0.0,46.4,32.9,4,57.4,16.218
2025,Alabama,Region 2,2,S,7.73,7.71,5.57,0.0,0.0,0.0,0.0,0.0,0.0,0.0,32.7,21.5,2,56.3,15.525
2025,Wisconsin,Region 2,3,B,7.08,6.0,6.12,0.0,0.0,0.0,0.0,0.0,0.0,0.0,31.7,25.8,1,53.6,11.3244
2025,Arizona,Region 2,4,C,6.96,6.59,5.38,0.0,0.0,0.0,0.0,0.0,0.0,0.0,33.6,23.1,1,52.9,14.4098
2025,Oregon,Region 2,5,C,6.05,4.91,5.32,0.0,0.0,0.0,0.0,0.0,0.0,0.0,25.2,19.5,0,52.2,17.5609
2025,BYU,Region 2,6,C,6.9,6.68,4.88,0.0,0.0,0.0,0.0,0.0,0.0,0.0,31.4,23.0,1,57.2,10.678
2025,Saint Mary's,Region 2,7,B,5.9,4.59,5.68,0.0,0.0,0.0,0.0,0.0,0.0,0.0,25.7,19.3,2,50.9,20.233099999999997
2025,Mississippi St.,Region 2,8,C,5.44,5.17,4.18,0.0,0.0,0.0,0.0,0.0,0.0,0.0,20.7,15.3,1,51.7,14.6818
2025,Baylor,Region 2,9,C,5.94,5.4,4.91,0.0,0.0,0.0,0.0,0.0,0.0,0.0,26.6,22.2,2,51.5,8.918600000000001
2025,Vanderbilt,Region 2,10,C,5.87,5.11,4.1,0.0,0.0,0.0,0.0,0.0,0.0,0.0,27.9,22.0,1,51.7,16.6102
2025,VCU,Region 2,11,C,6.27,5.97,6.09,0.0,0.0,0.0,0.0,0.0,0.0,0.0,29.7,20.9,2,52.4,21.981499999999997
2025,Liberty,Region 2,12,B,4.54,4.25,5.07,0.0,0.0,0.0,0.0,0.0,0.0,0.0,14.2,10.3,3,58.4,16.6365
2025,Akron,Region 2,13,F,3.38,3.4,2.33,0.0,0.0,0.0,0.0,0.0,0.0,0.0,4.2,4.9,1,55.4,19.1692
2025,Montana,Region 2,14,F,2.38,3.26,1.55,0.0,0.0,0.0,0.0,0.0,0.0,0.0,3.7,3.2,1,56.4,16.444399999999998
2025,Robert Morris,Region 2,15,F,2.9,3.55,2.63,0.0,0.0,0.0,0.0,0.0,0.0,0.0,6.6,10.9,1,51.3,19.643400000000003
2025,American,Region 2,16,F,1.17,0.98,1.9,0.0,0.0,0.0,0.0,0.0,0.0,0.0,0.2,3.8,0,51.8,15.0576
2025,Houston,Region 3,1,S,8.59,5.99,8.14,0.0,0.0,0.0,0.0,0.0,0.0,0.0,44.2,29.2,3,52.7,15.7387
2025,Tennessee,Region 3,2,A,7.46,6.48,7.19,0.0,0.0,0.0,0.0,0.0,0.0,0.0,33.4,23.2,2,52.8,16.0988
2025,Kentucky,Region 3,3,C,7.25,6.91,4.89,0.0,0.0,0.0,0.0,0.0,0.0,0.0,34.3,22.4,3,56.0,11.4214
2025,Purdue,Region 3,4,C,6.56,6.28,4.62,0.0,0.0,0.0,0.0,0.0,0.0,0.0,28.1,22.6,4,56.3,10.1056
2025,Clemson,Region 3,5,C,6.59,5.36,6.24,0.0,0.0,0.0,0.0,0.0,0.0,0.0,29.4,23.3,3,53.6,18.0527
2025,Illinois,Region 3,6,C,6.6,5.93,5.32,0.0,0.0,0.0,0.0,0.0,0.0,0.0,30.5,21.0,2,52.3,16.2371
2025,UCLA,Region 3,7,C,6.46,6.03,5.54,0.0,0.0,0.0,0.0,0.0,0.0,0.0,27.0,21.0,0,53.0,12.691999999999997
2025,Gonzaga,Region 3,8,A,7.15,6.88,6.39,0.0,0.0,0.0,0.0,0.0,0.0,0.0,37.3,26.3,2,55.7,13.2132
2025,Georgia,Region 3,9,C,5.95,5.55,5.34,0.0,0.0,0.0,0.0,0.0,0.0,0.0,22.6,19.2,2,52.5,19.2588
2025,Utah St.,Region 3,10,D,5.46,6.6,3.2,0.0,0.0,0.0,0.0,0.0,0.0,0.0,20.9,17.6,3,56.0,14.6085
2025,Texas,Region 3,11,C,5.36,5.05,4.61,0.0,0.0,0.0,0.0,0.0,0.0,0.0,23.8,17.4,1,52.5,17.8306
2025,McNeese,Region 3,12,D,5.04,4.77,4.7,0.0,0.0,0.0,0.0,0.0,0.0,0.0,18.4,15.4,2,53.3,19.2764
2025,High Point,Region 3,13,D,4.35,5.26,3.02,0.0,0.0,0.0,0.0,0.0,0.0,0.0,15.3,11.6,3,56.4,17.155600000000003
2025,Troy,Region 3,14,D,4.01,3.48,4.17,0.0,0.0,0.0,0.0,0.0,0.0,0.0,10.5,13.0,2,50.1,20.251300000000004
2025,Wofford,Region 3,15,F,2.44,3.17,1.84,0.0,0.0,0.0,0.0,0.0,0.0,0.0,8.6,8.6,1,53.3,16.204
2025,SIU Edwardsville,Region 3,16,F,1.59,1.48,3.19,0.0,0.0,0.0,0.0,0.0,0.0,0.0,1.9,6.8,0,48.9,16.628500000000003
2025,Auburn,Region 1,1,S,9.0,8.0,7.2,0.0,0.0,0.0,0.0,0.0,0.0,0.0,43.2,30.6,4,55.7,19.1928
2025,Michigan St.,Region 1,2,A,7.48,6.11,5.86,0.0,0.0,0.0,0.0,0.0,0.0,0.0,31.7,23.5,1,51.2,15.3754
2025,Iowa St.,Region 1,3,A,6.81,6.23,6.13,0.0,0.0,0.0,0.0,0.0,0.0,0.0,28.8,20.4,1,54.6,12.419899999999998
2025,Texas A&M,Region 1,4,B,6.5,4.87,5.36,0.0,0.0,0.0,0.0,0.0,0.0,0.0,28.6,21.4,1,47.5,16.9884
2025,Michigan,Region 1,5,C,6.76,6.1,6.55,0.0,0.0,0.0,0.0,0.0,0.0,0.0,28.7,22.8,0,54.5,12.9003
2025,Mississippi,Region 1,6,C,5.9,4.32,5.01,0.0,0.0,0.0,0.0,0.0,0.0,0.0,25.9,17.7,2,51.1,14.9694
2025,Marquette,Region 1,7,C,6.14,4.86,5.54,0.0,0.0,0.0,0.0,0.0,0.0,0.0,29.6,23.4,2,52.0,17.5016
2025,Louisville,Region 1,8,C,6.27,5.83,5.7,0.0,0.0,0.0,0.0,0.0,0.0,0.0,25.2,21.3,0,53.4,14.179
2025,Creighton,Region 1,9,C,5.86,6.06,5.77,0.0,0.0,0.0,0.0,0.0,0.0,0.0,24.4,19.3,1,55.8,15.997799999999998
2025,New Mexico,Region 1,10,C,5.28,4.23,4.84,0.0,0.0,0.0,0.0,0.0,0.0,0.0,21.2,17.8,1,50.8,19.6834
2025,North Carolina,Region 1,11,C,5.57,5.08,4.43,0.0,0.0,0.0,0.0,0.0,0.0,0.0,24.4,17.9,1,54.2,15.2573
2025,UC San Diego,Region 1,12,B,5.53,5.11,5.56,0.0,0.0,0.0,0.0,0.0,0.0,0.0,24.6,21.2,2,55.4,16.0962
2025,Yale,Region 1,13,D,4.3,4.34,3.49,0.0,0.0,0.0,0.0,0.0,0.0,0.0,17.2,13.4,3,54.8,15.5416
2025,Lipscomb,Region 1,14,B,3.73,3.7,4.46,0.0,0.0,0.0,0.0,0.0,0.0,0.0,13.8,11.4,2,55.9,13.630800000000002
2025,Bryant,Region 1,15,D,2.29,2.58,3.26,0.0,0.0,0.0,0.0,0.0,0.0,0.0,5.3,6.5,1,51.0,21.2681
2025,Saint Francis,Region 1,16,F,0.0,0.19,1.28,0.0,0.0,0.0,0.0,0.0,0.0,0.0,-8.2,-2.9,1,51.6,13.8626
2025,Florida,Region 4,1,S,8.52,7.65,7.13,0.0,0.0,0.0,0.0,0.0,0.0,0.0,41.6,28.3,3,55.0,17.672599999999996
2025,St. John's,Region 4,2,A,6.99,4.7,7.29,0.0,0.0,0.0,0.0,0.0,0.0,0.0,29.7,24.3,2,49.7,18.2164
2025,Texas Tech,Region 4,3,A,6.96,6.48,5.82,0.0,0.0,0.0,0.0,0.0,0.0,0.0,28.0,23.3,4,55.5,13.764
2025,Maryland,Region 4,4,A,6.96,5.65,6.6,0.0,0.0,0.0,0.0,0.0,0.0,0.0,34.9,24.5,2,53.8,16.8946
2025,Memphis,Region 4,5,C,5.13,4.84,4.62,0.0,0.0,0.0,0.0,0.0,0.0,0.0,17.7,14.2,3,53.6,16.7856
2025,Missouri,Region 4,6,C,6.86,8.1,4.54,0.0,0.0,0.0,0.0,0.0,0.0,0.0,28.7,23.1,3,56.2,17.2825
2025,Kansas,Region 4,7,B,6.5,5.04,6.82,0.0,0.0,0.0,0.0,0.0,0.0,0.0,28.9,21.5,0,53.1,13.169000000000002
2025,Connecticut,Region 4,8,C,5.88,6.61,4.04,0.0,0.0,0.0,0.0,0.0,0.0,0.0,26.1,18.9,2,55.5,21.6622
2025,Oklahoma,Region 4,9,C,5.58,5.62,3.8,0.0,0.0,0.0,0.0,0.0,0.0,0.0,23.9,16.7,2,54.9,15.168
2025,Arkansas,Region 4,10,C,5.3,4.78,5.02,0.0,0.0,0.0,0.0,0.0,0.0,0.0,13.8,12.5,0,52.7,19.1017
2025,Drake,Region 4,11,D,4.88,4.99,3.52,0.0,0.0,0.0,0.0,0.0,0.0,0.0,19.2,16.0,1,53.8,15.687699999999998
2025,Colorado St.,Region 4,12,B,5.31,4.82,4.86,0.0,0.0,0.0,0.0,0.0,0.0,0.0,21.3,17.5,1,55.8,12.5829
2025,Grand Canyon,Region 4,13,D,4.2,4.16,4.27,0.0,0.0,0.0,0.0,0.0,0.0,0.0,16.0,13.4,0,51.2,22.1997
2025,UNC Wilmington,Region 4,14,F,3.37,3.81,2.92,0.0,0.0,0.0,0.0,0.0,0.0,0.0,6.6,7.7,1,52.2,12.8858
2025,Nebraska Omaha,Region 4,15,F,2.34,3.56,1.56,0.0,0.0,0.0,0.0,0.0,0.0,0.0,4.4,8.5,1,53.5,14.819
2025,Norfolk St.,Region 4,16,F,2.27,3.21,2.47,0.0,0.0,0.0,0.0,0.0,0.0,0.0,0.6,4.5,1,52.4,15.2535
2026,Duke,Region 1,1,S,9.44,9.48,7.35,0.0,0.0,0.0,0.0,0.0,0.0,0.0,45.1,36.9,2,58.2,15.580599999999995
2026,Connecticut,Region 1,2,A,7.65,7.52,6.08,0.0,0.0,0.0,0.0,0.0,0.0,0.0,35.3,26.2,2,56.4,20.3238
2026,Michigan St.,Region 1,3,A,7.71,7.81,5.4,0.0,0.0,0.0,0.0,0.0,0.0,0.0,38.2,28.1,1,53.7,11.7374
2026,Kansas,Region 1,4,C,7.18,6.19,6.87,0.0,0.0,0.0,0.0,0.0,0.0,0.0,34.4,28.4,1,52.8,15.861900000000002
2026,St. John's,Region 1,5,B,7.53,6.86,6.16,0.0,0.0,0.0,0.0,0.0,0.0,0.0,35.9,28.1,2,52.0,21.053000000000004
2026,Louisville,Region 1,6,C,6.97,7.32,5.39,0.0,0.0,0.0,0.0,0.0,0.0,0.0,31.6,22.6,1,57.5,13.3684
2026,UCLA,Region 1,7,C,6.07,6.15,4.19,0.0,0.0,0.0,0.0,0.0,0.0,0.0,27.6,19.1,3,54.1,12.6302
2026,Ohio St.,Region 1,8,C,6.08,7.25,4.29,0.0,0.0,0.0,0.0,0.0,0.0,0.0,28.8,22.1,1,57.0,12.9868
2026,TCU,Region 1,9,C,5.14,4.7,3.8,0.0,0.0,0.0,0.0,0.0,0.0,0.0,22.1,17.9,1,51.3,16.573800000000002
2026,UCF,Region 1,10,C,4.91,5.37,2.8,0.0,0.0,0.0,0.0,0.0,0.0,0.0,18.4,14.3,2,53.9,15.3581
2026,South Florida,Region 1,11,C,5.1,5.27,4.21,0.0,0.0,0.0,0.0,0.0,0.0,0.0,19.9,16.5,3,52.0,17.640300000000003
2026,Northern Iowa,Region 1,12,D,4.22,3.65,4.87,0.0,0.0,0.0,0.0,0.0,0.0,0.0,16.9,14.1,1,54.4,17.512300000000003
2026,Cal Baptist,Region 1,13,D,3.13,2.18,3.71,0.0,0.0,0.0,0.0,0.0,0.0,0.0,7.1,7.6,1,48.1,21.7769
2026,North Dakota St.,Region 1,14,F,3.28,3.85,2.57,0.0,0.0,0.0,0.0,0.0,0.0,0.0,10.6,9.9,0,51.8,14.7152
2026,Furman,Region 1,15,F,1.88,3.33,2.21,0.0,0.0,0.0,0.0,0.0,0.0,0.0,-2.3,3.6,0,53.1,17.227600000000002
2026,Siena,Region 1,16,F,2.18,3.0,2.59,0.0,0.0,0.0,0.0,0.0,0.0,0.0,3.2,9.1,2,51.3,18.2967
2026,Arizona,Region 2,1,S,8.83,8.13,7.07,0.0,0.0,0.0,0.0,0.0,0.0,0.0,42.5,27.6,3,55.7,14.1571
2026,Purdue,Region 2,2,A,8.0,8.63,5.08,0.0,0.0,0.0,0.0,0.0,0.0,0.0,40.8,27.6,4,58.3,10.9662
2026,Gonzaga,Region 2,3,A,8.02,6.98,6.96,0.0,0.0,0.0,0.0,0.0,0.0,0.0,37.1,27.3,2,56.4,13.5248
2026,Arkansas,Region 2,4,C,6.94,7.85,4.75,0.0,0.0,0.0,0.0,0.0,0.0,0.0,30.8,24.0,3,57.3,16.4661
2026,Wisconsin,Region 2,5,C,6.02,6.31,4.23,0.0,0.0,0.0,0.0,0.0,0.0,0.0,25.2,21.3,2,54.8,14.7709
2026,BYU,Region 2,6,C,5.96,6.5,4.44,0.0,0.0,0.0,0.0,0.0,0.0,0.0,22.5,22.8,3,55.6,12.874
2026,Miami FL,Region 2,7,C,5.93,6.5,4.11,0.0,0.0,0.0,0.0,0.0,0.0,0.0,27.0,20.0,2,55.8,15.1663
2026,Villanova,Region 2,8,C,5.72,5.02,4.4,0.0,0.0,0.0,0.0,0.0,0.0,0.0,24.0,18.0,2,54.5,15.988499999999998
2026,Utah St.,Region 2,9,C,6.39,7.05,4.79,0.0,0.0,0.0,0.0,0.0,0.0,0.0,22.2,20.1,4,56.8,17.4814
2026,Missouri,Region 2,10,C,5.81,6.91,3.94,0.0,0.0,0.0,0.0,0.0,0.0,0.0,23.7,20.1,2,55.9,15.3528
2026,Texas,Region 2,11,C,5.33,6.5,2.93,0.0,0.0,0.0,0.0,0.0,0.0,0.0,23.7,17.8,3,54.8,17.1052
2026,High Point,Region 2,12,D,4.16,4.86,2.83,0.0,0.0,0.0,0.0,0.0,0.0,0.0,15.8,11.5,2,53.9,18.708
2026,Hawaii,Region 2,13,D,3.82,3.49,4.14,0.0,0.0,0.0,0.0,0.0,0.0,0.0,14.9,13.4,0,51.2,20.2399
2026,Kennesaw St.,Region 2,14,F,2.42,3.48,1.83,0.0,0.0,0.0,0.0,0.0,0.0,0.0,6.4,5.5,2,51.1,22.0843
2026,Queens,Region 2,15,F,1.82,4.47,0.38,0.0,0.0,0.0,0.0,0.0,0.0,0.0,-0.9,2.5,2,53.8,18.0856
2026,LIU,Region 2,16,F,1.27,2.83,1.67,0.0,0.0,0.0,0.0,0.0,0.0,0.0,-3.6,3.0,2,52.6,20.312600000000003
2026,Michigan,Region 3,1,S,10.0,10.0,8.1,0.0,0.0,0.0,0.0,0.0,0.0,0.0,49.1,37.9,2,58.3,13.507
2026,Iowa St.,Region 3,2,S,8.32,8.17,7.08,0.0,0.0,0.0,0.0,0.0,0.0,0.0,41.5,31.8,4,57.1,11.7094
2026,Virginia,Region 3,3,A,6.81,6.32,5.67,0.0,0.0,0.0,0.0,0.0,0.0,0.0,24.3,17.3,2,54.5,17.349
2026,Alabama,Region 3,4,C,7.19,7.26,4.98,0.0,0.0,0.0,0.0,0.0,0.0,0.0,37.8,25.6,2,56.4,17.1988
2026,Texas Tech,Region 3,5,C,6.17,5.87,5.27,0.0,0.0,0.0,0.0,0.0,0.0,0.0,26.4,20.6,3,57.1,12.323800000000002
2026,Tennessee,Region 3,6,B,6.7,6.44,5.52,0.0,0.0,0.0,0.0,0.0,0.0,0.0,28.3,21.8,1,52.1,14.3767
2026,Kentucky,Region 3,7,C,6.1,6.39,4.54,0.0,0.0,0.0,0.0,0.0,0.0,0.0,26.2,18.6,1,54.0,15.1076
2026,Georgia,Region 3,8,C,6.46,7.04,4.44,0.0,0.0,0.0,0.0,0.0,0.0,0.0,26.6,19.3,4,55.0,19.4848
2026,Saint Louis,Region 3,9,C,6.1,6.49,4.58,0.0,0.0,0.0,0.0,0.0,0.0,0.0,24.0,18.8,2,59.5,19.719
2026,Santa Clara,Region 3,10,C,5.54,6.01,3.45,0.0,0.0,0.0,0.0,0.0,0.0,0.0,20.5,14.9,4,55.8,17.0774
2026,SMU,Region 3,11,C,5.15,5.93,3.78,0.0,0.0,0.0,0.0,0.0,0.0,0.0,21.9,15.5,5,56.2,13.579499999999998
2026,Akron,Region 3,12,D,4.7,5.8,3.37,0.0,0.0,0.0,0.0,0.0,0.0,0.0,17.1,15.2,4,56.8,17.506800000000002
2026,Hofstra,Region 3,13,D,3.46,3.71,3.68,0.0,0.0,0.0,0.0,0.0,0.0,0.0,11.4,10.4,2,52.1,16.4801
2026,Wright St.,Region 3,14,F,2.82,3.78,1.85,0.0,0.0,0.0,0.0,0.0,0.0,0.0,6.3,7.9,0,51.9,18.1242
2026,Tennessee St.,Region 3,15,F,1.95,3.0,1.5,0.0,0.0,0.0,0.0,0.0,0.0,0.0,6.5,9.0,0,51.7,20.524099999999997
2026,UMBC,Region 3,16,F,2.17,2.29,2.28,0.0,0.0,0.0,0.0,0.0,0.0,0.0,1.9,5.8,1,52.9,19.937400000000004
2026,Florida,Region 4,1,S,7.96,7.99,6.43,0.0,0.0,0.0,0.0,0.0,0.0,0.0,39.0,26.6,1,54.3,19.273999999999997
2026,Houston,Region 4,2,S,8.22,7.18,7.22,0.0,0.0,0.0,0.0,0.0,0.0,0.0,41.0,29.9,2,52.9,14.7056
2026,Illinois,Region 4,3,A,7.73,7.54,5.9,0.0,0.0,0.0,0.0,0.0,0.0,0.0,38.0,25.7,3,55.6,12.0826
2026,Nebraska,Region 4,4,B,6.91,5.98,6.56,0.0,0.0,0.0,0.0,0.0,0.0,0.0,29.7,23.4,2,55.3,9.247599999999998
2026,Vanderbilt,Region 4,5,A,7.66,7.8,5.63,0.0,0.0,0.0,0.0,0.0,0.0,0.0,37.4,29.1,2,56.0,17.2764
2026,North Carolina,Region 4,6,C,6.3,6.44,5.09,0.0,0.0,0.0,0.0,0.0,0.0,0.0,22.9,18.1,2,55.4,15.8886
2026,Saint Mary's,Region 4,7,C,5.84,5.32,4.8,0.0,0.0,0.0,0.0,0.0,0.0,0.0,26.6,18.7,2,53.6,17.229
2026,Clemson,Region 4,8,B,6.11,5.16,4.89,0.0,0.0,0.0,0.0,0.0,0.0,0.0,24.1,17.3,1,53.1,15.103899999999998
2026,Iowa,Region 4,9,C,6.08,7.11,4.22,0.0,0.0,0.0,0.0,0.0,0.0,0.0,26.4,20.3,2,56.5,13.903799999999997
2026,Texas A&M,Region 4,10,C,6.11,5.81,4.36,0.0,0.0,0.0,0.0,0.0,0.0,0.0,25.7,19.6,2,54.0,15.336
2026,VCU,Region 4,11,C,5.17,5.55,3.46,0.0,0.0,0.0,0.0,0.0,0.0,0.0,17.5,13.0,2,54.6,21.3358
2026,McNeese St.,Region 4,12,D,5.08,5.18,4.31,0.0,0.0,0.0,0.0,0.0,0.0,0.0,19.5,18.0,3,51.2,16.685200000000002
2026,Troy,Region 4,13,F,2.38,3.41,2.16,0.0,0.0,0.0,0.0,0.0,0.0,0.0,6.1,6.5,2,51.8,17.7308
2026,Penn,Region 4,14,F,2.46,2.31,2.58,0.0,0.0,0.0,0.0,0.0,0.0,0.0,5.3,6.1,2,50.3,17.048000000000002
2026,Idaho,Region 4,15,F,2.24,2.16,2.31,0.0,0.0,0.0,0.0,0.0,0.0,0.0,5.1,5.6,1,50.5,16.7072
2026,Lehigh,Region 4,16,F,0.69,2.18,1.61,0.0,0.0,0.0,0.0,0.0,0.0,0.0,-5.2,5.0,1,51.9,20.3606
