year,team,wab,torvik_off,torvik_def,torvik_rtg,efg%,efgd%,ftr,ftrd,tor,tord,orb%,drb%,raw_tempo,2p%,2p%d,3p%,3p%d,blk%,blked%,ast%,ast%d,3pr,3prd,adj_tempo,ft%,ft%d
2026,Michigan,13.9969549,127.346683,90.3067623,0.98115641,58.3,43.1,41.4,26.4,16.6,16.8,36.3,26.3,71.3,61,44.3,36,30.2,15.9,9.4,60.7,46.7,41.8,41.8,72.2,74.7,75.1
2026,Duke,13.6723974,127.00992,90.8332242,0.97927072,58.2,44.7,40,24.5,16.2,19,39.5,23.7,67.1,60.1,46.6,35.1,30.4,10.4,9.3,59.2,51.4,44.4,45.7,66.8,72.4,71.7
2026,Arizona,13.6672492,126.307219,91.1143158,0.97715529,55.7,44,43.9,28.5,14.7,17.4,38,25.4,71.4,55.4,43.8,36,31.4,10.8,8.3,55.4,48.9,26.8,37.2,71,73.4,71.5
2026,Purdue,9.19222983,132.165959,99.3612527,0.96376793,58.3,50.3,31,26.6,13.6,16.8,36.4,25.8,65.3,58.1,53.1,37.9,34.2,8.9,6.6,66.8,57.5,40.9,45,65.4,74.3,72
2026,Houston,8.99805033,124.649343,91.9242724,0.9707504,52.9,45.9,29.3,39.7,13.4,21.7,35.7,28.7,64.9,51.9,45.5,34.9,32.1,12.5,6.4,52.9,53.5,40.8,40.9,64.3,77.2,69.8
2026,Connecticut,8.84338098,122.447318,93.7994958,0.95542555,56.4,45.7,32.8,40.7,17.1,18.7,36.1,27.3,66,57.1,45.8,35.2,30.3,15.2,9.7,65,48.5,40.3,36.2,65.5,71.6,71.9
2026,Florida,8.53416651,124.975616,92.0352767,0.97120643,54.3,44.6,39.7,32.5,16.9,16.7,42.2,23.2,72.5,57.9,45.2,30.8,32.4,12.4,7.2,54,44.5,37.1,33.7,71.4,71,72.7
2026,Virginia,7.76490461,122.265056,95.8578438,0.94258049,54.5,44.5,33.7,32.9,15.8,16.3,38,28.2,66.5,55.2,44.7,35.9,30.9,17.5,9.6,59.1,50.3,46.5,37.5,66.5,72.6,75.8
2026,Arkansas,7.54248953,127.214709,101.252982,0.93244842,57.3,49.7,35.5,29.6,12.8,16.9,32.2,28.5,72.4,55.6,53.7,38.9,31.7,12.9,6.7,53,49.8,33.4,38.2,71.9,74.7,72
2026,Nebraska,7.45845952,117.583261,93.4551237,0.9334635,55.3,46.7,28.8,25.8,14.7,20.4,26.7,26.8,67.3,58.1,50.6,35.3,29.9,8.7,9.3,65.6,60.5,50.7,49.3,67.8,75,72.6
2026,Michigan St.,7.44665614,121.550951,94.7670319,0.94596059,53.7,46.8,40,31.6,17.7,16.2,38.6,22.1,66.8,53.4,48,35.9,32.9,13.3,8.1,67,56.4,36.4,46,66.9,76.3,75.1
2026,Iowa St.,7.39406963,123.772604,92.7515075,0.96504132,57.1,49,36.4,29,15.1,22.7,35.3,27.1,68.2,55.5,50.5,38.7,32.1,8.6,9.6,58.4,54.5,38.8,42.8,67.9,67.2,71.5
2026,Gonzaga,7.36729184,120.6287,93.495183,0.94932335,56.4,45.8,32.9,31.9,14,20,34,25.6,70.4,58.7,46.2,34,30.8,11.4,6,56.7,52.9,31,43.7,69.9,69.9,71.3
2026,Vanderbilt,7.30192164,126.982367,98.3430863,0.94975242,56,47.6,37.7,39.4,13.8,19.1,31.3,28.4,70.8,56.8,49.1,35.5,32.2,12.6,7.1,56.2,46.6,43.6,37.9,69.9,79.3,75.2
2026,St. John's,7.26357191,119.858378,94.4938499,0.9390277,52,46.9,43.8,32.9,14.5,20.1,35.3,29,71,51.6,47.5,33.2,31.3,12.4,9.5,58.2,47.2,33.8,33.7,70.6,72.7,71.7
2026,Illinois,6.56334751,131.167321,97.8332929,0.96681476,55.6,46.2,34.4,21.4,13.5,12.3,39.1,26.2,66.2,58.2,48,34.7,31.4,12.6,8.5,51.2,51.4,50.7,42.2,66.7,78.9,73.4
2026,Alabama,6.55146928,129.608862,102.207507,0.93885623,56.4,48,37.1,30.6,13.5,13.8,31.9,28.8,74.6,57.3,48.6,35.8,33.5,11.3,12.1,53.5,46.7,53.7,35.1,74,76.5,69.7
2026,Kansas,6.26783496,117.9366,93.7103888,0.9336581,52.8,43.9,34.6,28.1,15.1,14.6,30.2,27.7,68.2,51.1,44.7,35,30.7,15.6,8.3,53.3,48,35.7,42,68.6,76.7,69.4
2026,Wisconsin,5.37993563,125.581845,101.314598,0.92196593,54.8,49.8,35.3,31.3,13.1,15.2,30,26.9,68.9,54.8,52.3,36.1,33.3,8.5,12.5,57.3,50.6,52.6,40.2,69.7,78.6,72.9
2026,Texas Tech,5.05647218,125.504148,98.5751532,0.94144642,57.1,48,28.6,32.1,15.8,15.7,34.1,27.4,68,53.6,50.6,39.3,31.5,9.5,7.3,55.5,41.5,48,35,67.4,71.5,69.4
2026,North Carolina,4.92566653,120.880565,99.2054938,0.90657463,55.4,47,39.6,23.8,13.8,14.2,32.2,27,68.8,56.7,46.1,34.5,34.5,8.6,9,57,48.1,42.3,36.9,68.9,68.4,70.1
2026,BYU,4.54743388,124.364155,102.972752,0.89757999,55.6,50.1,35.9,30.1,15.1,16.9,35.6,28.1,70.4,56.2,50,34.9,35.3,11.9,7.9,45.4,54.3,39.8,39.2,70.7,74.6,71.3
2026,Tennessee,4.12163649,121.15206,95.0046415,0.94245322,52.1,46.5,38.1,35,17.9,17.7,43.1,26,67.3,52.2,49.2,33.4,30.6,11.3,9.4,59.8,45.4,31.7,44.4,66.2,69.4,70.3
2026,Saint Mary's,4.01051813,118.90857,97.5805048,0.9066404,53.6,46,36.5,27.1,16,15.3,37.9,23.9,66.4,50.2,46.6,38.6,31.2,9.7,8.9,58,52.7,36.1,36.8,66.3,81.1,72.3
2026,Louisville,4.00192427,124.008086,97.7781841,0.93894151,57.5,47.7,34.5,33.8,16.5,17.2,33.2,25.5,71,59.7,48.6,35.7,32.7,9.2,12.4,59.5,48.3,52.8,39.1,70.7,76.9,71.2
2026,Utah St.,3.9945339,122.46734,101.443909,0.89714443,56.8,49,35.9,35.3,14.9,20.6,34.2,32.2,68.3,59.3,48.7,35.1,33.9,8.8,9.9,59.8,49.6,40.7,40.9,68.5,70.6,73.3
2026,Villanova,3.94388709,119.631881,100.318305,0.88337835,54.5,51,33.1,29.2,15.2,19.6,32.3,30.5,66.5,54.4,51.5,35.3,33.9,6,7.5,56.8,53.7,45.7,36.9,65.9,69.4,71.8
2026,Miami FL,3.85293841,120.138207,100.814735,0.88253108,55.8,51.4,38.2,29.6,16.5,18.9,36.7,25.7,69.3,57.2,50.8,34.7,35.4,10,10.2,53.7,54.3,31.7,40.9,68.9,68.5,69.7
2026,UCLA,3.61804976,123.332485,101.309435,0.90568911,54.1,49.6,35.8,34.9,13.8,18.9,31.9,31.3,65.7,52,52.7,38.2,31.8,9.4,8.1,59.4,63.3,35.9,44.7,65.6,76.7,75.3
2026,Kentucky,3.29582406,119.195217,99.6148634,0.88732355,54,47.3,37.7,34.8,15.6,16.9,33.8,27.1,69.8,54.4,49.6,34.1,31.6,12.3,8.7,57,55.2,39.2,39.5,69.3,72.8,73
2026,Clemson,3.17896413,116.136703,96.4383853,0.89448851,53.1,48.3,40.1,33.3,14.5,18.3,28.2,25,65.5,53.8,49,34.1,32.6,9.1,10.3,50.2,46.4,42.9,42.9,65.2,72.6,74.7
2026,Ohio St.,2.89339387,124.181948,101.706068,0.90855351,57,48.7,41.3,36.3,15.9,16.5,31.7,29.2,66.6,58.2,52.3,36,31.6,7,8.8,52,53.4,40.1,40.3,67.1,77.5,74.3
2026,Georgia,2.60620275,123.404564,103.57127,0.88235194,55,49.3,36.1,30,15.1,19.2,35,32.5,73.5,57.3,49.9,34.1,33.7,15.1,9.6,48.4,47.3,43.9,37.6,73,75.4,71.7
2026,Miami OH,2.4584585,116.442081,107.283544,0.71951662,57.4,50.4,38.3,30.9,14.6,17.3,25.3,29.3,71.3,61.5,51.6,37.5,33,8.1,7.8,51,46.6,44.6,36.8,70.9,75,74
2026,TCU,2.37466884,114.042827,99.0523019,0.83488468,51.3,50.8,39.7,31.3,15.7,19.7,34,27.5,69.7,51.6,51.3,33.1,33.7,12.6,9.9,57.6,61,36.9,38.1,68.5,70.8,71.9
2026,Santa Clara,2.1437455,123.773171,102.915084,0.89305024,55.8,51.2,26.6,39.3,15.3,19.9,37.9,31.7,69.6,56.5,53.2,34.9,33,10.6,8.4,55,60.5,45,38.2,70.2,74,73.6
2026,UCF,2.12140459,119.95083,105.518564,0.81370138,53.9,51.8,33.4,36.5,15.5,16.4,34.5,26.9,70.6,52.1,53.2,36.2,34,8.3,9,53.6,51.3,34.4,39.7,70.1,74,74.3
2026,Iowa,1.95125565,121.758067,98.9698376,0.91552486,56.5,51.9,36.8,40.8,15.7,22.1,30.9,27.4,63.4,58.7,54,35.7,33.7,6.7,8.3,58,51,41.6,39.1,64,77,73.1
2026,Saint Louis,1.87149843,119.823802,101.341967,0.87286152,59.5,45.2,34.3,36.1,16.6,15.8,31.4,27,71.9,58.9,44.6,40.5,30,9.5,10.7,60.2,51.6,45.1,41.6,72,74.4,73.2
2026,VCU,1.71534396,118.715739,103.119863,0.834748,54.6,48.8,43.2,32.6,14.5,17.2,32.7,29.8,69.4,53.3,48.4,36.7,33.1,11.3,8.9,52.7,50.3,43.8,34.7,69.6,73.9,71.2
2026,Texas A&M,1.59714571,119.555278,101.027645,0.8739587,54,49.9,36.2,33.8,15.5,19.1,31.3,30.8,72.6,54.1,53.1,36.2,31.7,8.9,11.5,61.3,56.3,46.3,41.5,72,73.7,74.8
2026,Missouri,1.15651535,119.351866,103.112418,0.84316202,55.9,50.6,41.5,32.9,18.9,17.6,34.4,29.6,68.4,56.9,48.9,35,36.5,10.4,9.8,50.6,51.8,36,43.1,67.3,68.6,74.7
2026,McNeese St.,0.70713993,113.263674,102.446382,0.76030599,51.2,49.5,35.7,42.5,13.7,23.1,34.2,34.3,66.5,52.9,49.1,31.6,32.5,15.8,6.7,49.2,57.2,35.1,46.8,67.1,74,72.8
2026,N.C. State,0.34326868,123.105966,103.306925,0.88251058,56.2,52.1,36.7,35.9,13.4,19.2,28.9,28.8,69.6,53.1,52.7,38.8,35.6,10.6,9.3,54.8,49.4,43.9,45.3,70.1,76.8,69.8
2026,Auburn,0.18684901,124.052206,105.163119,0.86985565,53.6,51.7,44.4,34.1,15.4,18,36.8,29.7,69.2,53.4,52.8,33.8,36.5,11.7,12.6,46.2,51.3,39.2,39.8,68.3,74.4,74.7
2026,SMU,-0.0183742,122.617229,104.349902,0.86473126,56.2,50.1,31,31.3,15.6,17.9,35.9,30.6,70.7,55.5,52,37.4,33.9,11.2,7.6,55.1,60.6,36,47.2,69.6,74.1,71.8
2026,San Diego St.,-0.0870331,111.994212,96.1682269,0.85220539,52.7,46.8,36.8,35.7,16.8,19.9,30.7,30,69.2,53.2,46.2,34.5,33.6,15.3,6.2,54.4,58.2,33.8,47.3,69.6,73,73.2
2026,Akron,-0.1990381,117.863863,105.844315,0.77503286,56.8,50.1,29.5,30.3,15.8,18.4,33.6,30.7,71.2,59.1,49,38.5,35.1,8.4,8.3,57.4,50.8,45.1,43.2,71.3,75.3,72.2
2026,Texas,-0.2070691,123.485054,106.062906,0.85182779,54.8,50.3,46.1,39.9,15.7,14.2,34.7,25,68.6,55.3,49.8,34.9,36,7.4,10.5,43.1,45.8,36.2,33.3,68.1,75.3,74
2026,South Florida,-0.2549154,116.570169,101.689513,0.82786143,52,48.8,40.2,35.9,15.6,19.3,37.2,30.1,72.9,51.9,46.7,33.1,33.9,10.9,13.3,58.8,51.3,43.8,39.5,72.4,74.3,70.1
2026,Seton Hall,-0.2598375,108.636548,95.7035867,0.81117288,48.3,47.2,37.9,43.8,16.6,22.2,35.2,31.2,66.5,48.3,46.3,30.5,32.4,18.7,8.7,51.6,58.3,26.8,42.2,66.1,72.3,71.2
2026,New Mexico,-0.3960344,115.647104,101.26549,0.82159234,53.3,49.4,34.2,33.3,14.8,18.7,30.7,27.8,70.5,53.3,53.6,36.1,30.3,9.1,8.7,52.6,54.4,41.8,48.1,70.8,72.5,73.7
2026,Indiana,-0.4029139,121.802686,100.996981,0.89604993,56.2,48,37.6,37.9,15.3,16,27.3,28.2,66.6,60.3,48.6,34.7,33.1,7.4,10.1,62.5,49,50.5,36.8,67.2,78,75.8
2026,Oklahoma,-0.4702879,123.964662,105.94476,0.85892684,54.9,50.2,35.3,32.7,14.7,16.1,32.4,31.8,68.4,55,51.1,36.8,34.2,10.4,10,50.2,50.7,43.8,39.7,67.1,74.5,74.5
2026,Belmont,-0.6004588,118.883889,107.772294,0.75555401,60.9,50.1,34.7,32.4,17.9,17.5,29.3,31.1,70,60.6,48.5,41,34.2,11.3,9.4,61.9,54.5,45.7,49.1,69.9,68.6,75.7
2026,California,-0.6184882,113.448818,101.758307,0.77741067,52.3,49.2,38,37.7,15.1,16.3,25.9,29.4,69.3,50.5,51.9,36.3,30.9,9,11.2,53.8,55.4,42.7,41.4,68.8,77.4,65.8
2026,Oklahoma St.,-0.8251029,118.114614,106.345844,0.76977274,52.5,52.3,40.2,32.8,15.2,16.6,31.2,29.3,74.1,52.8,52.6,33.8,35.5,7.2,10.3,51,57.1,35.9,42.7,73.1,75.1,71
2026,Virginia Tech,-0.8330851,116.707819,102.607979,0.81468059,53.3,49.6,35.3,29.2,15.6,17.6,32.5,31.3,67.9,51.5,54.1,35.5,30.6,8.7,9.3,52.4,47,39.7,39.6,68.1,74.3,74.3
2026,Stephen F. Austin,-0.8678301,112.089518,103.317421,0.71852481,51.3,49.6,27,28.6,12.9,16,32.1,28.1,66.1,50.2,49.2,36,30.4,9.8,10.1,48.9,47.4,39.6,35,66.7,68.7,72.6
2026,Stanford,-0.8809318,116.147613,102.958255,0.79998336,52.3,50.1,36.5,41,15.6,18.7,33.3,30.2,67.9,50.4,51.5,35.6,33.7,10.2,9.4,46.3,42.7,44.2,33.5,68,73.1,75.6
2026,USC,-0.8834273,113.158049,100.850867,0.78986973,50.5,48.8,48.1,34.9,17.8,17.2,32.7,31.2,71,51.8,52,31.7,30.9,14.9,8.3,56.5,54.1,34.1,40.4,71.7,72.6,77.7
2026,Arizona St.,-0.9555475,115.071792,102.726329,0.7866936,51.9,50.8,42.5,34.9,17.1,19.2,30,33,70.6,51.7,52.3,33.4,35,12.8,9.6,53,55.4,38.4,40.3,70.2,75.3,74.2
2026,Tulsa,-1.0071264,120.912267,107.994535,0.785721,57.4,51.5,37.9,30.8,15.2,16.1,30.6,27.3,68.6,54.3,49.6,39.4,33.5,6.5,9.8,55.8,49.8,46.5,40.1,68.7,78.3,72.6
2026,Boise St.,-1.0896325,116.681818,102.613011,0.81420811,52.3,51.5,40.2,30,16.2,14.7,33.7,23.2,66.6,52.7,53.3,34.3,34.4,5.9,9.8,49.5,45.1,43.1,36.8,66.7,78.7,71
2026,High Point,-1.4273485,116.196563,107.661516,0.70627222,53.9,51.8,40.3,35.6,13.6,20.8,32,31.5,70.9,57.1,51.6,34.4,31.9,11,10.4,52.7,51.9,42.9,41.4,70.8,74.2,70.5
2026,Dayton,-1.4547852,110.028375,99.6246988,0.75809691,52.4,49.7,48.8,35.9,17.3,21.1,27.2,28.9,68.1,52.1,49.1,34.1,35.6,12.4,11.5,59.9,51,41.5,41,68,75.1,70.8
2026,Yale,-1.4659329,119.53196,110.437207,0.71301487,56.1,51,37.5,28.5,14.3,16.2,34.5,29.6,65.6,54,51.7,39.9,34.9,9.8,9.2,55.7,52.4,36,45.3,65.6,75.9,73.5
2026,Florida St.,-1.7650146,117.687494,104.082454,0.80420207,53,51.5,34.5,32.5,14.7,19.5,31.1,32.2,71.8,55.1,52.5,33.1,34.6,11.6,12.8,52.5,55.7,50.6,44.9,71.6,71.3,70.9
2026,West Virginia,-1.8874457,109.012336,96.4506962,0.80343996,51.2,47.8,36.6,31.1,17.4,18.4,30.9,28.4,64,52.5,45.7,32.8,35,8.6,11.2,53.2,55.1,42.9,38.1,63.4,67.7,72.2
2026,Nevada,-1.9496739,115.045297,103.730229,0.76685232,49.5,50.2,44.3,39.3,14.4,16.8,33.2,27.4,66.8,47.5,51,36.2,34.1,12,9.5,57.2,55.5,32.3,42.4,67,75.2,71.1
2026,Cincinnati,-1.9943987,110.489831,93.2922482,0.87497093,51,46.9,30.4,31.4,16.6,18.8,30.9,26.4,69.2,50.2,47.9,33.9,31,12.1,6.8,63.7,54.5,43.8,39.9,68.6,68.1,71.1
2026,Baylor,-2.1818563,122.963393,106.587581,0.838021,54.8,52,35.6,30.8,15.4,16.5,37,30.7,69.6,55.2,52.2,34.5,35.5,9.7,8.8,53.3,48.3,39.6,34.7,68.8,73.3,75.2
2026,Liberty,-2.1907461,117.300638,111.957463,0.63091488,60.5,54.3,28.4,24.7,13.7,17.3,19.1,32.2,64.6,60.8,50.5,39.2,38.3,9.1,11,61.4,46.1,48.6,37.1,64.9,70.7,71.8
2026,Cal Baptist,-2.3000291,107.279017,100.717237,0.67389071,48.1,47.2,32.7,35.2,16.3,15.1,35.8,27.1,67.4,47.7,47.3,33.7,29.7,7.5,9.6,40.4,46,32.1,31.7,66.9,71.9,71.9
2026,Colorado,-2.670364,118.085748,107.017803,0.75616762,53.6,52,37.4,37.5,14.7,15.8,29.3,28.6,70.1,53.3,51.6,35.3,36.8,8.8,8.8,55.7,51,35.1,35.8,69.6,75.7,73.7
2026,Utah Valley,-2.6935002,112.10828,103.001553,0.72597434,55.4,50.2,34.7,36.5,18.7,18.9,35.3,30.2,69.4,57.1,47.5,33.9,34.8,13.9,7.8,61.4,51.9,32.7,32.9,69.6,68.3,72.7
2026,UNC Wilmington,-2.7945108,110.19003,106.486938,0.59703283,50.6,48.5,40.2,29.8,14.8,14.6,34.3,26.1,66.2,49.4,49.5,35.5,29.5,7.2,7.9,52.2,47,38.9,42.6,65.9,69.1,74.9
2026,Wake Forest,-2.8580809,116.686131,104.238894,0.78536796,53.1,50.6,36.2,36.7,15.3,18.8,29.9,31.5,69.5,53.3,54.2,34.4,33,11.1,8.4,53.2,57.6,43.7,46.8,69.3,77.4,73.8
2026,Colorado St.,-2.9547714,118.593317,109.284843,0.7191073,57.4,52.8,37.8,32.4,18.3,15.2,30.3,29.2,64.3,57.3,54.4,39.1,34.3,6.9,8.7,63,46.7,49,43.1,63.9,77.1,69.3
2026,George Mason,-2.9557422,111.120572,105.360037,0.64843634,52.8,49.2,40.7,29,15.9,15.7,31.7,27.9,64.8,54.7,49.8,33.4,32.5,9,9.9,50.4,52.7,35.4,42.7,64.5,72.1,70.7
2026,Washington,-2.9641506,116.14066,101.575848,0.82360378,51.1,49,31.9,31.1,15.7,15.1,34.6,28.2,67.9,53.4,50,31.5,33.6,11.2,8.7,49.4,49.1,34.6,38.2,68,76.4,72.3
2026,Grand Canyon,-3.1016438,110.11399,97.1882996,0.80782769,50.5,46.7,37.4,37.6,17.2,17.1,31.6,26.1,69,54.2,47.2,31.8,31.9,10.5,7.9,49.6,50.1,38.9,38.2,69,75.3,73.2
2026,North Dakota St.,-3.3518375,111.136691,105.993461,0.6329539,51.8,51.8,30.5,28.5,16.2,18.9,33.6,28,68,53.2,52.6,35.7,33.5,9,9,53,55.1,42.7,44.4,67.3,71.6,74.8
2026,Northwestern,-3.6566088,116.516871,103.374073,0.79840283,52,49.4,37.3,35.4,13.4,18.6,28.7,34,65.3,52.9,51.6,33,33.4,10.6,6.4,65.8,63.8,34,40.2,66.1,75.1,74.1
2026,Hawaii,-3.7343567,106.463377,100.47827,0.66046901,51.2,47.4,40.7,35.9,18.1,15.9,31.3,26.8,72.3,55,46.6,31.6,30.7,10.1,8.5,49.9,38.3,39.7,32.4,70.5,73.8,69.6
2026,Wichita St.,-3.759755,111.328239,102.363618,0.72421033,50.1,47.8,34.8,32.7,15.4,16.2,37.7,27.8,67.3,49,47.7,33.5,30.9,10.2,8.4,42,43.2,34.1,33.8,67.2,68.8,70.7
2026,Kent St.,-3.8760454,110.526703,109.566514,0.52506435,50.3,50.6,44.8,40.7,18.1,16.4,35.7,29.9,72.1,51,51.9,35.3,34.9,9.5,9.7,56.6,54.4,45,42.7,71.5,74.4,72.5
2026,Minnesota,-3.931646,114.718233,101.346849,0.80615189,53.7,51.1,37.3,27.7,17,18.1,27.2,29.5,63,56,51.7,34.8,34.7,8.2,12,72,61.4,47.1,41.7,63.6,70,72.7
2026,Creighton,-4.0165188,115.118019,104.66555,0.74925821,54.1,50.9,28.4,25.1,15.4,14.5,26.9,28.3,68.5,54.3,50.2,34.5,35.4,6.2,10.6,58.4,50.9,48.2,32,68.3,76,70.6
2026,Saint Joseph's,-4.0166306,107.599013,102.006878,0.64880013,49.5,47.9,30.8,25.7,16.8,14.9,31.7,30.9,68,51.9,47.5,30.8,31.8,12.4,11.4,60.5,51.6,45.3,39.9,68.9,74.1,68.8
2026,Butler,-4.1783146,117.02963,104.78163,0.78096688,51.6,52,42.8,26.1,15.7,15.8,33.8,29.2,70,51.9,53.1,32.7,33.3,8,11.9,57.2,53.7,34.9,37.5,69.9,71.9,71.8
2026,Navy,-4.2282467,105.309944,105.312429,0.49993215,51.1,48.6,40.7,27.7,17.6,17.9,32.2,29.8,65.2,52.9,50.4,36,30.1,10.7,7.7,61.8,52.3,33.1,45.8,66.1,73.7,74.4
2026,LSU,-4.3366773,119.111444,105.993764,0.79278774,53.3,50.3,39.4,35.7,15.9,14.7,32,29.9,68.7,54.5,49.5,33.1,35.4,10.3,8.3,52.5,46.3,34.5,37.9,67.5,76.4,69.8
2026,Mississippi,-4.4498353,113.250305,101.517195,0.77864389,50.5,49.3,32.5,37.7,14.4,17.7,27.6,30.2,68.3,50.8,50.8,33.2,33.4,12.9,7.9,50.2,57.4,35.5,42.6,67,74.9,71.7
2026,Syracuse,-4.5032696,114.535327,103.392641,0.76441148,53.9,49.7,37.2,34.5,16,18,30.1,32.4,67.8,54.5,49.8,32.9,34.1,15.4,7.9,47.1,53,37.2,35.9,68.3,64.8,72.1
2026,Hofstra,-4.6660261,113.053014,105.3152,0.6932462,52.1,46.8,34,35.7,16,15.1,34.3,29.9,65.3,48.6,44.2,36.8,32.3,10.4,10.6,48.5,55.2,43.1,40.6,65.7,75.9,71.7
2026,Georgetown,-4.8812584,113.74689,103.550247,0.74650641,50.6,49.9,38.2,34,15.4,16.5,32.5,30.5,67.1,50.7,50,31.8,33.3,10.3,9.1,57.8,54.9,35.2,41.2,67.2,74,72.6
2026,Xavier,-4.9756533,115.777426,107.930171,0.69149743,53.2,53.9,28.6,33.4,13.2,15.8,26.2,28.3,71.2,49.8,55.3,36.5,34.8,10.3,10.2,62.2,63.3,40.6,36.9,71.3,72.9,70.3
2026,St. Thomas,-4.9827141,113.460613,107.393495,0.65294185,57.3,50.9,33.9,30.9,14.6,17.5,23.1,28.5,69.7,63.6,53.5,36.4,31.4,7.5,7.8,57.2,52.4,46.5,41.2,69.3,68.8,75.6
2026,Providence,-5.0918459,120.584969,109.03019,0.76104058,55.6,51.7,39.2,33.6,16.2,13.7,32,29.9,72.3,55.3,50.4,36.4,35.3,9.6,8.6,47.5,54.7,40.5,38.5,72.3,75.7,72.1
2026,UMBC,-5.112863,106.646084,109.984105,0.41230822,52.9,51.1,33.1,25.9,14.5,14.3,25.6,27.5,66.4,54,49.7,35.9,32.2,6.5,6.5,45,42.8,38.8,37.8,67,76.4,67.4
2026,DePaul,-5.1493169,106.446661,99.9904861,0.67250644,50.3,49.8,36.2,38.6,17.8,19.3,29.1,30.2,67.7,50.5,47.3,32.5,35.4,9.4,10.7,60.9,57.5,39,33.9,67.4,69.2,71.5
2026,Austin Peay,-5.2706504,107.455277,106.949192,0.51356911,50.1,50.6,37.3,34.5,16.5,17.8,29.3,30.4,70.1,53,53.9,35.3,33.2,6.4,8.7,56,52.5,38,40.8,70.2,73.4,70.9
2026,Northern Iowa,-5.2736788,108.426502,97.6523726,0.76915992,54.4,47,27.6,30.2,14.8,17.9,22.9,26.7,63.4,55.3,50,34.9,28.9,9.8,8.1,57.1,49.3,39.6,41.5,63.1,69.7,71.8
2026,Sam Houston St.,-5.32649,113.441382,106.982545,0.66242874,52.9,51.1,31.6,34.9,17.2,16.6,35.9,30,70.4,50.4,52.9,37.3,32.3,7.6,8.3,52.1,50.2,36,41.6,71,72,69.6
2026,Wyoming,-5.3360143,114.547889,106.562254,0.69657303,51.2,51.4,34.5,44.8,16.2,16.4,35.5,28.1,67.3,54.1,53.7,32.9,33,7,11.1,53.2,45.4,43,36.2,67,75,70.2
2026,Rutgers,-5.3483815,109.797649,106.07481,0.59789139,47.6,52.2,38.5,32.1,15.3,17.8,30.5,32.6,66.5,46.6,52.5,32.8,35.8,9.7,9.8,50.6,58.5,34.6,39,67.6,74.1,75.3
2026,Seattle,-5.3553277,102.786677,96.4549897,0.67506013,49.2,48,35.2,34.5,17.2,20.3,24.9,31.5,68.6,49.7,48.2,32.6,32.4,13.8,9.4,52.9,54.6,39,37.4,68.7,70.3,74.3
2026,Murray St.,-5.4130361,115.279154,111.092994,0.60476831,53.7,51.6,40.5,35.2,15.6,15.9,33.2,32.5,72.3,55,51.5,34.8,36.3,8.9,8.2,49.3,43.7,44.8,27.3,72.8,75.7,71.5
2026,Maryland,-5.4288929,111.183819,105.74175,0.64040631,48.8,52.9,38.4,36.5,18.8,15.7,34.2,28.1,66.7,48.6,54.4,31.7,36.3,9.1,11.6,45.2,61.2,46.9,43.1,67.3,72.2,72.8
2026,Mississippi St.,-5.5802372,112.24161,104.939925,0.68428962,52,49.8,30.3,30.4,16.5,13.4,28.9,27.9,71.5,53.4,51,32.4,33.9,11.1,11,45.1,52.1,40.1,39.5,70.5,66,75.2
2026,Notre Dame,-5.6179991,114.320577,105.829577,0.70838025,52.9,50.9,35.8,37.1,16.8,14.7,31.5,26.3,66.7,51.4,53.6,35.6,33.2,7.3,8.8,47.4,55.4,43.5,47.4,67,69.7,75.2
2026,Winthrop,-5.6418606,110.848815,111.151798,0.49215313,50,51.2,41.4,37.3,14.7,16.4,33.2,27.8,71.7,49.7,53,33.2,32.9,7.9,11.2,51.6,45,44.1,42.8,70.9,72.9,73
2026,Tennessee St.,-5.6518096,106.602163,111.671681,0.36951861,51.7,53.5,32,40,16.2,18.6,32.9,28.6,70.6,49.9,51.8,33.7,33.5,10.1,7.5,45.4,49.7,30.7,36,71.1,76.3,72.4
2026,Illinois St.,-5.7611766,109.442287,102.478194,0.68050512,53.7,49.3,33.2,35,16.8,16.5,29.1,26.6,67.6,54.6,49.9,34.8,33.4,6,8.7,50.2,51,42.4,34.5,67.8,70.9,68
2026,LIU,-5.7707762,103.903018,109.638523,0.3502581,52.6,51.3,34.7,36.8,19.4,18.6,34.5,34,68.1,52.9,50.8,36.1,31.9,13.9,8.1,49.7,49.2,29,33.2,68.8,66.8,69
2026,Davidson,-5.796749,109.994725,103.566543,0.66652458,53.2,50.5,32.9,36.8,16.4,17.6,29.5,30.1,63.9,52.2,51.6,35.3,32.3,11.9,9.8,53.2,49.4,44,37.1,64.5,63.8,69.1
2026,UC San Diego,-5.8484169,107.519075,102.73979,0.62782354,52.4,49.1,30,28.2,16,16,27,28.3,69.7,55,49.3,32.8,31.5,7.6,10.2,55.5,56.9,42.3,43.9,68.2,69.3,71.8
2026,UC Irvine,-5.8567437,103.868435,98.2279667,0.65522621,49.7,45.4,33.9,26.2,17.3,17.5,33,32.6,70.7,49.2,42.7,33.9,33.3,15,8.8,55.1,54.6,28.2,37.8,69.1,69.5,70.9
2026,Bradley,-5.9969183,109.926584,107.31533,0.56868155,51.4,52,39.1,40.3,14,18.9,28.2,29.7,67.8,49.2,51.3,35.8,36.3,9.5,8.8,50.7,54.2,40.4,40,68.5,74.1,70.3
2026,Penn,-6.000074,106.966277,106.22917,0.5198698,50.3,51.2,38,29.6,16,17.8,30.7,31.3,68.8,46.2,54.4,38.7,31.7,8.5,9.4,52.7,53.8,35,39.3,70,69.5,67
2026,UNLV,-6.0153838,114.352208,108.520816,0.64609638,53.4,52,39.7,42.8,16.5,17,31.4,31.5,70.6,53.6,52.3,35.3,35.4,12.5,8,51.4,56.1,35.9,36.8,70.8,68.4,72.9
2026,South Carolina,-6.1436801,111.688823,104.089424,0.69218665,50.6,50.4,35.8,32,15.2,15.4,26.5,29.4,68,53.2,53.7,31.1,31.8,6.2,11.1,52.9,57.2,44.4,35.8,67.3,78.1,71.4
2026,Troy,-6.1484635,110.881277,108.525363,0.56143197,51.8,50.6,35.5,31,16.9,17,34.5,31.6,67,53.7,52,33.2,31.3,9.1,11,57,49.3,45.6,38.4,66,73.8,70.7
2026,UAB,-6.1753178,108.782112,105.767886,0.58009167,48.9,51.1,34.4,27.1,12.4,16.3,30.7,26.9,70.3,51.3,50.7,27.8,32.6,9.4,9.7,50.3,50.3,30.5,39.2,70.3,70.6,72.2
2026,Charleston,-6.2501854,106.571179,108.910532,0.4378957,50.4,49.4,40.4,25.7,16.2,14.7,29.8,31.3,68.3,53.4,49.5,30.6,32.6,12.9,8.6,52.6,53.2,38.1,43.7,68.7,73.6,69.7
2026,Oregon,-6.2656883,112.201175,103.442566,0.71802475,49.9,49.6,37.4,32.2,18.1,16.5,33.2,31.6,66.5,50.5,51.5,32.1,33.4,11.7,9.5,59,52.9,42.8,42.1,66.9,73,78.7
2026,Portland St.,-6.2662276,102.80768,102.498218,0.50866624,49.2,48,36.9,41.4,18.1,18.5,30.9,28.7,69,51.5,49,32.6,32.3,11.3,7.4,51.2,52.8,34.4,39.7,68.7,71,74.9
2026,Merrimack,-6.3147616,105.373055,106.830865,0.4605797,50.2,48,40.4,39.5,14.8,19.8,24.9,39.1,63.8,49.1,47.3,32.7,30.3,13.9,13,56,56.9,46.1,32.6,64.5,78.8,73.5
2026,Wright St.,-6.5652718,111.931209,108.10796,0.59860895,51.9,50.6,37.7,34.5,16.6,16.9,31.7,29.6,69,54.5,52.9,36.1,33.6,11.4,9,47,44.6,33.7,34.2,67.9,74.5,74
2026,Central Arkansas,-6.5693593,108.527077,107.441716,0.52886499,51.6,53.2,31.3,31.4,16.2,19.8,27.9,28.4,68.9,54.7,57.3,35.5,35.2,6.8,10.7,58,62.3,48.7,52.3,68.9,70.7,73.3
2026,Kansas St.,-6.6525523,112.956691,105.323407,0.6909664,53.8,51.5,29,35.6,17.5,17.8,29.5,33.7,73.8,52.4,53.7,36.4,33.7,9.1,11,57.7,56.5,40.9,38.6,73.6,71,72.1
2026,Robert Morris,-6.6752505,109.568451,109.16465,0.51061345,52,49,28.4,42.1,18.5,16.2,35.7,29.3,66.1,53.5,50.2,38,33.2,6.8,10,62.8,51.6,40.7,36,65.5,69.4,76.4
2026,Pacific,-6.8073973,109.978694,104.116296,0.65247784,51.9,50,31.1,37.5,19.4,15,34.9,25.9,65.8,51.3,48.5,35.8,34.7,6.9,10.6,58,50.7,35.3,42.8,65.4,75.5,70.4
2026,Howard,-6.8659374,102.244732,106.261663,0.39098922,50,49.7,38,35.8,18.7,18.4,33.3,31.5,69.2,49.9,48.3,34.7,30.4,10.6,11.1,61.1,46.9,34.3,34,70,74.2,69.4
2026,Queens,-6.9627917,114.413126,117.233344,0.43044616,53.8,52.9,37.2,40.2,15.6,15.4,30,33.6,70.7,59,54.1,35.9,35.8,8,9.1,54.5,48,46.8,39.5,70.5,74.9,73.2
2026,San Francisco,-7.0144454,112.985587,108.122903,0.62384588,51.9,50.5,40.3,30.2,15.7,13.8,31.6,29,66.7,50.7,50.6,34.6,34.1,7.7,8.7,55.6,52.6,46.1,35.8,66.9,70.9,74.3
2026,Northern Colorado,-7.0519545,112.05304,109.747353,0.55949212,54,49.2,27.7,37.9,16.2,12.6,28.1,26.7,70,58.1,52.3,35,30.7,7,7.2,53.3,37.9,41.5,35,69.4,75.8,76.5
2026,William & Mary,-7.1061688,109.883446,108.548646,0.53507995,54.3,52.6,41.4,33.6,16.4,19,26,30.4,73.6,57.9,53.7,33,33.1,11.5,9.8,63.8,54.2,42.8,45.5,73.6,74.9,71
2026,Penn St.,-7.1773473,113.729129,110.910579,0.5716523,53.3,57.1,37.6,28.1,16.1,18.5,26.4,30.4,67.5,55.8,58.6,32.4,38.8,5.2,9.8,48.3,60.4,38.1,43.4,68.5,75,76.9
2026,Pittsburgh,-7.2071975,112.44612,105.425009,0.67731379,51.5,52.2,31.5,31.5,17.1,16.9,34.6,27.8,64.6,51.7,53.7,33.4,35.2,9.5,9.2,52.3,51.8,42.6,41,64.6,67.4,76.9
2026,Arkansas St.,-7.3304391,109.761952,108.326215,0.5377823,52.1,51.1,38,36,19.6,15.1,37.6,26.8,72.5,53.6,50.8,32.9,32.9,7.3,10.2,55.8,51.4,44.9,38.8,73.1,73.3,70.6
2026,North Texas,-7.3505441,102.377382,100.612844,0.54981856,46.4,49.2,40,43.1,17,21.8,32.2,31.3,66,47.4,49.8,28.7,30.9,13.2,11.2,50.5,49.4,32.3,38.6,65.9,70,70.9
2026,Marquette,-7.432399,110.767496,101.532832,0.7312725,51,50.2,34.1,33,16,20.1,29.6,33.4,70.1,52.7,51.5,31.7,32.7,8.4,10,58.1,60.2,42.2,39.5,70.2,67.5,76.1
2026,East Tennessee St.,-7.4363477,107.751891,109.108048,0.46410314,53.1,50.7,36.7,35.9,16.5,19.5,28.6,29,66.5,57.2,52.6,34.7,32.9,11.5,7.5,50.8,55.2,37.8,47.7,67,74.7,71.9
2026,South Alabama,-7.4978363,106.350108,108.854097,0.43348988,52.4,51.4,36.9,24.6,13.1,18,24.4,31,65.7,53.3,50.9,34.5,33,10.3,11.3,45.6,70.9,36.6,64.3,65.6,65.7,73
2026,Oregon St.,-7.5272479,108.756657,108.881538,0.49670071,51,50.1,44.8,37.6,17.3,15,27.3,31.6,66.2,48.8,51,35,32.9,10.7,9.3,61.2,55.7,44.3,41.5,66.2,77.2,74.2
2026,Duquesne,-7.5320953,110.64931,106.63183,0.604754,52.4,51.9,38.5,39.3,17.1,18.1,31,29.8,69.3,54.5,51.3,33.1,36.2,9,12.5,55.9,55.2,44.4,40.3,69.8,71.5,73
2026,Harvard,-7.5435388,105.057764,106.130577,0.47082358,52.2,49.9,27.3,28.7,18.2,17.1,28.1,29.2,63.9,54,51.4,34.7,32.6,10.8,7.4,56.1,51.7,40.2,38.7,64.1,80.8,72.4
2026,George Washington,-7.6789747,117.455421,106.684397,0.7514042,55.3,52,35.9,34.1,17.5,17.8,37.1,28.4,70,56.5,53.7,35,33.6,10.3,10.2,55.1,59.8,46.7,43.2,70.3,71.8,73.1
2026,Siena,-7.7716436,106.396536,108.215552,0.45141655,51.3,50.4,34.7,30.1,15.6,16.6,31,29.9,64.3,52.8,48.2,30.4,32.8,9.1,9.6,53,48.3,31.9,39.3,65.6,76.9,72.5
2026,Columbia,-7.7766463,108.171348,109.763201,0.45809822,53.1,50.3,30.7,36.4,20.1,14.9,36.8,28.4,67.1,53.2,50.3,35.9,35.2,8,9.9,54.3,57.9,37.5,36,67.8,70.1,74.8
2026,Lipscomb,-7.7900211,105.091403,109.826743,0.37593313,52.1,51.5,26,30,16.8,18,25.8,30.8,70.5,54.5,54.3,35.7,34.3,7.2,10.1,62.3,46.2,47.9,40.2,70.4,74.9,71.2
2026,Tennessee Martin,-7.9680136,98.5155676,105.718934,0.30756063,49.6,48.6,34.8,35.5,20.3,19.1,34.9,31.5,66,51.5,46.7,30.3,30.2,12.3,10.9,56.2,53.4,47.1,39.5,65.3,67.7,68.7
2026,Kennesaw St.,-7.9766197,110.090609,109.190808,0.52357722,51.1,49.4,41.6,46.3,17,16.2,34.7,31,71.9,50.8,47,33.7,33.9,14.7,13.1,51.3,49.4,42.9,38.3,72.2,70,74.7
2026,UT Arlington,-8.0674085,100.963651,101.899285,0.47350482,47.1,47.6,38.7,39.1,18.7,15.9,34.1,28.9,66.5,48.8,50.9,29.1,26.9,9.3,9.5,46.4,49.1,30.7,32.3,65.8,72.3,70.2
2026,Utah Tech,-8.1362868,110.075922,112.028973,0.44960847,53.6,52.2,27,30.2,15.6,14.7,28,32.4,68.1,53.7,53.5,35,30.7,7.5,7.3,53.2,48.5,38.2,34.4,67.4,72.6,72.6
2026,Montana St.,-8.1446312,110.487448,106.778522,0.596925,52.5,50.5,28.9,28.7,15.5,16.1,28.6,30.2,67.4,53.1,51.8,36.1,34.3,7.3,7.5,39.9,43.2,44.7,34.3,66.9,74,76.4
2026,UT Rio Grande Valley,-8.1551303,109.831003,105.999441,0.60069308,54.7,48.9,27.3,37,17.2,15.5,27.3,30.8,66.5,54.5,49.2,36.8,30.4,7.8,10.2,59.9,58.1,43.7,38.2,67.4,76.3,69
2026,Cal St. Northridge,-8.2116735,108.491005,108.80298,0.49174532,51.5,51.9,33.8,33.7,16.8,15.9,33.3,28.4,75.3,52.6,51.7,32.4,34.4,8.7,10.1,56.6,57.9,33.6,48.6,74.4,66.8,75.8
2026,Florida Atlantic,-8.2891524,110.172019,105.34618,0.62600065,53.3,50.6,33.2,35.4,17.9,16,30.6,26.9,70.2,53.6,48.8,33.3,33.8,13.5,7.5,47.1,46.2,38.2,35.2,70.8,70.3,72.4
2026,Valparaiso,-8.2911204,106.53941,106.540034,0.49998316,47.8,50.3,41.3,37.1,15.5,16.9,32.7,32,66.1,45.8,51.9,33.9,32.1,10,8.5,48.8,49.8,36.8,37,66.1,70.9,71.1
2026,Cornell,-8.3386585,119.140249,119.216701,0.49815573,58.4,55.3,33.2,39.3,16.8,15.1,32.1,30.9,71.3,59.7,55.7,38.3,37.5,7.3,9.6,66.7,56.7,51.6,38.3,72.4,74.1,71.7
2026,Oakland,-8.3614487,114.201341,114.441103,0.49397067,51.4,52.7,38,26.4,14.8,15.4,31.2,34,71.1,53,57,34.7,34.3,9.8,11.7,54.9,66.3,34,41.7,71,75.1,72.6
2026,Saint Peter's,-8.3957771,102.631606,109.348931,0.32539722,47.2,50,38.4,50,17.6,19.7,36,34.9,65.5,46.2,48,31,32.1,11.3,10,53.2,53.1,38.7,35.5,66.4,73.6,74.4
2026,UC Davis,-8.404059,107.259955,107.137374,0.50328749,51.5,52.3,39.2,38,17.4,18.9,26.4,31.9,71.3,51.9,52.4,34.4,33.8,7.6,10.3,59.9,51.9,43.5,38.1,69.8,75.3,74.1
2026,Bethune Cookman,-8.4784377,104.002707,108.895889,0.3708163,50.7,50.9,35.9,34.7,18.1,14.7,28.8,31.9,70.9,51.6,49.9,33,32.9,11.2,7.1,50.4,47.7,29.7,33.1,70,69.7,71.5
2026,Mercer,-8.505657,110.732327,113.24654,0.43580843,51.5,52,39.8,30.3,16.5,18.2,33.8,34,69.5,53,51.3,35.6,36.2,9.2,8.1,46.2,46.8,39.2,42.1,69.9,73,75.3
2026,Marshall,-8.5148268,110.945287,114.259736,0.41616751,55.4,50.7,28.1,39.8,17.2,17.1,31.7,34.4,70.7,54.6,50.3,36.8,33.6,13.1,8.1,56.5,46,44.3,39.6,70.4,73,72.6
2026,Illinois Chicago,-8.5727694,108.854212,104.06056,0.62666106,50,49.2,38.4,35.8,17.6,20,37.3,33.8,67,50.7,50.6,31.7,32.7,11.7,10.6,53,66,33,46.3,67.2,72.6,73.9
2026,Western Kentucky,-8.5732615,107.515484,107.634508,0.49681907,48,51.1,37.9,45,14.6,17.4,31.1,28.9,70.9,45.8,51,33.4,34.3,6.9,11.9,51.2,57.6,39.4,42.3,70.9,75.7,69.1
2026,Quinnipiac,-8.6195264,103.983526,107.218067,0.41283175,49.3,50.5,36.3,33.5,15.7,16.9,33.2,32.3,69.8,46.7,47.1,34,34.9,11.6,11.2,49.4,52.5,33.7,35.4,71.1,69.1,73.3
2026,Furman,-8.7302297,106.566237,108.643322,0.4447292,53.1,49.1,32.9,29.1,19,14.9,31.4,29.4,66.5,59,50.9,33.3,32.6,9.4,10.8,55.8,46.8,46.3,41.9,66.8,69.8,70.2
2026,Middle Tennessee,-8.801779,109.511182,107.871404,0.54326622,52.5,51.1,30.6,34.5,16.7,15.2,30.2,27.5,66.6,52.3,51,33.8,33.9,10.7,8.3,53.5,47.2,45.3,35.3,66.5,70.2,74.5
2026,Utah,-8.8201562,114.83447,109.055137,0.64424533,52.3,53.2,33.4,31,16.7,13.9,29.7,30.6,68,51.5,54.6,35.3,35.1,8.4,12,51.7,48.2,37.5,33.8,67.3,73.8,71.5
2026,Idaho,-8.8603274,108.770681,106.423958,0.56238021,50.5,49.5,34.3,39.5,15.7,15.3,30,26,69.2,52,49.3,34.5,34.8,6.2,9.1,44.5,45.6,46.8,35.8,68.4,72.9,74.5
2026,Coastal Carolina,-8.937144,100.995661,106.989102,0.34007311,48.2,47.8,30,32.9,15.7,12.6,26.9,28,68.3,46.1,45.5,33.5,32.8,8.1,7.6,40.4,37.7,43.1,35.7,68,73.1,71.1
2026,Towson,-9.0003591,103.252941,104.740865,0.45895811,47.2,48.7,30.1,29.7,16,15.3,35.6,28.8,63.8,47.8,50,29.4,30.9,10,7.6,38.9,46,34.9,41.4,64.4,68.9,69.3
2026,Toledo,-9.0243789,113.73642,111.109394,0.56678276,53.9,52.7,30.1,26.3,14.9,17.7,30.4,33.3,69.4,54,56.1,37,34.4,7.8,8.5,53,50.8,32.5,40,68.8,75.4,68.4
2026,Montana,-9.0296082,107.082033,106.74566,0.50904436,54.7,49.8,34.8,32.8,20.2,15,22,30.5,71.1,56.5,51.9,36.6,32.3,6.2,8.7,55.1,48.4,41.8,38,70.5,77.3,72.2
2026,Texas A&M Corpus Chris,-9.047538,103.092573,104.591436,0.45859635,49.7,50.9,39.1,45.8,18.3,18.3,30.2,28.2,66.6,48.1,51.5,35,31.6,7.7,11.6,50.7,49.3,31.4,34.9,66.9,67.4,70.9
2026,Morehead St.,-9.059677,105.454452,117.112835,0.23043163,50.1,52.1,36.2,35.4,16.9,14.8,34.1,35,66.8,49.7,49.1,32,34.5,8.3,9.2,47.4,54.8,30.5,39,66.3,74.1,71.2
2026,Tulane,-9.0831027,107.490142,110.181183,0.42938511,50.6,52,40.9,37,15.1,17.2,22.2,33.5,67.9,50.5,50,32,34.5,12.8,10.9,54.8,55.8,45,40.5,67.8,76.7,71
2026,UC Santa Barbara,-9.1258023,113.482748,110.375349,0.57915025,54.7,53.1,36,40.5,17.8,15.9,31.5,27.6,67.1,53.6,53.5,37.4,33.9,6.6,9.9,54.6,49,44.1,35.7,65.3,77.5,72.6
2026,Appalachian St.,-9.1588534,104.645326,106.92289,0.43841233,50.1,48.2,37.1,30.2,15.7,14.3,30.7,29.8,64.1,53.6,47,30.4,32.2,10.2,8.8,47.8,50.8,45.9,41.4,63.9,64.5,70.7
2026,Marist,-9.2587414,99.2738957,101.322297,0.44154991,49.9,47.6,27.5,40.9,16.8,19.3,27.5,28.9,66.5,49.8,47.1,32.2,28.6,9,8.3,58.9,46.3,34.6,36.8,67.2,78.1,69.7
2026,Purdue Fort Wayne,-9.2964725,104.85462,112.960894,0.29809851,50.8,54.4,29.7,29.4,15.2,19.3,22.6,34.3,69,53.7,55.5,34.2,37.9,9.1,8.3,49.8,55.9,45.3,44.1,68.7,70.7,76.2
2026,Southeast Missouri St.,-9.3071753,100.961088,108.32961,0.30786949,50.8,50.2,38.6,48.4,16.3,17,27.9,27.8,69.9,51.8,48.4,30.9,33.1,9.9,9.5,45.7,43.9,36,33.2,69.9,69.5,73.8
2026,Louisiana Tech,-9.3104915,101.99171,105.069888,0.41533752,47.6,49,30.3,34.5,18.4,17.8,35,32.7,64.7,49.7,46.7,28.5,33.9,15.7,10.2,48,55.8,33.4,46.8,64.9,67.2,71
2026,Cal St. Fullerton,-9.3423477,107.112232,109.593901,0.43452755,51.6,53.9,36.7,34.5,15.1,18.3,25.8,29.4,75.5,51.4,57.1,34.2,34,8.6,8.5,55.2,59.7,43.1,46.4,73.8,71.6,75.3
2026,Vermont,-9.4290312,105.32228,112.620525,0.31637343,52.8,51.5,33,38,14.8,14.3,26.1,25.7,64.4,55.7,48.6,33.3,35.3,8.5,8.3,47.9,48.3,44.6,41.2,65.7,71.9,73.4
2026,Central Connecticut,-9.4384308,104.255181,117.017675,0.20948052,51.1,52.2,30.9,28.9,16.2,13.4,27.9,31.7,65.2,50.5,50.3,35.8,33.4,10.9,6.5,50.9,54,34.9,39.3,65.8,76.7,77.2
2026,Fordham,-9.4413347,102.820073,104.461564,0.4545895,48.5,50.2,27.1,30.7,16.9,16.7,34.4,26.9,64.5,51.9,49.8,28.9,33.4,6.8,8.5,52.4,60.7,38.3,42.4,65.2,70.2,68.3
2026,Rhode Island,-9.4583309,104.548575,103.153776,0.53853739,50.2,50.4,39.5,43.2,19.2,21,31.9,31.5,66,52.8,49.3,31.1,34.7,12,10.2,47.9,54.1,43.5,41.5,66.8,72.1,70.4
2026,Wofford,-9.4732897,107.628753,116.024603,0.2965427,50,52.9,37.3,36.8,14.7,15.8,29.6,30,68.4,52.5,53.4,35,36.4,8.6,9.5,51.2,50.6,43.1,38,68.8,70.9,76.1
2026,Southern Illinois,-9.528436,102.6725,100.161167,0.57071848,49.5,48.6,33.2,32.6,16.7,18.7,31.3,28.6,69.7,52.2,51.5,27.8,30.4,10,8.5,48.6,52.1,29.2,41.5,69.9,68.3,69.5
2026,Northern Kentucky,-9.6148378,108.473778,109.737314,0.46675379,50.7,52.2,36.1,38.2,17.1,19.2,31.2,31.8,70.9,55.5,53.8,33.6,36.6,9.8,7.7,55.5,52.6,44.9,38.1,71,72.1,71.6
2026,Memphis,-9.6365397,107.571336,103.211291,0.61676117,49.8,49.3,33.6,40.1,19,19.5,34.3,33.7,71.4,49.4,51,31.6,30.5,12.7,10.4,49.8,54.7,33.7,43.2,70.9,72.1,73.2
2026,Bowling Green,-9.669759,106.127661,104.523699,0.54367148,50.4,50.3,36.7,37.7,16.3,18.1,28.5,27.5,70.2,51.9,51.6,34.4,33.5,10.6,9.8,48.5,51.8,34.2,41.2,69.2,72.3,72.2
2026,Green Bay,-9.679729,112.212609,114.124111,0.45158998,52.7,51.7,42.4,38.9,15.9,13.5,24.4,29.8,64.7,55,52.9,36.4,36.3,8.4,9.3,54.5,57.8,37.3,43.3,63.9,77.5,74.2
2026,Georgia Tech,-9.6872639,106.260667,105.501542,0.52060101,50.7,49.8,34,35.2,18.4,16,30.3,30.7,71.6,48.7,50.1,35.1,33.1,11.4,10.8,59.9,56.3,33.2,44.4,71.9,71.1,71.4
2026,Texas St.,-9.7523277,103.564538,109.2134,0.35188786,49.8,53.5,31.7,37.7,18.6,18.3,32.9,29.1,67.3,50.5,51.1,32.2,35.7,10.6,10.1,48.2,43.8,24.6,37.5,67.1,76.2,71.4
2026,Detroit Mercy,-9.7627098,108.23145,110.94656,0.42924516,47.6,50.6,32.7,39.6,16.2,14.5,32.6,30.5,69.7,48.1,53.8,35.1,33.3,9.5,7.9,48.5,58.3,30.7,42.6,69.8,78.9,71.9
2026,Samford,-9.7694256,106.823684,114.082072,0.31951702,51.5,51.1,41.4,33,14.1,13.7,25.2,26.6,68.4,52.8,50.3,35.6,36.5,7,10.2,55.2,45.8,45.7,35.9,68.3,69.2,74.5
2026,Fairfield,-9.9227244,105.419335,113.468916,0.30022997,49.6,53.3,29.3,33,15.1,16.3,34.6,29.6,67.1,48.2,50.8,33.2,34.3,9.4,10.5,45.2,52.6,35.4,35.9,68,70.5,73.6
2026,Monmouth,-9.9851016,105.591436,106.696861,0.47009414,50.4,51.1,33,32.7,17,19.7,31,31.9,67.2,48.7,49.6,34.2,33.9,11.9,8.7,53.9,50.8,34.4,38.3,67.9,75,72.5
2026,Colgate,-9.9944613,107.612836,113.781945,0.34500808,52.4,51.6,31.9,37.5,15.3,15.4,28.1,30.6,66.9,53.2,52.2,35.6,34.8,8.3,6.3,51.4,54.7,35,41.7,67.8,74.7,71.9
2026,Boston College,-10.006183,102.851166,101.140362,0.54807535,47.2,48.2,33.3,35,15.6,15.3,29.2,28.4,66.3,49.1,49.6,29.4,31.9,11.6,10,47.4,48.6,42.4,39,66.9,65.3,67.1
2026,St. Bonaventure,-10.019404,112.803952,111.880388,0.52361788,52.9,53.2,31.3,33.1,16.7,16.9,35.4,29.8,67.5,50.8,52.8,37.4,36,13.1,8,55.2,55.9,31.3,40.7,68.1,74.7,75.3
2026,Loyola Marymount,-10.141277,105.662027,104.548021,0.53043469,51.9,48.6,30.7,34,17.4,16,26.6,32.3,68.1,51.6,47.2,34.8,34.6,10.4,7.3,49.3,51,40.4,36.2,68.2,69.5,75
2026,Charlotte,-10.180514,112.487497,112.976233,0.48753833,54.4,52.2,36.9,34.6,18.4,14.1,32.7,31.3,64.4,53.8,51.4,35.2,33.5,10,9.5,51.8,51.1,45.4,40.7,64.3,71.6,71.8
2026,Fresno St.,-10.285329,105.985991,103.229628,0.57518469,50.2,50.8,31.4,26.7,17.7,17.8,28.3,30.5,69.4,52.3,55.7,32.1,30.7,6.6,9.8,49.9,51.5,40.9,44,69.2,75.1,72.5
2026,Temple,-10.286936,111.82914,110.175227,0.54273328,50.8,52.6,40,35.6,14,15.4,28.6,29.6,65.4,50,51.5,33.6,32.8,11.2,11.4,48.2,48.8,35.7,35.9,65.9,74.7,71.8
2026,James Madison,-10.364301,108.900745,112.752805,0.40137211,53.6,49.8,34.3,39.7,17.3,12.9,29.8,29.3,67,53.2,48.9,35.4,32.7,11.3,11.1,48.3,45.5,42.5,38.2,66.9,70.3,72.4
2026,Buffalo,-10.422976,111.660321,115.327932,0.40814004,54.3,54.6,39.7,31.7,16.1,18,27.7,32.2,67.6,54.1,56.9,37.9,35.1,8.4,8.1,54.4,58.8,45.5,42,67.4,73.6,74.4
2026,Iona,-10.427142,103.742075,109.89566,0.34013977,52.6,50.7,30.8,30.8,17.4,16.1,26.8,31.8,68.5,51.2,51,35.1,30.6,8.1,11.1,53.7,56.5,45.9,40.7,70.1,70.7,73.3
2026,Portland,-10.479375,105.84147,107.637931,0.45176224,51.4,52,34.8,33.9,19.5,16.6,29.1,32.8,69.7,54.7,51.4,29.9,36.1,8.8,6.4,61.6,66.7,35.4,45.6,69.5,74,74.4
2026,New Orleans,-10.575706,108.662263,111.386567,0.42928598,49.9,49.9,43.9,39.5,19,14.4,34.3,34.1,69.6,50.6,49.3,31.8,32.4,10.2,9.7,52.5,60.3,33.7,40.2,70.7,74.3,71.7
2026,SIU Edwardsville,-10.616601,98.3749809,106.396467,0.28875521,49.8,48.2,29.9,34.8,17.8,15.8,27.9,31.4,65.6,47.8,45.8,35,30.2,11.5,8.9,50.9,46.4,36.2,38.4,65.4,67.1,70.6
2026,Weber St.,-10.641081,110.490451,112.985707,0.43614546,50.8,53.7,38.7,36.5,16.2,16.2,32.3,29.6,69.8,51.6,57.1,34.5,33.5,4.3,11,45.9,50.4,32.8,38.8,69.5,72.9,72.8
2026,Stony Brook,-10.679063,104.657522,109.742173,0.36689405,50.8,51.4,27.9,36.2,16.8,16.6,28,31.5,66.4,48.5,48.8,34.8,35.7,10.5,11.7,52.4,53.3,45.8,39.8,67.1,72.3,71.5
2026,Western Carolina,-10.717333,108.156485,113.911394,0.355218,49.5,53.4,33.2,37.7,17.6,15.7,35.6,27.5,68.8,50.6,54.8,33.5,36.7,7.3,7.7,44.3,48.1,40.9,43.7,68.9,71.4,73
2026,Denver,-10.909037,114.814167,121.41271,0.34465275,52.3,55.3,34.7,36.9,14.6,13.5,30.8,34.4,69.4,52.6,56.6,36.8,36.7,5,7.9,40.2,42.4,38.6,37,69,77.1,70.3
2026,Richmond,-10.931199,110.363337,109.691049,0.51755967,52.6,51.7,37.2,35.4,14.4,17.1,25,30.8,68.5,50.5,54.5,37.1,32.7,7.3,7.7,54.5,48.2,42.6,45.6,68.5,75.2,71.5
2026,Campbell,-10.944159,109.587724,112.160714,0.43367187,50.9,54.1,45.2,36,17.7,17.3,33.8,31.7,70,51.2,54.2,32.3,35.5,3.7,10.5,44.9,49.8,36.9,29.9,70.8,72.5,74.2
2026,Southern Miss,-10.952031,104.465394,108.726692,0.38703639,49.4,51.9,42.6,41.7,18.7,17.5,32,28.4,69.6,51.3,51.1,28.9,34.5,10.5,10.7,43.8,47,28.7,39.4,70.1,73.6,71
2026,Southern,-10.952665,105.671386,112.729439,0.3222285,49.2,54.7,35.8,39.1,16,17.3,30,31.2,71.4,47.7,52.1,34.8,36.7,10.6,10,52.6,52.8,32.1,37.5,70.8,69.5,76.3
2026,Lindenwood,-11.193935,100.101538,108.437242,0.28498945,49.2,51,36.8,37.4,18.4,17.2,31.5,31.1,73,49.6,49.4,29.4,32.4,10.7,9.5,49.1,47.9,30.7,32.9,73.4,67.4,68.4
2026,North Dakota,-11.306917,105.663981,115.129635,0.27157648,48.7,56,39.5,44.5,15.1,20,28.4,34.7,69.2,49.7,57.2,32.7,37.1,7.8,8.3,42.4,58.8,40.6,42.9,68.3,69.5,70.9
2026,Washington St.,-11.323605,113.571119,109.889705,0.5936195,55.4,52.4,31.7,33.3,17.9,14.5,29.7,28.4,68.9,54.6,52.4,36.5,35.4,7.7,9.6,51.6,49.2,44.8,36.7,68.8,74.5,75.3
2026,New Mexico St.,-11.423821,108.306524,109.567118,0.46677976,49,48.9,33,40.9,14.8,14.9,32.4,31.2,67.2,48.5,48.8,32.4,32.4,9,8.1,49.3,47.8,38.7,41.3,67.6,73.5,72.4
2026,Massachusetts,-11.439562,108.904245,109.334752,0.48865925,52.5,52.1,38.7,45.1,18.2,17.1,33.3,27.8,71.2,53.2,55.4,35.2,33,6.7,7.6,58.4,58.6,35.4,42.7,71.1,67.3,72.9
2026,FIU,-11.454291,107.833447,108.506921,0.48210767,51,52.9,35.8,35,18.2,20.5,34.1,34.8,71.5,49.9,51.7,34.7,36.2,13.2,8.4,49.9,62.2,32.7,45.1,72.6,69.4,70.1
2026,Ohio,-11.552033,107.51235,112.485766,0.37284264,50.4,51.8,37.2,37.8,15.4,15.8,29.1,33.2,70.4,54.5,51.9,30.1,36.8,8.6,7.5,46.6,47.7,38.1,33.6,69.8,71,73.2
2026,South Dakota,-11.561377,104.77362,114.263171,0.26951666,48.5,54.4,43.6,32.2,17.3,16,28.8,32.3,71.4,50.7,55.7,32.3,34.5,6,9.4,46.1,42.8,35.9,30,70.9,74.2,73.9
2026,Dartmouth,-11.581619,104.454553,112.818919,0.29196333,51.6,51.9,40.2,33.3,18.4,13.6,24.9,29.6,69.2,49.4,53.2,36.1,34.6,9.3,10.4,53.9,50.8,48.7,39.2,70.5,74.2,71.2
2026,American,-11.605596,105.305587,111.457687,0.3423243,50.8,54.1,30.6,44.7,16.1,19,27.8,31.3,66.7,53.3,55.1,33,35.5,4.4,10,49.5,53.7,46.5,37,67.7,75.8,72.2
2026,Alabama A&M,-11.607324,103.314688,115.90107,0.210484,49.1,54,38.1,37.2,16.1,15.3,26.1,31,67.3,47.5,51.5,35,35.4,7.7,8.5,48,56.1,34,36.5,66.2,73.8,72.1
2026,Drexel,-11.804301,102.597351,105.484341,0.42088788,50.9,48.3,31.1,35.7,18.9,16.3,30.5,31,65.2,49,47.9,35.5,30.3,9.5,9.3,53.6,47.3,40,34.1,65.2,66.5,75.2
2026,Florida A&M,-11.805925,98.422256,109.377628,0.22904645,48.6,53.4,31.6,36.1,20.4,17.7,28.9,30.7,70.3,49.4,50.6,32.6,34.9,8.1,9.7,52.6,49.7,37.7,34.4,68.9,70.3,75.2
2026,Radford,-11.819716,105.82217,113.504998,0.30874383,50.5,53.7,40.1,37.4,17.3,17.9,29,32.3,72.4,52.3,52.9,33.5,35.5,9.2,9.6,45.7,54.3,45.4,37.9,71.6,71,71.8
2026,Tarleton St.,-11.874179,104.152284,107.486457,0.41038505,48.9,54.6,37.2,45.5,18.1,20.2,30.7,33.1,70.2,48.2,54.4,32.5,34.9,9.7,9.6,41.7,55.5,24.2,40.7,70.5,74.2,73.2
2026,Georgia Southern,-11.985948,109.560833,115.253748,0.35834675,52,53.5,39,42.1,15.6,18.8,28.2,35.6,71.1,52.7,52.9,33.4,34.3,9.9,9.2,41.1,46.4,48.9,39.5,71.1,74.3,74
2026,Lehigh,-12.036566,101.762842,112.589725,0.23817477,51.9,50.6,33.5,36.1,17.8,16.3,23.9,34,66.5,52.4,51.2,36.5,32.8,7.8,7.7,54.3,45.3,38.2,32.2,67.8,72.9,75.1
2026,Eastern Washington,-12.102765,112.224914,112.480025,0.49347229,53.1,54.2,36,37.7,18.4,16.9,32.7,32.7,68.9,53.6,56.3,35.9,35.2,9.7,7.9,49,49.1,34.7,39,68.8,74.3,75.9
2026,Rice,-12.278099,108.177172,112.156332,0.39761357,49.1,52.6,32.6,38.5,18,15.7,34.1,32.1,66.7,46.2,51,34.3,34,10.3,10.8,46.2,47.4,44.1,35.5,66.6,68.1,73.5
2026,Nebraska Omaha,-12.311709,105.809744,112.88871,0.32196888,50.7,52.3,34.2,33.3,16.4,14.2,26,29.4,68.6,53,55.6,34,32.9,9.1,10.5,46.9,53.4,40.9,45.5,68.1,73.2,72.4
2026,NJIT,-12.419769,96.7221676,111.78122,0.15921762,46.8,50.7,36.2,40,17.7,16,27.7,34.6,67.9,47.5,51.1,30.4,32.3,9,9,45.7,52.6,40.1,40.7,69,70.5,69.7
2026,Cal Poly,-12.442491,108.444524,112.830908,0.38793682,51.9,53.6,34.3,33.1,19.4,15.6,31.4,31.8,76.1,53.7,55,33,34.7,5.7,11.4,49.6,52.5,52.6,40.8,75.1,78.5,72.4
2026,West Georgia,-12.454031,101.796929,113.110298,0.22936323,47.2,52,30.2,38.9,16.7,15,30.1,30.1,70.2,49.6,55.7,33.1,33.1,12.4,5.6,44.3,50.5,33,37.4,70,70.4,73.4
2026,Mount St. Mary's,-12.476986,98.7594918,108.21447,0.25895308,51.2,49.1,35.1,40.1,21.9,14.9,31.1,29.2,67.7,51.8,46.2,32.7,32.3,9,8.5,55.2,52.9,42.6,44.9,68.8,67.4,75.3
2026,Prairie View A&M,-12.554915,101.378643,111.80683,0.24490608,47.3,52.3,37.1,39.8,15.4,17.3,25.2,35.2,72.8,47,49.4,33.2,35,12.2,8.2,44.2,48.5,30.9,32.7,71.8,75.2,72.6
2026,Youngstown St.,-12.58978,106.188537,107.693749,0.45962142,51.1,51.2,31.2,37.5,19.1,18.4,29.4,30.5,68.6,56.6,51.7,33.8,35.5,9.3,9.7,53.8,47.8,49.4,34.3,68.2,73.3,74.9
2026,UNC Asheville,-12.682929,103.447278,110.686479,0.31478229,50.6,51,38.1,36.3,16.9,15.8,30,31.2,67.1,50.1,52.8,35.1,32.6,10,7.7,40.4,48.7,33.6,38.4,65.8,68.4,67.7
2026,Abilene Christian,-12.691542,99.9755097,106.913835,0.31612731,48.4,57.2,39.7,51.3,19.3,21.1,29.8,27.7,68.9,48,54.4,31,40.9,7.5,12.6,54.1,50.7,32.8,30,68.4,70.4,72.3
2026,South Dakota St.,-12.727478,107.404143,111.068259,0.40473328,51.1,51.6,30.5,34.6,16.1,15.2,30.4,26.8,67.9,52.7,52.4,34,34.1,7.1,7.8,51.3,52.7,38.8,47,68,72,74.5
2026,Longwood,-12.743837,102.62366,112.12071,0.26544896,49.5,54.7,38.2,40.3,19.1,18.7,33.4,28.5,69.4,51.1,56.1,31.4,33.8,6.1,9.4,47.1,49.9,34.8,42.6,69.5,74,69.3
2026,Nicholls St.,-12.767216,104.822408,111.782366,0.32315901,51.2,55.4,32.5,36.9,16.8,19.5,27.2,33.4,68.3,51.2,56,33.3,34.6,8.2,9.9,52.1,56.2,43.9,38.7,69.2,66.2,78
2026,Jacksonville St.,-12.856822,104.676064,107.816896,0.41581315,50.1,50.2,40.6,38,17.3,16.6,29.5,28.1,65.8,47.4,49.3,35.7,33.3,9.5,9.7,49.6,51.3,38.1,42.9,66.1,68.4,75.4
2026,Arkansas Pine Bluff,-12.915054,104.534414,115.19068,0.24669196,49.9,53.7,34.1,40.9,17.9,15.5,26.3,34.8,71.2,49.8,54.4,33.6,33.2,7.8,8.7,56.3,53.8,37.2,37.3,70.2,75.5,75.7
2026,Missouri St.,-12.949349,108.655248,110.847515,0.44282164,51.8,52.5,40.6,39.5,16.7,16.7,31.4,31.6,66.3,52.2,52.3,33,34.4,8.5,13.6,56.6,49.8,41.3,35.8,66.2,67.3,71.9
2026,Texas Southern,-12.969752,101.507828,114.377926,0.20217104,49.1,54.1,32.5,40.4,17.2,15.4,27.4,32.1,70.6,49.8,53.5,33.1,34.1,10,7.7,43.2,55.3,32.5,43.2,69.6,71.9,70.9
2026,Morgan St.,-13.094933,98.2227947,121.606879,0.07900925,45.7,54.3,37.5,48.6,16.6,14.5,28.8,35.5,70.7,44.9,53.7,31.7,31.5,8.5,10.4,52.2,56.4,35.2,31.9,71.4,74.3,70.3
2026,New Haven,-13.125698,95.2379141,111.331431,0.14239543,48.6,53.5,31.5,30.1,17.7,16.5,21.7,27.3,63.5,51,52.1,30.2,34.3,6.1,7.7,49.7,48.9,39.8,38.4,64.3,70.2,76.1
2026,North Carolina Central,-13.132876,99.4492591,121.896755,0.08781914,47.7,56.8,33.8,33.5,17,17.4,28.6,38,66.7,46.7,54.5,32.6,36.4,10,12.4,52.7,58.2,33.9,40.6,66.7,73.8,71.6
2026,Elon,-13.239507,109.409496,116.04055,0.33700201,52.2,54.1,34.5,33,16.5,16.6,32.3,33.2,68,52.8,53.3,34.3,36.5,8.9,11.2,54.6,56.1,43.2,44.5,67.8,71.4,71.3
2026,Mercyhurst,-13.289663,100.584968,110.899808,0.24551453,49.2,51.4,26.3,44.7,14.6,17.7,26.6,31.6,64.5,50,51,32.1,32.3,11,6.3,54.2,52.5,31.1,33.6,65.5,74.1,69.6
2026,Charleston Southern,-13.326899,104.615065,111.45482,0.32556458,53.1,47.8,28.8,40,18.1,12.5,28.4,30.2,73.3,54.6,46.6,35.6,31.9,11,10,54.9,39.2,49.5,31.3,72.5,64.8,71.2
2026,Norfolk St.,-13.399461,100.157508,116.596566,0.14833479,49.3,54.7,36.2,41.9,17.4,16.5,29.7,31.3,69.1,48.4,54.4,34.2,32,8.7,10.8,45.9,58.1,30.6,41.6,69.1,68.1,71.3
2026,Florida Gulf Coast,-13.402123,105.92366,111.722253,0.35139374,49.9,52.4,29.7,40.1,16.8,16.9,30.7,29.1,69.1,53.3,53.6,33.2,35.4,11.1,8.6,52,53.3,38.4,46.2,68.6,72.1,74
2026,San Diego,-13.413753,108.042554,111.641725,0.40688651,51.7,54.9,26.6,40,17.5,18.2,28.4,35,68.8,50.8,58.5,34.6,32.7,7.5,10.1,59.1,57.3,43.7,40.1,69.1,74.7,73.5
2026,Wagner,-13.479562,102.445482,115.345404,0.20360651,49.6,51.9,33.9,43.6,18.4,14.4,33,30.8,65.3,46.6,49.9,36.6,34.3,6.5,10.4,48.9,54.1,36.1,35.8,66.4,72.6,71.8
2026,Milwaukee,-13.584519,106.085327,114.61217,0.29130222,48.5,53.7,32.1,38,15.7,16.3,32.1,29.1,69.1,50.8,56,32.3,36.5,8.5,9.5,48.1,55.8,38.1,40.2,68.6,68.7,74.3
2026,Drake,-13.613783,108.913035,112.610018,0.40519116,52,52.2,35.9,33.7,14.8,14.6,27.3,30.8,67.8,51.7,51.1,34,36.4,8.5,8.6,51.6,54.8,45.7,43.3,68,71.4,68.3
2026,UMass Lowell,-13.65729,102.322458,116.399281,0.18507762,50,53.9,36,30.4,18.6,13.9,34.1,31.8,68.9,50.5,54.4,32.2,34.6,7.6,10.4,45.4,47.5,31.3,35,70.3,65.7,71.6
2026,Boston University,-13.694342,111.001387,119.629098,0.29716926,56.1,53.8,33,33.2,17.8,13.2,28.7,31.1,63.5,56.9,52.8,38.8,36.6,9.6,8.9,53.6,49.4,43.8,40.6,64.1,73.4,72.7
2026,Presbyterian,-13.742954,101.851804,112.005145,0.25109167,50.6,51.9,37.8,34.3,19.2,16.1,32.3,31.1,66.1,52.3,50.6,31.6,34.7,12.5,8.4,49.1,47.9,28,36.3,65.2,68.5,69.2
2026,Incarnate Word,-13.751638,108.177416,116.774442,0.29329726,50.5,55.4,31.8,40.2,15.8,15,30.8,32,65.4,47.7,56,36.1,34.4,7,9.8,44.2,51.8,39.1,35.4,66.4,71.2,71.7
2026,Le Moyne,-13.790302,101.438045,113.447673,0.21639917,52,51,40.1,35.7,19.3,14.7,25.8,30.5,69.2,53.5,46.1,34.3,36,9.1,9.5,56.5,54.9,40.8,39.7,70.4,71.8,73.8
2026,East Carolina,-13.826581,101.945526,110.692342,0.27956215,47.2,53.1,38.7,31,17.9,16.7,32.6,30.7,69.2,47.5,52.2,29.3,34.9,10.7,8.1,47.3,54.6,31.1,38.8,69.6,70,72.2
2026,Jackson St.,-13.944586,100.124034,117.499017,0.1370238,45.8,54.6,32.3,38.5,18.4,15.5,28.5,36.7,71.1,44.6,53.5,31.4,34.8,8.1,12.4,45.8,60.9,43.3,39.7,70.5,75.8,74.7
2026,San Jose St.,-13.9518,111.647185,115.655055,0.39997103,49.5,56.1,31.7,32.9,15,16.9,31.1,36.4,65.8,47.6,59.1,35.3,36,6.4,8.3,42.2,57.7,38.3,39.3,66,73.8,77.8
2026,Idaho St.,-14.113184,109.253959,116.050207,0.33314378,51,53.6,36.8,38.6,17,15,33.7,29.9,67,52.9,56.1,33.6,34.5,11.2,8.8,47,48.3,41.9,37,66.2,74.1,76.6
2026,Lamar,-14.119912,102.627784,109.348432,0.32531474,47.6,51.8,26.6,42.7,16.9,16.5,34,30.1,65.8,47,49.7,32.9,35.3,12.7,8.5,55.4,57.7,33.9,37.5,66.3,70.7,68.9
2026,USC Upstate,-14.251642,99.2479223,110.463538,0.22596416,48.2,51.5,31.3,34.2,18.3,15.9,28.9,31.1,69.2,48.9,49.5,31.4,35.6,12.4,11,46,44.7,35.6,36.1,68.5,68.1,70.4
2026,Western Michigan,-14.380599,106.945162,116.851135,0.2652763,49.5,53.5,33.2,37.4,16.5,13.4,30.7,29.8,69,48.1,54.5,35.3,36.1,7.6,11.9,48.1,53.9,36.1,43.7,68.8,74.4,69.7
2026,Bellarmine,-14.395708,113.69807,126.828496,0.22152056,56.7,58.1,35.6,36.4,16.2,15.6,22.3,34.8,66.1,61,58.1,38.1,40.4,5.9,9.1,53.4,61.9,41.2,50.5,65.6,78.8,73.3
2026,Brown,-14.53859,97.0870224,107.177242,0.24285752,48.1,50.6,30.2,40,20.5,18.6,30.2,31.7,66.7,50.4,52.2,30.3,33.5,12,9.4,59.5,55.3,36.3,43,67.6,68.4,75.9
2026,Tennessee Tech,-14.62021,101.106542,116.734903,0.1607169,50.1,53.9,34,31.5,18.4,14.4,29.5,29.4,68.3,50.1,50.3,31.1,35.8,7.1,10.8,45.4,50.8,36.5,36.1,68,76.2,73.9
2026,Ball St.,-14.633521,98.7631347,108.733929,0.24860542,45.8,52,31.9,32.6,16.3,18.3,27.1,32.2,65.4,47,53,31.4,34.8,8.2,10.9,53.6,54.1,39.4,41.2,64.6,71,77.3
2026,Hampton,-14.638515,100.476992,112.062503,0.22184063,46.4,53.3,39.7,45.6,17.2,16.8,32.7,29.2,66,47.1,54,28.8,32.1,8.4,11.8,48.9,50.5,37.1,33.6,66.4,72.5,68.2
2026,Indiana St.,-14.683773,105.280406,108.215606,0.42159478,53.6,50.5,28.9,29.9,19,15,26.9,32.2,68.3,57.4,52,31.5,31.3,8.1,13.4,64.9,43,45.2,34.4,69.2,67.8,69.5
2026,Eastern Michigan,-14.6947,101.804123,107.165091,0.35659368,48.6,49.6,29.6,35.7,17.4,15.8,28,29,68.4,50,50.8,32.4,32.9,10.9,9.7,47.9,51.3,31.8,35.6,67.4,73.2,72.3
2026,Sacramento St.,-14.72183,104.927077,113.622064,0.28586767,46.7,53.5,39.9,36.3,14.8,17.2,27.2,34.6,72.3,46.6,56.8,31.9,35.2,7.8,8.5,48.9,57.9,35.6,43.7,72.6,78.1,72.5
2026,La Salle,-14.827163,105.583072,109.449353,0.39805297,46.5,54.1,38.9,31.3,17.3,17,33.9,31.4,66.4,45.6,55.1,30,36.5,7.8,12.2,56,60.7,31.5,42.2,66.7,72.5,68.7
2026,UTEP,-14.840154,100.787269,109.699116,0.27400704,49,51.6,31.8,39.7,17,18.3,26.1,33.1,66,46.5,51.9,33.9,34,10.1,8.4,48,52.7,40.3,37.5,66.2,70.4,70.9
2026,Grambling St.,-14.851937,97.3780128,107.333052,0.24612887,48.5,52.1,34.1,35.9,19.9,18.9,28.8,32.9,69.4,48.9,50.5,32.3,32.7,7.5,13.1,51.6,52.6,38.1,35.2,68.5,72.9,72
2026,Jacksonville,-14.856373,102.559464,113.655797,0.23479777,48.1,53.1,33.8,44,17.5,15.1,30.9,29.9,65.2,51.5,55,31.7,36.3,8,7.5,44.7,50.8,37.4,35.2,64.5,72.3,69.8
2026,Princeton,-14.933068,104.230986,111.404533,0.31746995,49.7,51.1,37.2,36.6,17.4,14.6,28,29.5,64.5,48.6,55.7,33.9,31.1,6.4,10.3,55,50.1,44.5,41.4,64.8,74.8,72.6
2026,Houston Christian,-14.94328,102.022832,114.346064,0.21225636,49.7,55.2,33.1,29.8,17.5,16.9,28.5,32.4,64.4,50.9,55.3,31.7,35,10.6,9.9,58.7,53.8,36.5,37.4,65.1,69.4,71.1
2026,East Texas A&M,-14.993546,99.8900851,110.890205,0.2312251,49.5,53.7,29.3,34,17.9,16.3,25.3,31.7,68.5,51.2,51,31.3,37.3,8.6,10.7,62.4,56,46.2,38,69.3,67.9,69.6
2026,Pepperdine,-15.084918,104.092989,111.840931,0.30457215,48.1,53.9,34,29.8,17.8,16,29.9,34,69.4,48,54.9,31.4,35.5,7.5,10.7,56.2,56.1,39.2,40.3,69.3,75.8,72.3
2026,Delaware,-15.094295,104.520156,114.207856,0.26515173,53.6,52.5,28.7,29.5,18.1,14.1,20.7,30.4,64,51.7,50.6,36.8,35.1,9.1,10.4,52.3,60.7,46.2,43.4,64.1,78.6,77.7
2026,UNC Greensboro,-15.18025,107.054219,118.551957,0.23628017,50.3,55,42.7,31.2,16.1,14.5,28.2,30.6,68.6,51,55.6,35.6,38,5.8,9.1,46.9,50,40.2,46.6,68.6,70.4,70.7
2026,Eastern Illinois,-15.184067,96.2549255,111.671464,0.15336458,46.8,52.5,33,35.5,17.8,18.3,27.3,33.1,66.2,44.9,53.1,31.7,31.7,8.6,11.7,48.7,58,29.9,41.2,66.6,74.4,74.4
2026,North Carolina A&T,-15.189215,103.703667,116.448468,0.20866675,50.8,54,40.4,35,18.5,13.9,30.5,27.9,69.1,52.3,51.7,31.6,36.6,10.2,8.4,45.4,58.5,32.7,38.1,69.5,73.5,69.4
2026,Sacred Heart,-15.245047,106.117465,118.106603,0.22601145,52.9,55.4,33,29.2,17.6,14.4,27.6,31.7,68.4,50.4,54.4,35.7,34.8,8.6,9.3,58.6,59.8,50.7,43.5,69.4,78,70
2026,UC Riverside,-15.280632,103.341299,110.818443,0.30931035,49.1,52.4,34.1,39.8,17.8,15,28.8,31.3,71.1,49.9,53.8,31.6,33.5,10.1,8.6,49.7,50.7,38.3,31.7,69.4,74.2,70.7
2026,Chattanooga,-15.353854,104.705226,117.460392,0.21049408,51.9,51.3,29.7,41.3,15.3,13.9,22.1,32.2,67.6,55.8,52.1,35,34.2,7.6,7.7,55.6,53.3,49.2,44.2,68,77.4,70.9
2026,Northern Illinois,-15.407907,96.3065433,113.484287,0.13153281,46.8,54.9,39.2,38,21.5,16.7,30.4,31.1,69,48.5,56.3,30.9,36.3,5.3,14.5,51.8,53.9,45,37.7,68.4,65.7,73.3
2026,Central Michigan,-15.422982,105.606802,113.79885,0.2975147,51.2,53.5,31.5,39.1,18,16.9,29.6,35,68.3,52.2,54.4,33.9,35.5,11.6,8.8,54.9,57.9,34,38.4,68,69.7,69.1
2026,Old Dominion,-15.440141,105.38262,111.740803,0.33766474,51,51.3,33.4,40.1,15.8,14.8,25.4,30.7,70.3,48.8,52.4,36,32,8.1,11.1,49,51.4,36.2,36.4,69.9,73.3,74.3
2026,Southern Utah,-15.545632,104.926659,113.991924,0.27829019,51.5,53.5,29.6,28.3,18,13.1,28.5,32,70.8,51.4,51.7,33,38,9.2,10.2,49.6,46.9,35.5,29.5,71.3,71.5,70.9
2026,Long Beach St.,-15.70017,104.320816,110.858027,0.33204209,50.7,53.7,30.9,41.7,17.1,16.5,27.1,28.9,70.9,51.5,54.8,32.7,34.4,7.8,7.2,46.2,53.1,34.8,35.3,69.4,72.5,75
2026,Stetson,-15.904681,103.908516,117.138573,0.20129217,51.1,54.1,32.9,31.8,18.7,15.3,26.5,31.9,67.9,52.5,57.6,36,34.6,5.8,7.7,58.5,54.5,44.7,41.1,67.7,69.2,74.6
2026,Loyola Chicago,-16.042036,103.199379,113.227035,0.25608461,49.9,51.7,34.6,33.9,18.9,12.9,30.6,29.8,65.9,51.9,49.5,31.7,36.8,11.6,13.9,60.8,61.3,47.7,44.3,66.7,67.3,76.5
2026,Northwestern St.,-16.263564,101.230733,113.776378,0.20692291,48.9,54.2,36.7,35.1,16.9,16.2,25.2,31.9,65.2,48,52.9,33.2,35.5,6.7,9.6,50.7,51.9,33.9,37.9,65.7,74,70
2026,Manhattan,-16.292101,103.533282,121.246694,0.13988534,48.8,56.1,34.6,28,15.5,15.9,28.1,36.2,68.1,47.8,53.3,32,36.6,5.9,10.7,49.6,61.5,37.1,38,68.9,79.6,73.6
2026,Little Rock,-16.391424,100.689349,116.559315,0.15667974,50.6,54.3,27.3,32.6,17.5,17.4,30.6,34.9,67.6,47.9,51.9,35.3,34.4,12.5,5.6,52.2,53.7,31,40.3,67.4,68,69.2
2026,Alcorn St.,-16.406605,97.3511372,115.210539,0.12597523,47.7,56.5,28.6,36.2,18.6,16.8,25.3,35.8,69.5,46.5,58,33.3,33,9.1,11.1,46.6,55.7,33.7,35.1,68.9,70.8,72.7
2026,New Hampshire,-16.408774,95.8941684,114.71106,0.11299875,47.2,53.3,31.2,37.9,17.7,15.5,27.1,29.6,67.2,47.4,54.6,30.5,34.3,5.6,11.3,44.3,48,43.1,36.9,68.3,65.1,75.5
2026,Southeastern Louisiana,-16.528366,98.962111,109.365532,0.24057581,47.1,53.3,37.8,40.9,17.7,18.3,27.6,31.1,65.6,49.4,51.4,28.4,36,8.3,9.7,51.6,53,39.5,37.9,66.4,68.4,73.4
2026,Eastern Kentucky,-16.537054,107.903722,119.955665,0.22834978,50.2,54.6,31.3,39,17.4,15.4,32.5,32.8,68.7,51.6,57.4,35,36.2,8.4,8.4,53.3,54.5,50.8,41.6,68.2,72.4,73.2
2026,Alabama St.,-16.588828,100.362416,112.203984,0.21710743,47,53.8,31,39.9,17.4,17,30.2,32.3,71.3,46.8,52.8,31.8,34.2,11,11,47.6,55,38.5,40.4,70.2,70.5,73.5
2026,Northern Arizona,-16.696455,104.758722,118.053394,0.20197634,50.9,56,30.9,32.6,16.8,16.8,24.7,34.7,65.5,50.7,56.1,35.6,38.7,7.8,8.9,51,49.9,36.7,40,64.7,68.9,72.2
2026,Fairleigh Dickinson,-16.728129,100.350777,118.759544,0.12598514,47.3,56.5,33.1,39.2,18.1,15.7,32.4,28.7,64.1,48.6,54.1,30.3,37.8,4.7,9.4,51,51.3,45.2,40.5,65,70.1,71.3
2026,Loyola MD,-16.780049,103.09678,119.935813,0.14933601,49.7,55.3,30.9,35.2,16.1,15.2,28.5,31.1,68.1,51.9,58.3,32.6,32.8,9.6,8.3,48.8,55.5,47.2,39.6,69.2,71.5,73
2026,Cleveland St.,-16.902084,109.162933,123.130934,0.20025884,52.2,56,37.1,36,18,15.5,26.3,35.7,71.4,52,59.5,37.5,36.2,7.3,14.4,57.9,58.6,50.8,44,70.6,76.2,75.9
2026,Louisiana,-16.983585,100.126649,110.933375,0.2352896,47.5,54.1,27.3,43.4,16.5,18.2,27.7,32,64.1,44.8,52.2,33.6,35.6,10.8,8,45.9,49.7,40.5,36.2,64.2,70.4,72.8
2026,North Alabama,-17.089696,99.6881417,117.419536,0.13208759,46.1,53.5,37.6,31.8,18.5,15.1,31.3,34.2,65.6,49.1,56.5,30.7,35.7,11.1,9.9,40.5,55.4,33.7,43.3,65.8,68.4,75.5
2026,Lafayette,-17.09322,100.652987,115.211052,0.1745815,48.6,53.5,34.3,33.3,16,15.2,26.8,31,66.9,50,53.4,32.2,36,6.4,10.5,55.4,59,39.8,38,67.8,68.9,74.2
2026,Albany,-17.353585,103.082557,117.476606,0.18195562,51.3,53.7,26.3,37.3,19.4,15.6,34.1,34.9,65.6,52.8,52.7,32.6,36,11.8,9.4,48.9,56.4,37.6,40.6,66.2,65.9,73.5
2026,Army,-17.398351,100.097901,118.128306,0.1295819,48.2,54.3,29.2,43.1,17.6,15.6,31,30.6,67.3,50.7,56.4,32,35.6,4.8,11.2,59,53.5,53.3,41.7,68.1,71.7,74.8
2026,South Carolina St.,-17.42384,95.1769343,117.705567,0.07994019,47.1,55.4,36.5,45.9,20.2,17.1,29.8,36.4,70.3,44.8,56.3,34,33.5,11.3,9.6,52.6,57.9,33.3,38.9,69.8,66.8,73.2
2026,Stonehill,-17.562678,91.666205,108.615593,0.12443304,46.5,49.1,28,32.6,19,13.1,27.8,28.4,66.6,46.5,46.7,31.7,33.4,9.9,13.6,51.3,44,40.5,32.4,67.3,68.5,68
2026,Oral Roberts,-17.573646,101.730101,113.486693,0.22137576,48.4,52.9,35.6,38.7,18.9,15.3,28.9,32.5,69.2,51.1,52.2,32,37.4,9.1,9.8,47.1,46,45.6,36.6,68.7,74,69
2026,Canisius,-17.61699,95.224995,113.64278,0.1157403,46.9,53.5,32.9,36.9,18.8,15.4,28.3,30.5,64.3,44,54.3,33.3,33,8.5,9.7,55.4,56.5,39.5,44,65,71.9,72.9
2026,Maryland Eastern Shore,-17.660864,93.3088571,115.120102,0.08198326,47.5,52.9,26.4,39.1,22.5,16.4,30.4,32.8,64.5,49.9,51.1,29,33.5,7.8,8.6,56.5,56.1,33.5,39.7,64.2,71.5,74.3
2026,Evansville,-17.678495,101.15171,112.709268,0.223708,50.2,54.2,31.6,32.6,18.9,15.8,23,31.1,67.4,49.9,54,32.2,37.6,10,7.1,54.3,58,43.1,43.2,67.9,73.6,74.5
2026,Georgia St.,-17.708459,98.6337703,111.08839,0.20302509,44.9,51.3,34.9,33.9,16.9,16.7,27.8,34.1,68.8,42.9,51.2,30.6,33.1,8.3,8.7,50.6,51.4,42.4,39,68.9,78.6,70.5
2026,Bryant,-17.935587,96.0034758,118.716764,0.08001852,47.6,53.4,31.2,35.6,20.9,14.5,29,33.8,64.4,48.7,51.8,30,36.3,10.7,8.7,53.1,51.3,47.9,35.8,65.2,76,71.1
2026,Cal St. Bakersfield,-18.060664,101.608612,116.313998,0.17445185,45.7,54.5,41,42.2,18.3,17.1,31.9,37.9,72.6,46.6,53.9,29,36,13.6,9.1,44.6,54.2,28.9,39,71,73.8,72.9
2026,Holy Cross,-18.18744,100.175275,117.262321,0.14049811,48.8,54.4,33.4,30.2,15.9,14.1,22.7,29.1,65.8,50.4,57.2,32.5,34,4.9,8.3,44.7,50.3,37.3,39,66.4,77.2,74.5
2026,Bucknell,-18.203358,98.3933891,113.120786,0.16741645,47.7,53.8,31.7,38,19.7,18.3,28.4,33.5,66.9,50.4,54.1,30.6,37,5.9,11.5,54,61.8,42.7,45.7,68,76.8,75.2
2026,Niagara,-18.289327,99.0493261,117.210947,0.12607594,51.6,54.7,28,34.5,18.8,16,24.2,32.5,63.1,50.5,52.7,33.7,35.3,8.7,9.7,60,52.5,40.5,40.4,63.2,72.2,77.8
2026,The Citadel,-18.508157,99.477047,120.777516,0.09697764,48.4,56.3,30.3,33.4,17.8,15.8,28.3,33.6,64.8,51,59.6,32,36.6,7.8,10.7,50.6,52.2,47.8,44.1,65.1,66.5,68.7
2026,UTSA,-18.709233,99.1711959,117.18857,0.12788694,45.6,54.3,28.2,31,17.4,15.1,29.1,37,69.6,45.5,53.8,29.2,35.1,11.9,13.1,42.8,56,41.3,43.3,69.5,69.8,72
2026,Delaware St.,-18.739603,88.1122739,113.229728,0.05293618,42.8,55.1,30.9,37.1,18.5,17.4,25.6,31.9,66,43.1,54.8,28.4,33,5.2,11,45.8,55.5,28.9,34.7,66.5,68.9,71
2026,North Florida,-18.996859,107.093821,123.803487,0.15877277,51.9,55,28.5,32.4,18.3,13,25.9,36.9,72,53.4,58.7,35,35.1,3.5,12.6,50.6,52.2,51.7,39,71.5,77.8,70.3
2026,Coppin St.,-19.177084,91.596771,120.075123,0.04256205,46,57.4,36.2,39.7,21,16.4,28.6,34.2,69.1,45.8,53.9,30.7,38.3,10.9,12,51.5,62.5,35.2,43.2,69.5,67.2,74.3
2026,Northeastern,-19.204082,106.861886,117.491767,0.25151339,53.2,56.5,30.2,42.2,16.7,16.8,27.4,30.5,69.7,53.6,57.8,33.7,35.8,8.1,9.5,55.7,50.2,37.8,35.2,70.7,69,73.9
2026,Chicago St.,-19.248895,99.2846655,118.61741,0.11445824,45.7,56.6,31.1,39.9,15.6,19.2,29.2,36.5,65.8,44,60,32.1,35.6,4.9,8.7,50.3,72.7,30.9,50.8,66.6,75,75.1
2026,Saint Francis,-19.395976,99.5102088,121.361656,0.09254747,49.5,59.4,31.7,40.5,18.7,17.9,28.2,33.8,70,47.5,60.1,34.2,38.1,4.9,10.8,51.6,56.3,37.8,40.9,70.9,69.5,71.5
2026,Rider,-19.686683,95.5733269,119.200684,0.07306599,44.1,56.5,31.3,34.4,16.5,14.9,31.3,32.8,65.7,43.3,54,27.7,37.9,9.3,8.3,44.3,54.4,27.5,39.9,66.6,70.1,71.4
2026,IU Indy,-20.042746,105.76737,117.672134,0.22677847,50.7,56.8,21.8,46.6,16.5,19,27.9,35.5,75,54.8,58.4,32.4,38.5,7.6,7.9,61.9,52.1,42.1,35.7,74.6,72.1,74.3
2026,Air Force,-20.247893,95.56524,112.937983,0.12776776,48.9,55,33.1,34.6,21,15.1,22.2,31.1,67.4,51.1,56.3,30.6,37.6,6.8,11.9,55.9,54.2,41.8,38.8,67.3,64.1,72.7
2026,Southern Indiana,-20.348291,95.1618047,113.626807,0.11512588,44.3,51.8,36.7,35.9,16.7,15.4,29.6,32.6,68.5,43,48.7,29.9,34.1,9.7,14.1,43,40.3,39.7,27.1,68.7,66.6,72.9
2026,Binghamton,-20.431811,97.548208,122.895324,0.06559919,49.9,55.7,42.7,37.6,19.5,12.7,21.4,31.9,65.1,50.6,54.7,32.5,35.8,8,8.8,48.7,48.8,30.9,39.2,66.5,75.3,69.4
2026,Maine,-20.599188,91.6469646,111.346603,0.09629415,49.5,51.6,39.7,35.8,19.8,19.1,20.2,36.7,64.9,51.2,54.5,31.2,29.3,9.1,9,54.4,52.4,37,36.8,65.7,64.3,68.9
2026,UMKC,-21.495839,93.6240109,116.756488,0.0731526,44.5,55.3,29.5,30.5,18.9,17.2,27.4,36.7,71.4,47.6,56.2,28.4,37.6,8.2,9.4,46.2,52.4,36.8,39,70.7,66.2,70.2
2026,Gardner Webb,-22.192001,95.0770278,122.194132,0.05286892,48.3,56.6,28.7,31.8,19.2,15.6,23.4,35.6,70.8,48.6,59,31,36,6.6,10.4,41,55.3,39.8,41,70.6,68.5,72.6
2026,VMI,-22.340416,98.6462592,123.437231,0.0705538,45.9,55.8,31.2,33.9,16.5,16.7,26.5,38.8,67.6,47.9,58.9,31.5,36.5,6.4,10.5,50.7,62.3,53.6,46.5,67.8,72.2,73
2026,Western Illinois,-23.041839,92.9746213,122.015159,0.04205084,45.5,56.8,35.4,34.3,16.5,14.2,25.7,33.6,67.3,43.5,54.6,30.9,35.6,5.2,11.1,37,49.9,33.3,34.6,67.4,66.2,70.5
2026,Louisiana Monroe,-23.170796,100.271993,121.552913,0.09856006,48.1,58.3,36.7,27.6,16.8,15.6,25,34.9,70.7,47.4,58.4,32.2,36.9,8.7,11.7,50.2,58.1,41.9,42.3,71.2,72.7,69.7
2026,Mississippi Valley St.,-24.84154,90.3530684,120.492473,0.03521557,44.8,57.3,31,46.4,20.6,16,24.5,36.4,69.7,45.6,55.3,29.5,37.2,7.9,9,52.9,59.5,30.2,42.5,68.2,71.6,75